areaType,areaName,areaCode,date,newDaily,cumDaily
region,London,E12000007,2020/3/4,1,1
region,London,E12000007,2020/3/5,0,1
region,London,E12000007,2020/3/6,1,2
region,London,E12000007,2020/3/7,0,2
region,London,E12000007,2020/3/8,0,2
region,London,E12000007,2020/3/9,2,4
region,London,E12000007,2020/3/10,1,5
region,London,E12000007,2020/3/11,2,7
region,London,E12000007,2020/3/12,6,13
region,London,E12000007,2020/3/13,6,19
region,London,E12000007,2020/3/14,10,29
region,London,E12000007,2020/3/15,8,37
region,London,E12000007,2020/3/16,15,52
region,London,E12000007,2020/3/17,26,78
region,London,E12000007,2020/3/18,28,106
region,London,E12000007,2020/3/19,31,137
region,London,E12000007,2020/3/20,50,187
region,London,E12000007,2020/3/21,56,243
region,London,E12000007,2020/3/22,63,306
region,London,E12000007,2020/3/23,69,375
region,London,E12000007,2020/3/24,98,473
region,London,E12000007,2020/3/25,135,608
region,London,E12000007,2020/3/26,146,754
region,London,E12000007,2020/3/27,155,909
region,London,E12000007,2020/3/28,148,1057
region,London,E12000007,2020/3/29,175,1232
region,London,E12000007,2020/3/30,196,1428
region,London,E12000007,2020/3/31,239,1667
region,London,E12000007,2020/4/1,237,1904
region,London,E12000007,2020/4/2,255,2159
region,London,E12000007,2020/4/3,267,2426
region,London,E12000007,2020/4/4,287,2713
region,London,E12000007,2020/4/5,273,2986
region,London,E12000007,2020/4/6,273,3259
region,London,E12000007,2020/4/7,295,3554
region,London,E12000007,2020/4/8,327,3881
region,London,E12000007,2020/4/9,275,4156
region,London,E12000007,2020/4/10,241,4397
region,London,E12000007,2020/4/11,249,4646
region,London,E12000007,2020/4/12,237,4883
region,London,E12000007,2020/4/13,228,5111
region,London,E12000007,2020/4/14,212,5323
region,London,E12000007,2020/4/15,203,5526
region,London,E12000007,2020/4/16,202,5728
region,London,E12000007,2020/4/17,170,5898
region,London,E12000007,2020/4/18,167,6065
region,London,E12000007,2020/4/19,156,6221
region,London,E12000007,2020/4/20,145,6366
region,London,E12000007,2020/4/21,142,6508
region,London,E12000007,2020/4/22,135,6643
region,London,E12000007,2020/4/23,120,6763
region,London,E12000007,2020/4/24,121,6884
region,London,E12000007,2020/4/25,79,6963
region,London,E12000007,2020/4/26,84,7047
region,London,E12000007,2020/4/27,74,7121
region,London,E12000007,2020/4/28,80,7201
region,London,E12000007,2020/4/29,76,7277
region,London,E12000007,2020/4/30,78,7355
region,London,E12000007,2020/5/1,60,7415
region,London,E12000007,2020/5/2,78,7493
region,London,E12000007,2020/5/3,58,7551
region,London,E12000007,2020/5/4,53,7604
region,London,E12000007,2020/5/5,52,7656
region,London,E12000007,2020/5/6,58,7714
region,London,E12000007,2020/5/7,53,7767
region,London,E12000007,2020/5/8,47,7814
region,London,E12000007,2020/5/9,30,7844
region,London,E12000007,2020/5/10,41,7885
region,London,E12000007,2020/5/11,45,7930
region,London,E12000007,2020/5/12,30,7960
region,London,E12000007,2020/5/13,25,7985
region,London,E12000007,2020/5/14,33,8018
region,London,E12000007,2020/5/15,26,8044
region,London,E12000007,2020/5/16,23,8067
region,London,E12000007,2020/5/17,22,8089
region,London,E12000007,2020/5/18,24,8113
region,London,E12000007,2020/5/19,27,8140
region,London,E12000007,2020/5/20,22,8162
region,London,E12000007,2020/5/21,22,8184
region,London,E12000007,2020/5/22,17,8201
region,London,E12000007,2020/5/23,13,8214
region,London,E12000007,2020/5/24,15,8229
region,London,E12000007,2020/5/25,14,8243
region,London,E12000007,2020/5/26,23,8266
region,London,E12000007,2020/5/27,14,8280
region,London,E12000007,2020/5/28,10,8290
region,London,E12000007,2020/5/29,11,8301
region,London,E12000007,2020/5/30,17,8318
region,London,E12000007,2020/5/31,12,8330
region,London,E12000007,2020/6/1,13,8343
region,London,E12000007,2020/6/2,15,8358
region,London,E12000007,2020/6/3,6,8364
region,London,E12000007,2020/6/4,11,8375
region,London,E12000007,2020/6/5,7,8382
region,London,E12000007,2020/6/6,3,8385
region,London,E12000007,2020/6/7,7,8392
region,London,E12000007,2020/6/8,9,8401
region,London,E12000007,2020/6/9,8,8409
region,London,E12000007,2020/6/10,7,8416
region,London,E12000007,2020/6/11,6,8422
region,London,E12000007,2020/6/12,10,8432
region,London,E12000007,2020/6/13,6,8438
region,London,E12000007,2020/6/14,9,8447
region,London,E12000007,2020/6/15,4,8451
region,London,E12000007,2020/6/16,4,8455
region,London,E12000007,2020/6/17,3,8458
region,London,E12000007,2020/6/18,0,8458
region,London,E12000007,2020/6/19,11,8469
region,London,E12000007,2020/6/20,4,8473
region,London,E12000007,2020/6/21,1,8474
region,London,E12000007,2020/6/22,5,8479
region,London,E12000007,2020/6/23,5,8484
region,London,E12000007,2020/6/24,8,8492
region,London,E12000007,2020/6/25,5,8497
region,London,E12000007,2020/6/26,6,8503
region,London,E12000007,2020/6/27,0,8503
region,London,E12000007,2020/6/28,4,8507
region,London,E12000007,2020/6/29,4,8511
region,London,E12000007,2020/6/30,4,8515
region,London,E12000007,2020/7/1,5,8520
region,London,E12000007,2020/7/2,3,8523
region,London,E12000007,2020/7/3,2,8525
region,London,E12000007,2020/7/4,2,8527
region,London,E12000007,2020/7/5,4,8531
region,London,E12000007,2020/7/6,4,8535
region,London,E12000007,2020/7/7,1,8536
region,London,E12000007,2020/7/8,3,8539
region,London,E12000007,2020/7/9,3,8542
region,London,E12000007,2020/7/10,2,8544
region,London,E12000007,2020/7/11,4,8548
region,London,E12000007,2020/7/12,1,8549
region,London,E12000007,2020/7/13,3,8552
region,London,E12000007,2020/7/14,3,8555
region,London,E12000007,2020/7/15,1,8556
region,London,E12000007,2020/7/16,1,8557
region,London,E12000007,2020/7/17,4,8561
region,London,E12000007,2020/7/18,1,8562
region,London,E12000007,2020/7/19,1,8563
region,London,E12000007,2020/7/20,1,8564
region,London,E12000007,2020/7/21,3,8567
region,London,E12000007,2020/7/22,4,8571
region,London,E12000007,2020/7/23,5,8576
region,London,E12000007,2020/7/24,3,8579
region,London,E12000007,2020/7/25,1,8580
region,London,E12000007,2020/7/26,2,8582
region,London,E12000007,2020/7/27,1,8583
region,London,E12000007,2020/7/28,2,8585
region,London,E12000007,2020/7/29,1,8586
region,London,E12000007,2020/7/30,0,8586
region,London,E12000007,2020/7/31,2,8588
region,London,E12000007,2020/8/1,2,8590
region,London,E12000007,2020/8/2,3,8593
region,London,E12000007,2020/8/3,0,8593
region,London,E12000007,2020/8/4,1,8594
region,London,E12000007,2020/8/5,0,8594
region,London,E12000007,2020/8/6,3,8597
region,London,E12000007,2020/8/7,0,8597
region,London,E12000007,2020/8/8,3,8600
region,London,E12000007,2020/8/9,1,8601
region,London,E12000007,2020/8/10,2,8603
region,London,E12000007,2020/8/11,2,8605
region,London,E12000007,2020/8/12,1,8606
region,London,E12000007,2020/8/13,3,8609
region,London,E12000007,2020/8/14,2,8611
region,London,E12000007,2020/8/15,0,8611
region,London,E12000007,2020/8/16,0,8611
region,London,E12000007,2020/8/17,1,8612
region,London,E12000007,2020/8/18,1,8613
region,London,E12000007,2020/8/19,0,8613
region,London,E12000007,2020/8/20,2,8615
region,London,E12000007,2020/8/21,0,8615
region,London,E12000007,2020/8/22,1,8616
region,London,E12000007,2020/8/23,0,8616
region,London,E12000007,2020/8/24,0,8616
region,London,E12000007,2020/8/25,1,8617
region,London,E12000007,2020/8/26,1,8618
region,London,E12000007,2020/8/27,0,8618
region,London,E12000007,2020/8/28,0,8618
region,London,E12000007,2020/8/29,1,8619
region,London,E12000007,2020/8/30,0,8619
region,London,E12000007,2020/8/31,1,8620
region,London,E12000007,2020/9/1,1,8621
region,London,E12000007,2020/9/2,0,8621
region,London,E12000007,2020/9/3,1,8622
region,London,E12000007,2020/9/4,0,8622
region,London,E12000007,2020/9/5,0,8622
region,London,E12000007,2020/9/6,2,8624
region,London,E12000007,2020/9/7,0,8624
region,London,E12000007,2020/9/8,1,8625
region,London,E12000007,2020/9/9,1,8626
region,London,E12000007,2020/9/10,3,8629
region,London,E12000007,2020/9/11,3,8632
region,London,E12000007,2020/9/12,0,8632
region,London,E12000007,2020/9/13,0,8632
region,London,E12000007,2020/9/14,0,8632
region,London,E12000007,2020/9/15,4,8636
region,London,E12000007,2020/9/16,1,8637
region,London,E12000007,2020/9/17,5,8642
region,London,E12000007,2020/9/18,2,8644
region,London,E12000007,2020/9/19,6,8650
region,London,E12000007,2020/9/20,4,8654
region,London,E12000007,2020/9/21,3,8657
region,London,E12000007,2020/9/22,5,8662
region,London,E12000007,2020/9/23,8,8670
region,London,E12000007,2020/9/24,2,8672
region,London,E12000007,2020/9/25,1,8673
region,London,E12000007,2020/9/26,2,8675
region,London,E12000007,2020/9/27,2,8677
region,London,E12000007,2020/9/28,6,8683
region,London,E12000007,2020/9/29,8,8691
region,London,E12000007,2020/9/30,7,8698
region,London,E12000007,2020/10/1,5,8703
region,London,E12000007,2020/10/2,2,8705
region,London,E12000007,2020/10/3,4,8709
region,London,E12000007,2020/10/4,2,8711
region,London,E12000007,2020/10/5,9,8720
region,London,E12000007,2020/10/6,5,8725
region,London,E12000007,2020/10/7,7,8732
region,London,E12000007,2020/10/8,6,8738
region,London,E12000007,2020/10/9,9,8747
region,London,E12000007,2020/10/10,4,8751
region,London,E12000007,2020/10/11,4,8755
region,London,E12000007,2020/10/12,4,8759
region,London,E12000007,2020/10/13,4,8763
region,London,E12000007,2020/10/14,7,8770
region,London,E12000007,2020/10/15,13,8783
region,London,E12000007,2020/10/16,7,8790
region,London,E12000007,2020/10/17,4,8794
region,London,E12000007,2020/10/18,6,8800
region,London,E12000007,2020/10/19,9,8809
region,London,E12000007,2020/10/20,7,8816
region,London,E12000007,2020/10/21,13,8829
region,London,E12000007,2020/10/22,11,8840
region,London,E12000007,2020/10/23,5,8845
region,London,E12000007,2020/10/24,18,8863
region,London,E12000007,2020/10/25,10,8873
region,London,E12000007,2020/10/26,11,8884
region,London,E12000007,2020/10/27,14,8898
region,London,E12000007,2020/10/28,19,8917
region,London,E12000007,2020/10/29,15,8932
region,London,E12000007,2020/10/30,13,8945
region,London,E12000007,2020/10/31,7,8952
region,London,E12000007,2020/11/1,18,8970
region,London,E12000007,2020/11/2,20,8990
region,London,E12000007,2020/11/3,15,9005
region,London,E12000007,2020/11/4,15,9020
region,London,E12000007,2020/11/5,19,9039
region,London,E12000007,2020/11/6,13,9052
region,London,E12000007,2020/11/7,24,9076
region,London,E12000007,2020/11/8,21,9097
region,London,E12000007,2020/11/9,24,9121
region,London,E12000007,2020/11/10,15,9136
region,London,E12000007,2020/11/11,12,9148
region,London,E12000007,2020/11/12,22,9170
region,London,E12000007,2020/11/13,14,9184
region,London,E12000007,2020/11/14,19,9203
region,London,E12000007,2020/11/15,18,9221
region,London,E12000007,2020/11/16,33,9254
region,London,E12000007,2020/11/17,33,9287
region,London,E12000007,2020/11/18,22,9309
region,London,E12000007,2020/11/19,27,9336
region,London,E12000007,2020/11/20,28,9364
region,London,E12000007,2020/11/21,22,9386
region,London,E12000007,2020/11/22,35,9421
region,London,E12000007,2020/11/23,21,9442
region,London,E12000007,2020/11/24,32,9474
region,London,E12000007,2020/11/25,37,9511
region,London,E12000007,2020/11/26,28,9539
region,London,E12000007,2020/11/27,27,9566
region,London,E12000007,2020/11/28,29,9595
region,London,E12000007,2020/11/29,52,9647
region,London,E12000007,2020/11/30,27,9674
region,London,E12000007,2020/12/1,21,9695
region,London,E12000007,2020/12/2,29,9724
region,London,E12000007,2020/12/3,33,9757
region,London,E12000007,2020/12/4,32,9789
region,London,E12000007,2020/12/5,30,9819
region,London,E12000007,2020/12/6,29,9848
region,London,E12000007,2020/12/7,37,9885
region,London,E12000007,2020/12/8,39,9924
region,London,E12000007,2020/12/9,31,9955
region,London,E12000007,2020/12/10,32,9987
region,London,E12000007,2020/12/11,29,10016
region,London,E12000007,2020/12/12,46,10062
region,London,E12000007,2020/12/13,32,10094
region,London,E12000007,2020/12/14,39,10133
region,London,E12000007,2020/12/15,46,10179
region,London,E12000007,2020/12/16,35,10214
region,London,E12000007,2020/12/17,60,10274
region,London,E12000007,2020/12/18,53,10327
region,London,E12000007,2020/12/19,48,10375
region,London,E12000007,2020/12/20,51,10426
region,London,E12000007,2020/12/21,59,10485
region,London,E12000007,2020/12/22,89,10574
region,London,E12000007,2020/12/23,76,10650
region,London,E12000007,2020/12/24,68,10718
region,London,E12000007,2020/12/25,93,10811
region,London,E12000007,2020/12/26,97,10908
region,London,E12000007,2020/12/27,106,11014
region,London,E12000007,2020/12/28,112,11126
region,London,E12000007,2020/12/29,111,11237
region,London,E12000007,2020/12/30,136,11373
region,London,E12000007,2020/12/31,143,11516
region,London,E12000007,2021/1/1,144,11660
region,London,E12000007,2021/1/2,165,11825
region,London,E12000007,2021/1/3,145,11970
region,London,E12000007,2021/1/4,178,12148
region,London,E12000007,2021/1/5,190,12338
region,London,E12000007,2021/1/6,175,12513
region,London,E12000007,2021/1/7,194,12707
region,London,E12000007,2021/1/8,189,12896
region,London,E12000007,2021/1/9,183,13079
region,London,E12000007,2021/1/10,201,13280
region,London,E12000007,2021/1/11,198,13478
region,London,E12000007,2021/1/12,211,13689
region,London,E12000007,2021/1/13,219,13908
region,London,E12000007,2021/1/14,215,14123
region,London,E12000007,2021/1/15,190,14313
region,London,E12000007,2021/1/16,212,14525
region,London,E12000007,2021/1/17,212,14737
region,London,E12000007,2021/1/18,223,14960
region,London,E12000007,2021/1/19,228,15188
region,London,E12000007,2021/1/20,194,15382
region,London,E12000007,2021/1/21,200,15582
region,London,E12000007,2021/1/22,176,15758
region,London,E12000007,2021/1/23,174,15932
region,London,E12000007,2021/1/24,161,16093
region,London,E12000007,2021/1/25,169,16262
region,London,E12000007,2021/1/26,145,16407
region,London,E12000007,2021/1/27,151,16558
region,London,E12000007,2021/1/28,136,16694
region,London,E12000007,2021/1/29,139,16833
region,London,E12000007,2021/1/30,108,16941
region,London,E12000007,2021/1/31,115,17056
region,London,E12000007,2021/2/1,114,17170
region,London,E12000007,2021/2/2,122,17292
region,London,E12000007,2021/2/3,124,17416
region,London,E12000007,2021/2/4,82,17498
region,London,E12000007,2021/2/5,107,17605
region,London,E12000007,2021/2/6,89,17694
region,London,E12000007,2021/2/7,84,17778
region,London,E12000007,2021/2/8,86,17864
region,London,E12000007,2021/2/9,68,17932
region,London,E12000007,2021/2/10,78,18010
region,London,E12000007,2021/2/11,64,18074
region,London,E12000007,2021/2/12,62,18136
region,London,E12000007,2021/2/13,63,18199
region,London,E12000007,2021/2/14,59,18258
region,London,E12000007,2021/2/15,55,18313
region,London,E12000007,2021/2/16,62,18375
region,London,E12000007,2021/2/17,59,18434
region,London,E12000007,2021/2/18,61,18495
region,London,E12000007,2021/2/19,53,18548
region,London,E12000007,2021/2/20,36,18584
region,London,E12000007,2021/2/21,53,18637
region,London,E12000007,2021/2/22,47,18684
region,London,E12000007,2021/2/23,35,18719
region,London,E12000007,2021/2/24,34,18753
region,London,E12000007,2021/2/25,28,18781
region,London,E12000007,2021/2/26,30,18811
region,London,E12000007,2021/2/27,25,18836
region,London,E12000007,2021/2/28,25,18861
region,London,E12000007,2021/3/1,34,18895
region,London,E12000007,2021/3/2,27,18922
region,London,E12000007,2021/3/3,17,18939
region,London,E12000007,2021/3/4,21,18960
region,London,E12000007,2021/3/5,27,18987
region,London,E12000007,2021/3/6,24,19011
region,London,E12000007,2021/3/7,22,19033
region,London,E12000007,2021/3/8,15,19048
region,London,E12000007,2021/3/9,16,19064
region,London,E12000007,2021/3/10,14,19078
region,London,E12000007,2021/3/11,20,19098
region,London,E12000007,2021/3/12,5,19103
region,London,E12000007,2021/3/13,16,19119
region,London,E12000007,2021/3/14,10,19129
region,London,E12000007,2021/3/15,14,19143
region,London,E12000007,2021/3/16,9,19152
region,London,E12000007,2021/3/17,13,19165
region,London,E12000007,2021/3/18,9,19174
region,London,E12000007,2021/3/19,7,19181
region,London,E12000007,2021/3/20,7,19188
region,London,E12000007,2021/3/21,16,19204
region,London,E12000007,2021/3/22,10,19214
region,London,E12000007,2021/3/23,5,19219
region,London,E12000007,2021/3/24,11,19230
region,London,E12000007,2021/3/25,6,19236
region,London,E12000007,2021/3/26,2,19238
region,London,E12000007,2021/3/27,11,19249
region,London,E12000007,2021/3/28,9,19258
region,London,E12000007,2021/3/29,2,19260
region,London,E12000007,2021/3/30,5,19265
region,London,E12000007,2021/3/31,8,19273
region,London,E12000007,2021/4/1,6,19279
region,London,E12000007,2021/4/2,3,19282
region,London,E12000007,2021/4/3,8,19290
region,London,E12000007,2021/4/4,4,19294
region,London,E12000007,2021/4/5,6,19300
region,London,E12000007,2021/4/6,1,19301
region,London,E12000007,2021/4/7,2,19303
region,London,E12000007,2021/4/8,8,19311
region,London,E12000007,2021/4/9,5,19316
region,London,E12000007,2021/4/10,8,19324
region,London,E12000007,2021/4/11,4,19328
region,London,E12000007,2021/4/12,3,19331
region,London,E12000007,2021/4/13,4,19335
region,London,E12000007,2021/4/14,2,19337
region,London,E12000007,2021/4/15,8,19345
region,London,E12000007,2021/4/16,3,19348
region,London,E12000007,2021/4/17,2,19350
region,London,E12000007,2021/4/18,3,19353
region,London,E12000007,2021/4/19,4,19357
region,London,E12000007,2021/4/20,2,19359
region,London,E12000007,2021/4/21,1,19360
region,London,E12000007,2021/4/22,2,19362
region,London,E12000007,2021/4/23,1,19363
region,London,E12000007,2021/4/24,1,19364
region,London,E12000007,2021/4/25,3,19367
region,London,E12000007,2021/4/26,0,19367
region,London,E12000007,2021/4/27,2,19369
region,London,E12000007,2021/4/28,5,19374
region,London,E12000007,2021/4/29,1,19375
region,London,E12000007,2021/4/30,3,19378
region,London,E12000007,2021/5/1,4,19382
region,London,E12000007,2021/5/2,2,19384
region,London,E12000007,2021/5/3,2,19386
region,London,E12000007,2021/5/4,1,19387
region,London,E12000007,2021/5/5,5,19392
region,London,E12000007,2021/5/6,1,19393
region,London,E12000007,2021/5/7,3,19396
region,London,E12000007,2021/5/8,1,19397
region,London,E12000007,2021/5/9,1,19398
region,London,E12000007,2021/5/10,3,19401
region,London,E12000007,2021/5/11,0,19401
region,London,E12000007,2021/5/12,1,19402
region,London,E12000007,2021/5/13,1,19403
region,London,E12000007,2021/5/14,1,19404
region,London,E12000007,2021/5/15,1,19405
region,London,E12000007,2021/5/16,2,19407
region,London,E12000007,2021/5/17,0,19407
region,London,E12000007,2021/5/18,0,19407
region,London,E12000007,2021/5/19,0,19407
region,London,E12000007,2021/5/20,3,19410
region,London,E12000007,2021/5/21,4,19414
region,London,E12000007,2021/5/22,1,19415
region,London,E12000007,2021/5/23,3,19418
region,London,E12000007,2021/5/24,3,19421
region,London,E12000007,2021/5/25,0,19421
region,London,E12000007,2021/5/26,4,19425
region,London,E12000007,2021/5/27,2,19427
region,London,E12000007,2021/5/28,2,19429
region,London,E12000007,2021/5/29,3,19432
region,London,E12000007,2021/5/30,1,19433
region,London,E12000007,2021/5/31,1,19434
region,London,E12000007,2021/6/1,0,19434
region,London,E12000007,2021/6/2,1,19435
region,London,E12000007,2021/6/3,1,19436
region,London,E12000007,2021/6/4,2,19438
region,London,E12000007,2021/6/5,1,19439
region,London,E12000007,2021/6/6,4,19443
region,London,E12000007,2021/6/7,1,19444
region,London,E12000007,2021/6/8,2,19446
region,London,E12000007,2021/6/9,5,19451
region,London,E12000007,2021/6/10,1,19452
region,London,E12000007,2021/6/11,0,19452
region,London,E12000007,2021/6/12,5,19457
region,London,E12000007,2021/6/13,3,19460
region,London,E12000007,2021/6/14,0,19460
region,London,E12000007,2021/6/15,2,19462
region,London,E12000007,2021/6/16,2,19464
region,London,E12000007,2021/6/17,2,19466
region,London,E12000007,2021/6/18,4,19470
region,London,E12000007,2021/6/19,2,19472
region,London,E12000007,2021/6/20,1,19473
region,London,E12000007,2021/6/21,0,19473
region,London,E12000007,2021/6/22,1,19474
region,London,E12000007,2021/6/23,0,19474
region,London,E12000007,2021/6/24,3,19477
region,London,E12000007,2021/6/25,4,19481
region,London,E12000007,2021/6/26,0,19481
region,London,E12000007,2021/6/27,3,19484
region,London,E12000007,2021/6/28,2,19486
region,London,E12000007,2021/6/29,2,19488
region,London,E12000007,2021/6/30,5,19493
region,London,E12000007,2021/7/1,4,19497
region,London,E12000007,2021/7/2,1,19498
region,London,E12000007,2021/7/3,5,19503
region,London,E12000007,2021/7/4,1,19504
region,London,E12000007,2021/7/5,2,19506
region,London,E12000007,2021/7/6,3,19509
region,London,E12000007,2021/7/7,3,19512
region,London,E12000007,2021/7/8,2,19514
region,London,E12000007,2021/7/9,2,19516
region,London,E12000007,2021/7/10,4,19520
region,London,E12000007,2021/7/11,1,19521
region,London,E12000007,2021/7/12,3,19524
region,London,E12000007,2021/7/13,4,19528
region,London,E12000007,2021/7/14,5,19533
region,London,E12000007,2021/7/15,2,19535
region,London,E12000007,2021/7/16,4,19539
region,London,E12000007,2021/7/17,7,19546
region,London,E12000007,2021/7/18,8,19554
region,London,E12000007,2021/7/19,9,19563
region,London,E12000007,2021/7/20,9,19572
region,London,E12000007,2021/7/21,7,19579
region,London,E12000007,2021/7/22,6,19585
region,London,E12000007,2021/7/23,10,19595
region,London,E12000007,2021/7/24,7,19602
region,London,E12000007,2021/7/25,6,19608
region,London,E12000007,2021/7/26,9,19617
region,London,E12000007,2021/7/27,4,19621
region,London,E12000007,2021/7/28,10,19631
region,London,E12000007,2021/7/29,12,19643
region,London,E12000007,2021/7/30,13,19656
region,London,E12000007,2021/7/31,8,19664
region,London,E12000007,2021/8/1,11,19675
region,London,E12000007,2021/8/2,10,19685
region,London,E12000007,2021/8/3,7,19692
region,London,E12000007,2021/8/4,17,19709
region,London,E12000007,2021/8/5,15,19724
region,London,E12000007,2021/8/6,9,19733
region,London,E12000007,2021/8/7,9,19742
region,London,E12000007,2021/8/8,10,19752
region,London,E12000007,2021/8/9,8,19760
region,London,E12000007,2021/8/10,11,19771
region,London,E12000007,2021/8/11,14,19785
region,London,E12000007,2021/8/12,16,19801
region,London,E12000007,2021/8/13,6,19807
region,London,E12000007,2021/8/14,13,19820
region,London,E12000007,2021/8/15,14,19834
region,London,E12000007,2021/8/16,10,19844
region,London,E12000007,2021/8/17,9,19853
region,London,E12000007,2021/8/18,9,19862
region,London,E12000007,2021/8/19,15,19877
region,London,E12000007,2021/8/20,22,19899
region,London,E12000007,2021/8/21,18,19917
region,London,E12000007,2021/8/22,12,19929
region,London,E12000007,2021/8/23,12,19941
region,London,E12000007,2021/8/24,11,19952
region,London,E12000007,2021/8/25,13,19965
region,London,E12000007,2021/8/26,16,19981
region,London,E12000007,2021/8/27,12,19993
region,London,E12000007,2021/8/28,17,20010
region,London,E12000007,2021/8/29,10,20020
region,London,E12000007,2021/8/30,9,20029
region,London,E12000007,2021/8/31,12,20041
region,London,E12000007,2021/9/1,12,20053
region,London,E12000007,2021/9/2,14,20067
region,London,E12000007,2021/9/3,23,20090
region,London,E12000007,2021/9/4,8,20098
region,London,E12000007,2021/9/5,14,20112
region,London,E12000007,2021/9/6,17,20129
region,London,E12000007,2021/9/7,13,20142
region,London,E12000007,2021/9/8,14,20156
region,London,E12000007,2021/9/9,21,20177
region,London,E12000007,2021/9/10,10,20187
region,London,E12000007,2021/9/11,13,20200
region,London,E12000007,2021/9/12,8,20208
region,London,E12000007,2021/9/13,5,20213
region,London,E12000007,2021/9/14,14,20227
region,London,E12000007,2021/9/15,17,20244
region,London,E12000007,2021/9/16,11,20255
region,London,E12000007,2021/9/17,9,20264
region,London,E12000007,2021/9/18,10,20274
region,London,E12000007,2021/9/19,8,20282
region,London,E12000007,2021/9/20,11,20293
region,London,E12000007,2021/9/21,10,20303
region,London,E12000007,2021/9/22,13,20316
region,London,E12000007,2021/9/23,18,20334
region,London,E12000007,2021/9/24,16,20350
region,London,E12000007,2021/9/25,10,20360
region,London,E12000007,2021/9/26,11,20371
region,London,E12000007,2021/9/27,19,20390
region,London,E12000007,2021/9/28,18,20408
region,London,E12000007,2021/9/29,15,20423
region,London,E12000007,2021/9/30,17,20440
region,London,E12000007,2021/10/1,16,20456
region,London,E12000007,2021/10/2,11,20467
region,London,E12000007,2021/10/3,7,20474
region,London,E12000007,2021/10/4,11,20485
region,London,E12000007,2021/10/5,14,20499
region,London,E12000007,2021/10/6,11,20510
region,London,E12000007,2021/10/7,10,20520
region,London,E12000007,2021/10/8,11,20531
region,London,E12000007,2021/10/9,15,20546
region,London,E12000007,2021/10/10,11,20557
region,London,E12000007,2021/10/11,12,20569
region,London,E12000007,2021/10/12,8,20577
region,London,E12000007,2021/10/13,6,20583
region,London,E12000007,2021/10/14,18,20601
region,London,E12000007,2021/10/15,6,20607
region,London,E12000007,2021/10/16,12,20619
region,London,E12000007,2021/10/17,15,20634
region,London,E12000007,2021/10/18,13,20647
region,London,E12000007,2021/10/19,11,20658
region,London,E12000007,2021/10/20,5,20663
region,London,E12000007,2021/10/21,12,20675
region,London,E12000007,2021/10/22,12,20687
region,London,E12000007,2021/10/23,8,20695
region,London,E12000007,2021/10/24,10,20705
region,London,E12000007,2021/10/25,13,20718
region,London,E12000007,2021/10/26,11,20729
region,London,E12000007,2021/10/27,19,20748
region,London,E12000007,2021/10/28,11,20759
region,London,E12000007,2021/10/29,9,20768
region,London,E12000007,2021/10/30,10,20778
region,London,E12000007,2021/10/31,11,20789
region,London,E12000007,2021/11/1,16,20805
region,London,E12000007,2021/11/2,15,20820
region,London,E12000007,2021/11/3,9,20829
region,London,E12000007,2021/11/4,11,20840
region,London,E12000007,2021/11/5,15,20855
region,London,E12000007,2021/11/6,17,20872
region,London,E12000007,2021/11/7,13,20885
region,London,E12000007,2021/11/8,18,20903
region,London,E12000007,2021/11/9,11,20914
region,London,E12000007,2021/11/10,18,20932
region,London,E12000007,2021/11/11,14,20946
region,London,E12000007,2021/11/12,8,20954
region,London,E12000007,2021/11/13,14,20968
region,London,E12000007,2021/11/14,9,20977
region,London,E12000007,2021/11/15,13,20990
region,London,E12000007,2021/11/16,10,21000
region,London,E12000007,2021/11/17,8,21008
region,London,E12000007,2021/11/18,6,21014
region,London,E12000007,2021/11/19,9,21023
region,London,E12000007,2021/11/20,12,21035
region,London,E12000007,2021/11/21,8,21043
region,London,E12000007,2021/11/22,12,21055
region,London,E12000007,2021/11/23,12,21067
region,London,E12000007,2021/11/24,14,21081
region,London,E12000007,2021/11/25,11,21092
region,London,E12000007,2021/11/26,9,21101
region,London,E12000007,2021/11/27,10,21111
region,London,E12000007,2021/11/28,13,21124
region,London,E12000007,2021/11/29,9,21133
region,London,E12000007,2021/11/30,18,21151
region,London,E12000007,2021/12/1,10,21161
region,London,E12000007,2021/12/2,9,21170
region,London,E12000007,2021/12/3,16,21186
region,London,E12000007,2021/12/4,15,21201
region,London,E12000007,2021/12/5,13,21214
region,London,E12000007,2021/12/6,19,21233
region,London,E12000007,2021/12/7,12,21245
region,London,E12000007,2021/12/8,12,21257
region,London,E12000007,2021/12/9,11,21268
region,London,E12000007,2021/12/10,19,21287
region,London,E12000007,2021/12/11,12,21299
region,London,E12000007,2021/12/12,23,21322
region,London,E12000007,2021/12/13,15,21337
region,London,E12000007,2021/12/14,20,21357
region,London,E12000007,2021/12/15,11,21368
region,London,E12000007,2021/12/16,12,21380
region,London,E12000007,2021/12/17,14,21394
region,London,E12000007,2021/12/18,16,21410
region,London,E12000007,2021/12/19,18,21428
region,London,E12000007,2021/12/20,11,21439
region,London,E12000007,2021/12/21,14,21453
region,London,E12000007,2021/12/22,20,21473
region,London,E12000007,2021/12/23,24,21497
region,London,E12000007,2021/12/24,24,21521
region,London,E12000007,2021/12/25,14,21535
region,London,E12000007,2021/12/26,23,21558
region,London,E12000007,2021/12/27,25,21583
region,London,E12000007,2021/12/28,25,21608
region,London,E12000007,2021/12/29,28,21636
region,London,E12000007,2021/12/30,34,21670
region,London,E12000007,2021/12/31,17,21687
region,London,E12000007,2022/1/1,33,21720
region,London,E12000007,2022/1/2,40,21760
region,London,E12000007,2022/1/3,30,21790
region,London,E12000007,2022/1/4,27,21817
region,London,E12000007,2022/1/5,24,21841
region,London,E12000007,2022/1/6,39,21880
region,London,E12000007,2022/1/7,32,21912
region,London,E12000007,2022/1/8,35,21947
region,London,E12000007,2022/1/9,35,21982
region,London,E12000007,2022/1/10,35,22017
region,London,E12000007,2022/1/11,40,22057
region,London,E12000007,2022/1/12,31,22088
region,London,E12000007,2022/1/13,38,22126
region,London,E12000007,2022/1/14,40,22166
region,London,E12000007,2022/1/15,38,22204
region,London,E12000007,2022/1/16,35,22239
region,London,E12000007,2022/1/17,25,22264
region,London,E12000007,2022/1/18,33,22297
region,London,E12000007,2022/1/19,20,22317
region,London,E12000007,2022/1/20,22,22339
region,London,E12000007,2022/1/21,34,22373
region,London,E12000007,2022/1/22,28,22401
region,London,E12000007,2022/1/23,20,22421
region,London,E12000007,2022/1/24,28,22449
region,London,E12000007,2022/1/25,21,22470
region,London,E12000007,2022/1/26,24,22494
region,London,E12000007,2022/1/27,16,22510
region,London,E12000007,2022/1/28,20,22530
region,London,E12000007,2022/1/29,20,22550
region,London,E12000007,2022/1/30,19,22569
region,London,E12000007,2022/1/31,13,22582
region,London,E12000007,2022/2/1,17,22599
region,London,E12000007,2022/2/2,19,22618
region,London,E12000007,2022/2/3,12,22630
region,London,E12000007,2022/2/4,22,22652
region,London,E12000007,2022/2/5,12,22664
region,London,E12000007,2022/2/6,9,22673
region,London,E12000007,2022/2/7,15,22688
region,London,E12000007,2022/2/8,9,22697
region,London,E12000007,2022/2/9,8,22705
region,London,E12000007,2022/2/10,10,22715
region,London,E12000007,2022/2/11,14,22729
region,London,E12000007,2022/2/12,8,22737
region,London,E12000007,2022/2/13,15,22752
region,London,E12000007,2022/2/14,16,22768
region,London,E12000007,2022/2/15,9,22777
region,London,E12000007,2022/2/16,10,22787
region,London,E12000007,2022/2/17,13,22800
region,London,E12000007,2022/2/18,9,22809
region,London,E12000007,2022/2/19,4,22813
region,London,E12000007,2022/2/20,11,22824
region,London,E12000007,2022/2/21,14,22838
region,London,E12000007,2022/2/22,9,22847
region,London,E12000007,2022/2/23,7,22854
region,London,E12000007,2022/2/24,8,22862
region,London,E12000007,2022/2/25,7,22869
region,London,E12000007,2022/2/26,6,22875
region,London,E12000007,2022/2/27,14,22889
region,London,E12000007,2022/2/28,3,22892
region,London,E12000007,2022/3/1,8,22900
region,London,E12000007,2022/3/2,9,22909
region,London,E12000007,2022/3/3,7,22916
region,London,E12000007,2022/3/4,8,22924
region,London,E12000007,2022/3/5,4,22928
region,London,E12000007,2022/3/6,8,22936
region,London,E12000007,2022/3/7,8,22944
region,London,E12000007,2022/3/8,11,22955
region,London,E12000007,2022/3/9,7,22962
region,London,E12000007,2022/3/10,6,22968
region,London,E12000007,2022/3/11,11,22979
region,London,E12000007,2022/3/12,16,22995
region,London,E12000007,2022/3/13,8,23003
region,London,E12000007,2022/3/14,10,23013
region,London,E12000007,2022/3/15,8,23021
region,London,E12000007,2022/3/16,14,23035
region,London,E12000007,2022/3/17,11,23046
region,London,E12000007,2022/3/18,12,23058
region,London,E12000007,2022/3/19,13,23071
region,London,E12000007,2022/3/20,12,23083
region,London,E12000007,2022/3/21,8,23091
region,London,E12000007,2022/3/22,11,23102
region,London,E12000007,2022/3/23,7,23109
region,London,E12000007,2022/3/24,8,23117
region,London,E12000007,2022/3/25,12,23129
region,London,E12000007,2022/3/26,9,23138
region,London,E12000007,2022/3/27,6,23144
region,London,E12000007,2022/3/28,11,23155
region,London,E12000007,2022/3/29,11,23166
region,London,E12000007,2022/3/30,12,23178
region,London,E12000007,2022/3/31,14,23192
region,London,E12000007,2022/4/1,14,23206
region,London,E12000007,2022/4/2,13,23219
region,London,E12000007,2022/4/3,18,23237
region,London,E12000007,2022/4/4,7,23244
region,London,E12000007,2022/4/5,11,23255
region,London,E12000007,2022/4/6,18,23273
region,London,E12000007,2022/4/7,18,23291
region,London,E12000007,2022/4/8,9,23300
region,London,E12000007,2022/4/9,11,23311
region,London,E12000007,2022/4/10,11,23322
region,London,E12000007,2022/4/11,16,23338
region,London,E12000007,2022/4/12,13,23351
region,London,E12000007,2022/4/13,16,23367
region,London,E12000007,2022/4/14,15,23382
region,London,E12000007,2022/4/15,8,23390
region,London,E12000007,2022/4/16,12,23402
region,London,E12000007,2022/4/17,13,23415
region,London,E12000007,2022/4/18,12,23427
region,London,E12000007,2022/4/19,13,23440
region,London,E12000007,2022/4/20,10,23450
region,London,E12000007,2022/4/21,13,23463
region,London,E12000007,2022/4/22,9,23472
region,London,E12000007,2022/4/23,11,23483
region,London,E12000007,2022/4/24,6,23489
region,London,E12000007,2022/4/25,12,23501
region,London,E12000007,2022/4/26,5,23506
region,London,E12000007,2022/4/27,10,23516
region,London,E12000007,2022/4/28,8,23524
region,London,E12000007,2022/4/29,3,23527
region,London,E12000007,2022/4/30,5,23532
region,London,E12000007,2022/5/1,13,23545
region,London,E12000007,2022/5/2,6,23551
region,London,E12000007,2022/5/3,12,23563
region,London,E12000007,2022/5/4,7,23570
region,London,E12000007,2022/5/5,5,23575
region,London,E12000007,2022/5/6,6,23581
region,London,E12000007,2022/5/7,8,23589
region,London,E12000007,2022/5/8,5,23594
region,London,E12000007,2022/5/9,5,23599
region,London,E12000007,2022/5/10,9,23608
region,London,E12000007,2022/5/11,2,23610
region,London,E12000007,2022/5/12,5,23615
region,London,E12000007,2022/5/13,6,23621
region,London,E12000007,2022/5/14,6,23627
region,London,E12000007,2022/5/15,4,23631
region,London,E12000007,2022/5/16,2,23633
region,London,E12000007,2022/5/17,3,23636
region,London,E12000007,2022/5/18,2,23638
region,London,E12000007,2022/5/19,2,23640
region,London,E12000007,2022/5/20,3,23643
region,London,E12000007,2022/5/21,5,23648
region,London,E12000007,2022/5/22,7,23655
region,London,E12000007,2022/5/23,4,23659
region,London,E12000007,2022/5/24,5,23664
region,London,E12000007,2022/5/25,5,23669
region,London,E12000007,2022/5/26,7,23676
region,London,E12000007,2022/5/27,10,23686
region,London,E12000007,2022/5/28,2,23688
region,London,E12000007,2022/5/29,2,23690
region,London,E12000007,2022/5/30,5,23695
region,London,E12000007,2022/5/31,3,23698
region,London,E12000007,2022/6/1,2,23700
region,London,E12000007,2022/6/2,5,23705
region,London,E12000007,2022/6/3,2,23707
region,London,E12000007,2022/6/4,5,23712
region,London,E12000007,2022/6/5,1,23713
region,London,E12000007,2022/6/6,3,23716
region,London,E12000007,2022/6/7,5,23721
region,London,E12000007,2022/6/8,5,23726
region,London,E12000007,2022/6/9,3,23729
region,London,E12000007,2022/6/10,4,23733
region,London,E12000007,2022/6/11,0,23733
region,London,E12000007,2022/6/12,2,23735
region,London,E12000007,2022/6/13,1,23736
region,London,E12000007,2022/6/14,8,23744
region,London,E12000007,2022/6/15,6,23750
region,London,E12000007,2022/6/16,5,23755
region,London,E12000007,2022/6/17,4,23759
region,London,E12000007,2022/6/18,6,23765
region,London,E12000007,2022/6/19,3,23768
region,London,E12000007,2022/6/20,4,23772
region,London,E12000007,2022/6/21,7,23779
region,London,E12000007,2022/6/22,8,23787
region,London,E12000007,2022/6/23,9,23796
region,London,E12000007,2022/6/24,4,23800
region,London,E12000007,2022/6/25,6,23806
region,London,E12000007,2022/6/26,8,23814
region,London,E12000007,2022/6/27,7,23821
region,London,E12000007,2022/6/28,3,23824
region,London,E12000007,2022/6/29,8,23832
region,London,E12000007,2022/6/30,4,23836
region,London,E12000007,2022/7/1,3,23839
region,London,E12000007,2022/7/2,10,23849
region,London,E12000007,2022/7/3,7,23856
region,London,E12000007,2022/7/4,9,23865
region,London,E12000007,2022/7/5,12,23877
region,London,E12000007,2022/7/6,10,23887
region,London,E12000007,2022/7/7,12,23899
region,London,E12000007,2022/7/8,9,23908
region,London,E12000007,2022/7/9,11,23919
region,London,E12000007,2022/7/10,11,23930
region,London,E12000007,2022/7/11,13,23943
region,London,E12000007,2022/7/12,12,23955
region,London,E12000007,2022/7/13,13,23968
region,London,E12000007,2022/7/14,5,23973
region,London,E12000007,2022/7/15,11,23984
region,London,E12000007,2022/7/16,13,23997
region,London,E12000007,2022/7/17,17,24014
region,London,E12000007,2022/7/18,13,24027
region,London,E12000007,2022/7/19,15,24042
region,London,E12000007,2022/7/20,20,24062
region,London,E12000007,2022/7/21,12,24074
region,London,E12000007,2022/7/22,9,24083
region,London,E12000007,2022/7/23,13,24096
region,London,E12000007,2022/7/24,7,24103
region,London,E12000007,2022/7/25,12,24115
region,London,E12000007,2022/7/26,11,24126
region,London,E12000007,2022/7/27,14,24140
region,London,E12000007,2022/7/28,11,24151
region,London,E12000007,2022/7/29,8,24159
region,London,E12000007,2022/7/30,8,24167
region,London,E12000007,2022/7/31,4,24171
region,London,E12000007,2022/8/1,8,24179
region,London,E12000007,2022/8/2,14,24193
region,London,E12000007,2022/8/3,12,24205
region,London,E12000007,2022/8/4,6,24211
region,London,E12000007,2022/8/5,4,24215
region,London,E12000007,2022/8/6,8,24223
region,London,E12000007,2022/8/7,12,24235
region,London,E12000007,2022/8/8,14,24249
region,London,E12000007,2022/8/9,8,24257
region,London,E12000007,2022/8/10,6,24263
region,London,E12000007,2022/8/11,12,24275
region,London,E12000007,2022/8/12,11,24286
region,London,E12000007,2022/8/13,12,24298
region,London,E12000007,2022/8/14,6,24304
region,London,E12000007,2022/8/15,5,24309
region,London,E12000007,2022/8/16,8,24317
region,London,E12000007,2022/8/17,6,24323
region,London,E12000007,2022/8/18,5,24328
region,London,E12000007,2022/8/19,8,24336
region,London,E12000007,2022/8/20,8,24344
region,London,E12000007,2022/8/21,6,24350
region,London,E12000007,2022/8/22,5,24355
region,London,E12000007,2022/8/23,6,24361
region,London,E12000007,2022/8/24,4,24365
region,London,E12000007,2022/8/25,5,24370
region,London,E12000007,2022/8/26,5,24375
region,London,E12000007,2022/8/27,5,24380
region,London,E12000007,2022/8/28,3,24383
region,London,E12000007,2022/8/29,8,24391
region,London,E12000007,2022/8/30,4,24395
region,London,E12000007,2022/8/31,6,24401
region,London,E12000007,2022/9/1,6,24407
region,London,E12000007,2022/9/2,3,24410
region,London,E12000007,2022/9/3,0,24410
region,London,E12000007,2022/9/4,4,24414
region,London,E12000007,2022/9/5,4,24418
region,London,E12000007,2022/9/6,2,24420
region,London,E12000007,2022/9/7,3,24423
region,London,E12000007,2022/9/8,3,24426
region,London,E12000007,2022/9/9,3,24429
region,London,E12000007,2022/9/10,1,24430
region,London,E12000007,2022/9/11,3,24433
region,London,E12000007,2022/9/12,7,24440
region,London,E12000007,2022/9/13,4,24444
region,London,E12000007,2022/9/14,3,24447
region,London,E12000007,2022/9/15,4,24451
region,London,E12000007,2022/9/16,2,24453
region,London,E12000007,2022/9/17,2,24455
region,London,E12000007,2022/9/18,6,24461
region,London,E12000007,2022/9/19,2,24463
region,London,E12000007,2022/9/20,4,24467
region,London,E12000007,2022/9/21,3,24470
region,London,E12000007,2022/9/22,4,24474
region,London,E12000007,2022/9/23,1,24475
region,London,E12000007,2022/9/24,4,24479
region,London,E12000007,2022/9/25,6,24485
region,London,E12000007,2022/9/26,6,24491
region,London,E12000007,2022/9/27,3,24494
region,London,E12000007,2022/9/28,6,24500
region,London,E12000007,2022/9/29,6,24506
region,London,E12000007,2022/9/30,2,24508
region,London,E12000007,2022/10/1,8,24516
region,London,E12000007,2022/10/2,2,24518
region,London,E12000007,2022/10/3,4,24522
region,London,E12000007,2022/10/4,3,24525
region,London,E12000007,2022/10/5,6,24531
region,London,E12000007,2022/10/6,6,24537
region,London,E12000007,2022/10/7,6,24543
region,London,E12000007,2022/10/8,4,24547
region,London,E12000007,2022/10/9,6,24553
region,London,E12000007,2022/10/10,5,24558
region,London,E12000007,2022/10/11,11,24569
region,London,E12000007,2022/10/12,10,24579
region,London,E12000007,2022/10/13,10,24589
region,London,E12000007,2022/10/14,12,24601
region,London,E12000007,2022/10/15,9,24610
region,London,E12000007,2022/10/16,10,24620
region,London,E12000007,2022/10/17,15,24635
region,London,E12000007,2022/10/18,10,24645
region,London,E12000007,2022/10/19,7,24652
region,London,E12000007,2022/10/20,7,24659
region,London,E12000007,2022/10/21,11,24670
region,London,E12000007,2022/10/22,6,24676
region,London,E12000007,2022/10/23,8,24684
region,London,E12000007,2022/10/24,12,24696
region,London,E12000007,2022/10/25,11,24707
region,London,E12000007,2022/10/26,9,24716
region,London,E12000007,2022/10/27,12,24728
region,London,E12000007,2022/10/28,12,24740
region,London,E12000007,2022/10/29,10,24750
region,London,E12000007,2022/10/30,16,24766
region,London,E12000007,2022/10/31,5,24771
region,London,E12000007,2022/11/1,11,24782
region,London,E12000007,2022/11/2,5,24787
region,London,E12000007,2022/11/3,4,24791
region,London,E12000007,2022/11/4,15,24806
region,London,E12000007,2022/11/5,4,24810
region,London,E12000007,2022/11/6,6,24816
region,London,E12000007,2022/11/7,9,24825
region,London,E12000007,2022/11/8,4,24829
region,London,E12000007,2022/11/9,7,24836
region,London,E12000007,2022/11/10,7,24843
region,London,E12000007,2022/11/11,7,24850
region,London,E12000007,2022/11/12,3,24853
region,London,E12000007,2022/11/13,6,24859
region,London,E12000007,2022/11/14,8,24867
region,London,E12000007,2022/11/15,6,24873
region,London,E12000007,2022/11/16,9,24882
region,London,E12000007,2022/11/17,7,24889
region,London,E12000007,2022/11/18,5,24894
region,London,E12000007,2022/11/19,8,24902
region,London,E12000007,2022/11/20,7,24909
region,London,E12000007,2022/11/21,3,24912
region,London,E12000007,2022/11/22,4,24916
region,London,E12000007,2022/11/23,7,24923
region,London,E12000007,2022/11/24,3,24926
region,London,E12000007,2022/11/25,5,24931
region,London,E12000007,2022/11/26,5,24936
region,London,E12000007,2022/11/27,9,24945
region,London,E12000007,2022/11/28,5,24950
region,London,E12000007,2022/11/29,5,24955
region,London,E12000007,2022/11/30,7,24962
region,London,E12000007,2022/12/1,10,24972
region,London,E12000007,2022/12/2,6,24978
region,London,E12000007,2022/12/3,7,24985
region,London,E12000007,2022/12/4,5,24990
region,London,E12000007,2022/12/5,8,24998
region,London,E12000007,2022/12/6,7,25005
region,London,E12000007,2022/12/7,11,25016
region,London,E12000007,2022/12/8,9,25025
region,London,E12000007,2022/12/9,6,25031
region,London,E12000007,2022/12/10,8,25039
region,London,E12000007,2022/12/11,10,25049
region,London,E12000007,2022/12/12,10,25059
region,London,E12000007,2022/12/13,13,25072
region,London,E12000007,2022/12/14,8,25080
region,London,E12000007,2022/12/15,4,25084
region,London,E12000007,2022/12/16,6,25090
region,London,E12000007,2022/12/17,10,25100
region,London,E12000007,2022/12/18,15,25115
region,London,E12000007,2022/12/19,11,25126
region,London,E12000007,2022/12/20,10,25136
region,London,E12000007,2022/12/21,11,25147
region,London,E12000007,2022/12/22,7,25154
region,London,E12000007,2022/12/23,13,25167
region,London,E12000007,2022/12/24,14,25181
region,London,E12000007,2022/12/25,15,25196
region,London,E12000007,2022/12/26,13,25209
region,London,E12000007,2022/12/27,12,25221
region,London,E12000007,2022/12/28,6,25227
region,London,E12000007,2022/12/29,6,25233
region,London,E12000007,2022/12/30,13,25246
region,London,E12000007,2022/12/31,17,25263
region,London,E12000007,2023/1/1,10,25273
region,London,E12000007,2023/1/2,12,25285
region,London,E12000007,2023/1/3,17,25302
region,London,E12000007,2023/1/4,12,25314
region,London,E12000007,2023/1/5,11,25325
region,London,E12000007,2023/1/6,14,25339
region,London,E12000007,2023/1/7,8,25347
region,London,E12000007,2023/1/8,8,25355
region,London,E12000007,2023/1/9,8,25363
region,London,E12000007,2023/1/10,7,25370
region,London,E12000007,2023/1/11,9,25379
region,London,E12000007,2023/1/12,12,25391
region,London,E12000007,2023/1/13,6,25397
region,London,E12000007,2023/1/14,5,25402
region,London,E12000007,2023/1/15,10,25412
region,London,E12000007,2023/1/16,9,25421
region,London,E12000007,2023/1/17,9,25430
region,London,E12000007,2023/1/18,5,25435
region,London,E12000007,2023/1/19,8,25443
region,London,E12000007,2023/1/20,5,25448
region,London,E12000007,2023/1/21,4,25452
region,London,E12000007,2023/1/22,7,25459
region,London,E12000007,2023/1/23,6,25465
region,London,E12000007,2023/1/24,7,25472
region,London,E12000007,2023/1/25,4,25476
region,London,E12000007,2023/1/26,6,25482
region,London,E12000007,2023/1/27,10,25492
region,London,E12000007,2023/1/28,4,25496
region,London,E12000007,2023/1/29,5,25501
region,London,E12000007,2023/1/30,8,25509
region,London,E12000007,2023/1/31,1,25510
region,London,E12000007,2023/2/1,6,25516
region,London,E12000007,2023/2/2,6,25522
region,London,E12000007,2023/2/3,8,25530
region,London,E12000007,2023/2/4,4,25534
region,London,E12000007,2023/2/5,3,25537
region,London,E12000007,2023/2/6,8,25545
region,London,E12000007,2023/2/7,6,25551
region,London,E12000007,2023/2/8,5,25556
region,London,E12000007,2023/2/9,2,25558
region,London,E12000007,2023/2/10,1,25559
region,London,E12000007,2023/2/11,5,25564
region,London,E12000007,2023/2/12,4,25568
region,London,E12000007,2023/2/13,6,25574
region,London,E12000007,2023/2/14,6,25580
region,London,E12000007,2023/2/15,6,25586
region,London,E12000007,2023/2/16,7,25593
region,London,E12000007,2023/2/17,4,25597
region,London,E12000007,2023/2/18,4,25601
region,London,E12000007,2023/2/19,5,25606
region,London,E12000007,2023/2/20,10,25616
region,London,E12000007,2023/2/21,4,25620
region,London,E12000007,2023/2/22,12,25632
region,London,E12000007,2023/2/23,9,25641
region,London,E12000007,2023/2/24,4,25645
region,London,E12000007,2023/2/25,7,25652
region,London,E12000007,2023/2/26,9,25661
region,London,E12000007,2023/2/27,6,25667
region,London,E12000007,2023/2/28,7,25674
region,London,E12000007,2023/3/1,6,25680
region,London,E12000007,2023/3/2,12,25692
region,London,E12000007,2023/3/3,4,25696
region,London,E12000007,2023/3/4,10,25706
region,London,E12000007,2023/3/5,7,25713
region,London,E12000007,2023/3/6,8,25721
region,London,E12000007,2023/3/7,7,25728
region,London,E12000007,2023/3/8,6,25734
region,London,E12000007,2023/3/9,7,25741
region,London,E12000007,2023/3/10,7,25748
region,London,E12000007,2023/3/11,3,25751
region,London,E12000007,2023/3/12,10,25761
region,London,E12000007,2023/3/13,10,25771
region,London,E12000007,2023/3/14,9,25780
region,London,E12000007,2023/3/15,14,25794
region,London,E12000007,2023/3/16,8,25802
region,London,E12000007,2023/3/17,7,25809
region,London,E12000007,2023/3/18,4,25813
region,London,E12000007,2023/3/19,3,25816
region,London,E12000007,2023/3/20,6,25822
region,London,E12000007,2023/3/21,11,25833
region,London,E12000007,2023/3/22,3,25836
region,London,E12000007,2023/3/23,9,25845
region,London,E12000007,2023/3/24,10,25855
region,London,E12000007,2023/3/25,6,25861
region,London,E12000007,2023/3/26,8,25869
region,London,E12000007,2023/3/27,5,25874
region,London,E12000007,2023/3/28,9,25883
region,London,E12000007,2023/3/29,3,25886
region,London,E12000007,2023/3/30,8,25894
region,London,E12000007,2023/3/31,2,25896
region,London,E12000007,2023/4/1,5,25901
region,London,E12000007,2023/4/2,7,25908
region,London,E12000007,2023/4/3,4,25912
region,London,E12000007,2023/4/4,6,25918
region,London,E12000007,2023/4/5,5,25923
region,London,E12000007,2023/4/6,5,25928
region,London,E12000007,2023/4/7,4,25932
region,London,E12000007,2023/4/8,3,25935
region,London,E12000007,2023/4/9,9,25944
region,London,E12000007,2023/4/10,6,25950
region,London,E12000007,2023/4/11,5,25955
region,London,E12000007,2023/4/12,9,25964
region,London,E12000007,2023/4/13,7,25971
region,London,E12000007,2023/4/14,4,25975
region,London,E12000007,2023/4/15,6,25981
region,London,E12000007,2023/4/16,3,25984
region,London,E12000007,2023/4/17,2,25986
region,London,E12000007,2023/4/18,8,25994
region,London,E12000007,2023/4/19,5,25999
region,London,E12000007,2023/4/20,6,26005
region,London,E12000007,2023/4/21,9,26014
region,London,E12000007,2023/4/22,3,26017
region,London,E12000007,2023/4/23,4,26021
region,London,E12000007,2023/4/24,4,26025
region,London,E12000007,2023/4/25,4,26029
region,London,E12000007,2023/4/26,5,26034
region,London,E12000007,2023/4/27,3,26037
region,London,E12000007,2023/4/28,5,26042
region,London,E12000007,2023/4/29,1,26043
region,London,E12000007,2023/4/30,5,26048
region,London,E12000007,2023/5/1,6,26054
region,London,E12000007,2023/5/2,2,26056
region,London,E12000007,2023/5/3,4,26060
region,London,E12000007,2023/5/4,2,26062
region,London,E12000007,2023/5/5,5,26067
region,London,E12000007,2023/5/6,6,26073
region,London,E12000007,2023/5/7,1,26074
region,London,E12000007,2023/5/8,2,26076
region,London,E12000007,2023/5/9,1,26077
region,London,E12000007,2023/5/10,7,26084
region,London,E12000007,2023/5/11,2,26086
region,London,E12000007,2023/5/12,5,26091
region,London,E12000007,2023/5/13,1,26092
region,London,E12000007,2023/5/14,2,26094
region,London,E12000007,2023/5/15,3,26097
region,London,E12000007,2023/5/16,1,26098
region,London,E12000007,2023/5/17,4,26102
region,London,E12000007,2023/5/18,2,26104
region,London,E12000007,2023/5/19,7,26111
region,London,E12000007,2023/5/20,5,26116
region,London,E12000007,2023/5/21,3,26119
region,London,E12000007,2023/5/22,5,26124
region,London,E12000007,2023/5/23,4,26128
region,London,E12000007,2023/5/24,0,26128
region,London,E12000007,2023/5/25,3,26131
region,London,E12000007,2023/5/26,7,26138
region,London,E12000007,2023/5/27,1,26139
region,London,E12000007,2023/5/28,2,26141
region,London,E12000007,2023/5/29,3,26144
region,London,E12000007,2023/5/30,2,26146
region,London,E12000007,2023/5/31,3,26149
region,London,E12000007,2023/6/1,2,26151
region,London,E12000007,2023/6/2,5,26156
region,London,E12000007,2023/6/3,5,26161
region,London,E12000007,2023/6/4,2,26163
region,London,E12000007,2023/6/5,1,26164
region,London,E12000007,2023/6/6,4,26168
region,London,E12000007,2023/6/7,2,26170
region,London,E12000007,2023/6/8,2,26172
region,London,E12000007,2023/6/9,1,26173
region,London,E12000007,2023/6/10,0,26173
region,London,E12000007,2023/6/11,3,26176
region,London,E12000007,2023/6/12,3,26179
region,London,E12000007,2023/6/13,1,26180
region,London,E12000007,2023/6/14,1,26181
region,London,E12000007,2023/6/15,1,26182
region,London,E12000007,2023/6/16,3,26185
region,London,E12000007,2023/6/17,2,26187
region,London,E12000007,2023/6/18,0,26187
region,London,E12000007,2023/6/19,3,26190
region,London,E12000007,2023/6/20,2,26192
region,London,E12000007,2023/6/21,0,26192
region,London,E12000007,2023/6/22,1,26193
region,London,E12000007,2023/6/23,0,26193
region,London,E12000007,2023/6/24,1,26194
region,London,E12000007,2023/6/25,3,26197
region,London,E12000007,2023/6/26,1,26198
region,London,E12000007,2023/6/27,1,26199
region,London,E12000007,2023/6/28,1,26200
region,London,E12000007,2023/6/29,1,26201
region,London,E12000007,2023/6/30,3,26204
region,London,E12000007,2023/7/1,1,26205
region,London,E12000007,2023/7/2,3,26208
region,London,E12000007,2023/7/3,2,26210
region,London,E12000007,2023/7/4,1,26211
region,London,E12000007,2023/7/5,1,26212
region,London,E12000007,2023/7/6,0,26212
region,London,E12000007,2023/7/7,1,26213
region,London,E12000007,2023/7/8,1,26214
region,London,E12000007,2023/7/9,0,26214
region,London,E12000007,2023/7/10,1,26215
region,London,E12000007,2023/7/11,0,26215
region,London,E12000007,2023/7/12,0,26215
region,London,E12000007,2023/7/13,2,26217
region,London,E12000007,2023/7/14,0,26217
region,London,E12000007,2023/7/15,0,26217
region,London,E12000007,2023/7/16,1,26218
region,London,E12000007,2023/7/17,0,26218
region,London,E12000007,2023/7/18,0,26218
region,London,E12000007,2023/7/19,0,26218
region,London,E12000007,2023/7/20,0,26218
region,London,E12000007,2023/7/21,1,26219
region,London,E12000007,2023/7/22,1,26220
region,London,E12000007,2023/7/23,1,26221
region,London,E12000007,2023/7/24,1,26222
region,London,E12000007,2023/7/25,0,26222
region,London,E12000007,2023/7/26,2,26224
region,London,E12000007,2023/7/27,1,26225
region,London,E12000007,2023/7/28,1,26226
region,London,E12000007,2023/7/29,2,26228
region,London,E12000007,2023/7/30,0,26228
region,London,E12000007,2023/7/31,3,26231
region,London,E12000007,2023/8/1,1,26232
region,London,E12000007,2023/8/2,0,26232
region,London,E12000007,2023/8/3,1,26233
region,London,E12000007,2023/8/4,0,26233
region,London,E12000007,2023/8/5,2,26235
region,London,E12000007,2023/8/6,2,26237
region,London,E12000007,2023/8/7,0,26237
region,London,E12000007,2023/8/8,1,26238
region,London,E12000007,2023/8/9,0,26238
region,London,E12000007,2023/8/10,1,26239
region,London,E12000007,2023/8/11,1,26240
region,London,E12000007,2023/8/12,0,26240
region,London,E12000007,2023/8/13,0,26240
region,London,E12000007,2023/8/14,1,26241
region,London,E12000007,2023/8/15,1,26242
region,London,E12000007,2023/8/16,0,26242
region,London,E12000007,2023/8/17,2,26244
region,London,E12000007,2023/8/18,0,26244
region,London,E12000007,2023/8/19,2,26246
region,London,E12000007,2023/8/20,1,26247
region,London,E12000007,2023/8/21,6,26253
region,London,E12000007,2023/8/22,4,26257
region,London,E12000007,2023/8/23,2,26259
region,London,E12000007,2023/8/24,2,26261
region,London,E12000007,2023/8/25,2,26263
region,London,E12000007,2023/8/26,0,26263
region,London,E12000007,2023/8/27,1,26264
region,London,E12000007,2023/8/28,2,26266
region,London,E12000007,2023/8/29,1,26267
region,London,E12000007,2023/8/30,3,26270
region,London,E12000007,2023/8/31,0,26270
region,London,E12000007,2023/9/1,1,26271
region,London,E12000007,2023/9/2,0,26271
region,London,E12000007,2023/9/3,1,26272
region,London,E12000007,2023/9/4,4,26276
region,London,E12000007,2023/9/5,7,26283
region,London,E12000007,2023/9/6,4,26287
region,London,E12000007,2023/9/7,3,26290
region,London,E12000007,2023/9/8,3,26293
region,London,E12000007,2023/9/9,3,26296
region,London,E12000007,2023/9/10,6,26302
region,London,E12000007,2023/9/11,2,26304
region,London,E12000007,2023/9/12,2,26306
region,London,E12000007,2023/9/13,3,26309
region,London,E12000007,2023/9/14,1,26310
region,London,E12000007,2023/9/15,5,26315
region,London,E12000007,2023/9/16,1,26316
region,London,E12000007,2023/9/17,4,26320
region,London,E12000007,2023/9/18,7,26327
region,London,E12000007,2023/9/19,5,26332
region,London,E12000007,2023/9/20,1,26333
region,London,E12000007,2023/9/21,3,26336
region,London,E12000007,2023/9/22,3,26339
