,date,agegroup,n,rV
0,2021-01-18,1,0,0.0
1,2021-01-18,2,1,1.659930392478922e-07
2,2021-01-18,3,257,3.710428353794108e-05
3,2021-01-18,4,364,4.768750326705251e-05
4,2021-01-18,5,243,3.563177333617214e-05
5,2021-01-18,6,151,2.6919191261923557e-05
6,2021-01-18,7,69,1.6514201495277177e-05
7,2021-01-18,8,30,8.882585542999857e-06
8,2021-01-19,1,0,0.0
9,2021-01-19,2,7,1.1619512747352453e-06
10,2021-01-19,3,1371,0.0001979376370837
11,2021-01-19,4,3198,0.0004189687787033
12,2021-01-19,5,2380,0.0003489860927575
13,2021-01-19,6,1356,0.0002417379029878
14,2021-01-19,7,590,0.0001412083895972
15,2021-01-19,8,155,4.589335863883259e-05
16,2021-01-20,1,2,3.2891609975235906e-07
17,2021-01-20,2,110,1.825923431726814e-05
18,2021-01-20,3,4853,0.0007006501478973
19,2021-01-20,4,9300,0.0012183895065483
20,2021-01-20,5,7439,0.0010908014890855
21,2021-01-20,6,4622,0.0008239768345206
22,2021-01-20,7,1907,0.0004564142355288
23,2021-01-20,8,1475,0.0004367271225308
24,2021-01-21,1,3,4.933741496285386e-07
25,2021-01-21,2,380,6.307735491419903e-05
26,2021-01-21,3,15617,0.0022546988171674
27,2021-01-21,4,27556,0.0036101012088651
28,2021-01-21,5,22899,0.0033577447638889
29,2021-01-21,6,12855,0.0022916967130597
30,2021-01-21,7,4672,0.0011181789766077
31,2021-01-21,8,4421,0.0013089970228534
32,2021-01-22,1,13,2.137954648390334e-06
33,2021-01-22,2,656,0.0001088914337466
34,2021-01-22,3,20816,0.0030053025919291
35,2021-01-22,4,37718,0.0049414210116117
36,2021-01-22,5,32110,0.0047083795959855
37,2021-01-22,6,17411,0.0031039075434526
38,2021-01-22,7,7195,0.0017220243443263
39,2021-01-22,8,17245,0.005106006256301
40,2021-01-23,1,2,3.2891609975235906e-07
41,2021-01-23,2,148,2.456696980868804e-05
42,2021-01-23,3,4925,0.0007110451222737
43,2021-01-23,4,9042,0.0011845890234634
44,2021-01-23,5,7652,0.0011220342780592
45,2021-01-23,6,3724,0.0006638878692675
46,2021-01-23,7,1464,0.0003503882752041
47,2021-01-23,8,4228,0.0012518523891934
48,2021-01-24,1,0,0.0
49,2021-01-24,2,48,7.967665883898824e-06
50,2021-01-24,3,1647,0.0002377850388598
51,2021-01-24,4,2950,0.0003864783918621
52,2021-01-24,5,2463,0.0003611566161604
53,2021-01-24,6,1289,0.0002297936260703
54,2021-01-24,7,457,0.0001093766678745
55,2021-01-24,8,1438,0.0004257719336944
56,2021-01-25,1,4,6.578321995047181e-07
57,2021-01-25,2,325,5.394773775556496e-05
58,2021-01-25,3,7927,0.0011444578039115
59,2021-01-25,4,14202,0.0018605986851612
60,2021-01-25,5,13386,0.0019628268225432
61,2021-01-25,6,8780,0.0015652350945674
62,2021-01-25,7,3381,0.0008091958732685
63,2021-01-25,8,3853,0.0011408200699059
64,2021-01-26,1,0,0.0
65,2021-01-26,2,340,5.643763334428334e-05
66,2021-01-26,3,8043,0.001161205262629
67,2021-01-26,4,15267,0.0020001239351046
68,2021-01-26,5,14216,0.0020845320565721
69,2021-01-26,6,8562,0.001526371626388
70,2021-01-26,7,3535,0.000846053656316
71,2021-01-26,8,4768,0.0014117389289674
72,2021-01-27,1,5,8.222902493808976e-07
73,2021-01-27,2,468,7.768474236801354e-05
74,2021-01-27,3,10561,0.0015247406165143
75,2021-01-27,4,18747,0.0024560374278775
76,2021-01-27,5,17905,0.0026254605003463
77,2021-01-27,6,10648,0.0018982486659401
78,2021-01-27,7,4710,0.0011272737542428
79,2021-01-27,8,7707,0.0022819362259966
80,2021-01-28,1,2,3.2891609975235906e-07
81,2021-01-28,2,1018,0.0001689809139543
82,2021-01-28,3,16998,0.0024540802006923
83,2021-01-28,4,27807,0.0036429846245794
84,2021-01-28,5,23671,0.0034709452948169
85,2021-01-28,6,14722,0.0026245320116426
86,2021-01-28,7,6122,0.0014652165442621
87,2021-01-28,8,8034,0.0023787564084153
88,2021-01-29,1,9,1.480122448885616e-06
89,2021-01-29,2,925,0.0001535435613043
90,2021-01-29,3,14379,0.0020759630077511
91,2021-01-29,4,23561,0.0030867177595467
92,2021-01-29,5,20006,0.0029335360385327
93,2021-01-29,6,12169,0.0021694015792473
94,2021-01-29,7,5275,0.0012624987375012
95,2021-01-29,8,8105,0.0023997785275337
96,2021-01-30,1,2,3.2891609975235906e-07
97,2021-01-30,2,195,3.236864265333898e-05
98,2021-01-30,3,3099,0.000447417022117
99,2021-01-30,4,4665,0.0006111598976395
100,2021-01-30,5,4057,0.0005948893186207
101,2021-01-30,6,2555,0.0004554869779749
102,2021-01-30,7,1433,0.0003429688513439
103,2021-01-30,8,4364,0.0012921201103217
104,2021-01-31,1,0,0.0
105,2021-01-31,2,20,3.319860784957844e-06
106,2021-01-31,3,451,6.511296449654251e-05
107,2021-01-31,4,868,0.0001137163539445
108,2021-01-31,5,853,0.0001250777887068
109,2021-01-31,6,534,9.51976697607098e-05
110,2021-01-31,7,318,7.610892863040786e-05
111,2021-01-31,8,724,0.000214366397771
112,2021-02-01,1,3,4.933741496285386e-07
113,2021-02-01,2,550,9.12961715863407e-05
114,2021-02-01,3,9148,0.0013207392443777
115,2021-02-01,4,13669,0.0017907705553773
116,2021-02-01,5,11679,0.0017125246123175
117,2021-02-01,6,7596,0.0013541601114276
118,2021-02-01,7,3822,0.0009147431610862
119,2021-02-01,8,6178,0.0018292204494884
120,2021-02-02,1,0,0.0
121,2021-02-02,2,689,0.0001143692040417
122,2021-02-02,3,10778,0.0015560699142876
123,2021-02-02,4,15432,0.002021740523124
124,2021-02-02,5,13936,0.0020434748691888
125,2021-02-02,6,9542,0.0017010789604057
126,2021-02-02,7,4329,0.0010360866416384
127,2021-02-02,8,6893,0.0020409220715966
128,2021-02-03,1,4,6.578321995047181e-07
129,2021-02-03,2,1038,0.0001723007747393
130,2021-02-03,3,15718,0.0022692806562231
131,2021-02-03,4,21995,0.0028815566877989
132,2021-02-03,5,19016,0.0027883695545705
133,2021-02-03,6,11371,0.0020271398929757
134,2021-02-03,7,5307,0.001270157497615
135,2021-02-03,8,7835,0.0023198352576467
136,2021-02-04,1,10,1.6445804987617953e-06
137,2021-02-04,2,1687,0.0002800302572111
138,2021-02-04,3,24064,0.0034742314360195
139,2021-02-04,4,30635,0.0040134798422696
140,2021-02-04,5,25366,0.0037194879112977
141,2021-02-04,6,15525,0.0027676850618633
142,2021-02-04,7,6776,0.0016217424540869
143,2021-02-04,8,15536,0.0045999949665348
144,2021-02-05,1,5,8.222902493808976e-07
145,2021-02-05,2,1433,0.0002378680252422
146,2021-02-05,3,18834,0.0027191520472902
147,2021-02-05,4,22743,0.0029795518868202
148,2021-02-05,5,18785,0.0027544973749793
149,2021-02-05,6,11947,0.0021298250199086
150,2021-02-05,7,4934,0.001180885075039
151,2021-02-05,8,50287,0.0148892859733611
152,2021-02-06,1,1,1.6445804987617953e-07
153,2021-02-06,2,322,5.344975863782128e-05
154,2021-02-06,3,5508,0.0007952155397936
155,2021-02-06,4,7430,0.000973401508995
156,2021-02-06,5,5920,0.0008680662475314
157,2021-02-06,6,3421,0.0006098712139539
158,2021-02-06,7,1753,0.0004195564524814
159,2021-02-06,8,18437,0.0054589409885429
160,2021-02-07,1,0,0.0
161,2021-02-07,2,102,1.6931290003285e-05
162,2021-02-07,3,1799,0.0002597299847655
163,2021-02-07,4,2376,0.0003112788674794
164,2021-02-07,5,2035,0.0002983977725889
165,2021-02-07,6,1083,0.0001930694313686
166,2021-02-07,7,447,0.0001069833053389
167,2021-02-07,8,3826,0.0011328257429172
168,2021-02-08,1,7,1.1512063491332566e-06
169,2021-02-08,2,900,0.0001493937353231
170,2021-02-08,3,10708,0.0015459636891995
171,2021-02-08,4,13632,0.0017859231992759
172,2021-02-08,5,11198,0.0016419942297055
173,2021-02-08,6,7130,0.0012710849913742
174,2021-02-08,7,4066,0.0009731412069535
175,2021-02-08,8,106292,0.031471592751218
176,2021-02-09,1,6,9.867482992570772e-07
177,2021-02-09,2,602,9.99278096272311e-05
178,2021-02-09,3,7827,0.0011300203394998
179,2021-02-09,4,9859,0.0012916238865655
180,2021-02-09,5,8245,0.0012089875356244
181,2021-02-09,6,5424,0.0009669516119514
182,2021-02-09,7,12664,0.0030309543150172
183,2021-02-09,8,60972,0.0180529668575929
184,2021-02-10,1,5,8.222902493808976e-07
185,2021-02-10,2,554,9.196014374333228e-05
186,2021-02-10,3,7360,0.0010625973806974
187,2021-02-10,4,9021,0.0011818378213518
188,2021-02-10,5,8053,0.0011808340357045
189,2021-02-10,6,5478,0.0009765783426014
190,2021-02-10,7,7818,0.0018711308302909
191,2021-02-10,8,50736,0.0150222286703213
192,2021-02-11,1,3,4.933741496285386e-07
193,2021-02-11,2,426,7.071303471960207e-05
194,2021-02-11,3,6104,0.0008812628276871
195,2021-02-11,4,7570,0.0009917428564054
196,2021-02-11,5,6602,0.000968069825372
197,2021-02-11,6,4737,0.0008444782053492
198,2021-02-11,7,5244,0.001255079313641
199,2021-02-11,8,110962,0.0328543152340783
200,2021-02-12,1,4,6.578321995047181e-07
201,2021-02-12,2,385,6.390732011043849e-05
202,2021-02-12,3,4717,0.0006810151962975
203,2021-02-12,4,5403,0.0007078450004172
204,2021-02-12,5,4909,0.0007198204745155
205,2021-02-12,6,3849,0.0006861719679943
206,2021-02-12,7,4401,0.0010533188518944
207,2021-02-12,8,184578,0.0546509958118609
208,2021-02-13,1,0,0.0
209,2021-02-13,2,88,1.4607387453814511e-05
210,2021-02-13,3,1567,0.0002262350673305
211,2021-02-13,4,2360,0.0003091827134896
212,2021-02-13,5,1870,0.0002742033585952
213,2021-02-13,6,1271,0.0002265847158536
214,2021-02-13,7,1106,0.0002647058964315
215,2021-02-13,8,33027,0.0097788384242885
216,2021-02-14,1,0,0.0
217,2021-02-14,2,9,1.4939373532310296e-06
218,2021-02-14,3,162,2.3388692346873365e-05
219,2021-02-14,4,180,2.3581732384806183e-05
220,2021-02-14,5,186,2.7273703047440405e-05
221,2021-02-14,6,165,2.941501031932044e-05
222,2021-02-14,7,153,3.661844679387548e-05
223,2021-02-14,8,6989,0.0020693463453341
224,2021-02-15,1,0,0.0
225,2021-02-15,2,163,2.7056865397406425e-05
226,2021-02-15,3,2153,0.0003108386087828
227,2021-02-15,4,2706,0.0003545120435182
228,2021-02-15,5,2614,0.0003832981707849
229,2021-02-15,6,2000,0.0003565455796281
230,2021-02-15,7,2712,0.0006490799196404
231,2021-02-15,8,98980,0.0293066105682041
232,2021-02-16,1,0,0.0
233,2021-02-16,2,161,2.672487931891064e-05
234,2021-02-16,3,1826,0.0002636281001567
235,2021-02-16,4,2187,0.0002865180484753
236,2021-02-16,5,2273,0.0003332963818646
237,2021-02-16,6,1564,0.0002788186432691
238,2021-02-16,7,2251,0.0005387459067517
239,2021-02-16,8,49252,0.0145828367721276
240,2021-02-17,1,1,1.6445804987617953e-07
241,2021-02-17,2,196,3.2534635692586865e-05
242,2021-02-17,3,2642,0.0003814378097557
243,2021-02-17,4,3145,0.0004120252686123
244,2021-02-17,5,2832,0.000415264123819
245,2021-02-17,6,2286,0.0004075315975149
246,2021-02-17,7,2315,0.0005540634269792
247,2021-02-17,8,41231,0.0122079294841142
248,2021-02-18,1,0,0.0
249,2021-02-18,2,289,4.797198834264084e-05
250,2021-02-18,3,3337,0.0004817781874167
251,2021-02-18,4,4043,0.0005296719112876
252,2021-02-18,5,3772,0.0005530989671771
253,2021-02-18,6,2710,0.0004831192603961
254,2021-02-18,7,2444,0.0005849378036877
255,2021-02-18,8,33916,0.0100420590425461
256,2021-02-19,1,0,0.0
257,2021-02-19,2,189,3.137268441785162e-05
258,2021-02-19,3,2466,0.0003560278723912
259,2021-02-19,4,3011,0.000394469978948
260,2021-02-19,5,2768,0.0004058796238457
261,2021-02-19,6,1901,0.0003388965734365
262,2021-02-19,7,1979,0.0004736464457848
263,2021-02-19,8,27176,0.0080464381572188
264,2021-02-20,1,0,0.0
265,2021-02-20,2,22,3.651846863453628e-06
266,2021-02-20,3,395,5.702798442601839e-05
267,2021-02-20,4,447,5.856130208893536e-05
268,2021-02-20,5,358,5.249454672571864e-05
269,2021-02-20,6,282,5.027292672756584e-05
270,2021-02-20,7,447,0.0001069833053389
271,2021-02-20,8,7697,0.0022789753641489
272,2021-02-21,1,0,0.0
273,2021-02-21,2,20,3.319860784957844e-06
274,2021-02-21,3,95,1.3715591191067714e-05
275,2021-02-21,4,91,1.1921875816763127e-05
276,2021-02-21,5,65,9.53113278539584e-06
277,2021-02-21,6,51,9.091912280517229e-06
278,2021-02-21,7,53,1.268482143840131e-05
279,2021-02-21,8,390,0.0001154736120589
280,2021-02-22,1,0,0.0
281,2021-02-22,2,170,2.821881667214167e-05
282,2021-02-22,3,1830,0.0002642055987331
283,2021-02-22,4,2245,0.0002941166066882
284,2021-02-22,5,1763,0.0002585136477023
285,2021-02-22,6,1265,0.0002255150791147
286,2021-02-22,7,1614,0.0003862887132373
287,2021-02-22,8,18384,0.0054432484207503
288,2021-02-23,1,1,1.6445804987617953e-07
289,2021-02-23,2,133,2.207707421996966e-05
290,2021-02-23,3,1456,0.0002102094818336
291,2021-02-23,4,1629,0.0002134146780824
292,2021-02-23,5,1458,0.000213790640017
293,2021-02-23,6,1058,0.0001886126116232
294,2021-02-23,7,1494,0.0003575683628107
295,2021-02-23,8,15630,0.0046278270679029
296,2021-02-24,1,0,0.0
297,2021-02-24,2,136,2.2575053337713332e-05
298,2021-02-24,3,1504,0.0002171394647512
299,2021-02-24,4,1613,0.0002113185240927
300,2021-02-24,5,1370,0.0002008869525537
301,2021-02-24,6,969,0.0001727463333298
302,2021-02-24,7,1569,0.0003755185818273
303,2021-02-24,8,12974,0.0038414221611626
304,2021-02-25,1,0,0.0
305,2021-02-25,2,106,1.759526216027657e-05
306,2021-02-25,3,1221,0.0001762814404662
307,2021-02-25,4,1232,0.0001614038572115
308,2021-02-25,5,1022,0.0001498587339488
309,2021-02-25,6,729,0.0001299608637744
310,2021-02-25,7,1337,0.0003199925710026
311,2021-02-25,8,10927,0.0032353337409453
312,2021-02-26,1,0,0.0
313,2021-02-26,2,93,1.5437352650053973e-05
314,2021-02-26,3,1225,0.0001768589390427
315,2021-02-26,4,1213,0.0001589146743487
316,2021-02-26,5,1057,0.0001549908823717
317,2021-02-26,6,819,0.0001460054148577
318,2021-02-26,7,1514,0.0003623550878818
319,2021-02-26,8,27019,0.0079999526262104
320,2021-02-27,1,1,1.6445804987617953e-07
321,2021-02-27,2,13,2.1579095102225982e-06
322,2021-02-27,3,235,3.392804136737803e-05
323,2021-02-27,4,213,2.790504998868732e-05
324,2021-02-27,5,223,3.269911709451189e-05
325,2021-02-27,6,308,5.490801926273148e-05
326,2021-02-27,7,602,0.0001440804246399
327,2021-02-27,8,170922,0.0506076428726873
328,2021-02-28,1,1,1.6445804987617953e-07
329,2021-02-28,2,4,6.639721569915688e-07
330,2021-02-28,3,40,5.7749857646600905e-06
331,2021-02-28,4,54,7.074519715441856e-06
332,2021-02-28,5,80,1.1730624966641036e-05
333,2021-02-28,6,84,1.4974914344381314e-05
334,2021-02-28,7,95,2.2736944087700463e-05
335,2021-02-28,8,29762,0.0088121170310253
336,2021-03-01,1,4,6.578321995047181e-07
337,2021-03-01,2,157,2.606090716191907e-05
338,2021-03-01,3,1280,0.0001847995444691
339,2021-03-01,4,1545,0.0002024098696362
340,2021-03-01,5,1293,0.0001895962260233
341,2021-03-01,6,5682,0.0010129459917235
342,2021-03-01,7,2657,0.0006359164256949
343,2021-03-01,8,311690,0.0922871029299208
344,2021-03-02,1,2,3.2891609975235906e-07
345,2021-03-02,2,152,2.523094196567961e-05
346,2021-03-02,3,1645,0.0002374962895716
347,2021-03-02,4,1951,0.0002555997771264
348,2021-03-02,5,1645,0.0002412109758765
349,2021-03-02,6,3385,0.0006034533935206
350,2021-03-02,7,3081,0.0007373949972021
351,2021-03-02,8,164798,0.0487944110771763
352,2021-03-03,1,6,9.867482992570772e-07
353,2021-03-03,2,141,2.34050185339528e-05
354,2021-03-03,3,1529,0.0002207488308541
355,2021-03-03,4,1706,0.0002235024191582
356,2021-03-03,5,1527,0.0002239083040507
357,2021-03-03,6,2491,0.0004440775194268
358,2021-03-03,7,2667,0.0006383097882304
359,2021-03-03,8,210095,0.0622062269885518
360,2021-03-04,1,1,1.6445804987617953e-07
361,2021-03-04,2,171,2.8384809711389563e-05
362,2021-03-04,3,1540,0.0002223369519394
363,2021-03-04,4,1712,0.0002242884769043
364,2021-03-04,5,1526,0.0002237616712386
365,2021-03-04,6,2118,0.0003775817688261
366,2021-03-04,7,2751,0.000658414033529
367,2021-03-04,8,91120,0.0269793731559382
368,2021-03-05,1,1,1.6445804987617953e-07
369,2021-03-05,2,159,2.6392893240414856e-05
370,2021-03-05,3,1442,0.0002081882368159
371,2021-03-05,4,1501,0.0001966454461644
372,2021-03-05,5,1311,0.0001922356166408
373,2021-03-05,6,1952,0.000347988485717
374,2021-03-05,7,2990,0.0007156153981286
375,2021-03-05,8,75882,0.0224676118724638
376,2021-03-06,1,0,0.0
377,2021-03-06,2,26,4.3158190204451965e-06
378,2021-03-06,3,241,3.479428923207704e-05
379,2021-03-06,4,297,3.8909858434930205e-05
380,2021-03-06,5,353,5.1761382665303566e-05
381,2021-03-06,6,531,9.46628513912676e-05
382,2021-03-06,7,827,0.0001979310816897
383,2021-03-06,8,57108,0.0169088898396545
384,2021-03-07,1,0,0.0
385,2021-03-07,2,2,3.319860784957844e-07
386,2021-03-07,3,79,1.1405596885203678e-05
387,2021-03-07,4,115,1.5066106801403953e-05
388,2021-03-07,5,96,1.4076749959969242e-05
389,2021-03-07,6,79,1.4083550395310998e-05
390,2021-03-07,7,45,1.0770131409963378e-05
391,2021-03-07,8,9721,0.0028782538021167
392,2021-03-08,1,0,0.0
393,2021-03-08,2,139,2.307303245545701e-05
394,2021-03-08,3,1491,0.0002152625943777
395,2021-03-08,4,1635,0.0002142007358286
396,2021-03-08,5,1512,0.0002217088118695
397,2021-03-08,6,1518,0.0002706180949377
398,2021-03-08,7,2636,0.0006308903643702
399,2021-03-08,8,70628,0.0209119750576997
400,2021-03-09,1,1,1.6445804987617953e-07
401,2021-03-09,2,127,2.1081115984482307e-05
402,2021-03-09,3,1161,0.0001676189618192
403,2021-03-09,4,1351,0.0001769940025104
404,2021-03-09,5,1144,0.0001677479370229
405,2021-03-09,6,1014,0.0001807686088714
406,2021-03-09,7,2457,0.000588049174984
407,2021-03-09,8,49582,0.0146805452131006
408,2021-03-10,1,2,3.2891609975235906e-07
409,2021-03-10,2,148,2.456696980868804e-05
410,2021-03-10,3,1318,0.0001902857809455
411,2021-03-10,4,1353,0.0001772560217591
412,2021-03-10,5,1303,0.0001910625541441
413,2021-03-10,6,1274,0.0002271195342231
414,2021-03-10,7,2818,0.0006744495625172
415,2021-03-10,8,43178,0.0127844092858549
416,2021-03-11,1,2,3.2891609975235906e-07
417,2021-03-11,2,145,2.4068990690944367e-05
418,2021-03-11,3,1418,0.0002047232453572
419,2021-03-11,4,1574,0.0002062091487426
420,2021-03-11,5,1512,0.0002217088118695
421,2021-03-11,6,1317,0.0002347852641851
422,2021-03-11,7,2702,0.0006466865571049
423,2021-03-11,8,35517,0.0105160930243575
424,2021-03-12,1,0,0.0
425,2021-03-12,2,134,2.224306725921755e-05
426,2021-03-12,3,1608,0.0002321544277393
427,2021-03-12,4,1824,0.0002389615548327
428,2021-03-12,5,1532,0.0002246414681111
429,2021-03-12,6,1502,0.0002677657303007
430,2021-03-12,7,2991,0.0007158547343822
431,2021-03-12,8,42543,0.012596394558528
432,2021-03-13,1,0,0.0
433,2021-03-13,2,15,2.489895588718383e-06
434,2021-03-13,3,208,3.002992597623247e-05
435,2021-03-13,4,258,3.3800483084888866e-05
436,2021-03-13,5,279,4.091055457116061e-05
437,2021-03-13,6,310,5.526456484235961e-05
438,2021-03-13,7,785,0.0001878789590404
439,2021-03-13,8,33828,0.0100160034582866
440,2021-03-14,1,0,0.0
441,2021-03-14,2,3,4.979791177436765e-07
442,2021-03-14,3,118,1.7036208005747267e-05
443,2021-03-14,4,122,1.5983174171924194e-05
444,2021-03-14,5,107,1.5689710892882384e-05
445,2021-03-14,6,73,1.301391365642662e-05
446,2021-03-14,7,67,1.6035528988167694e-05
447,2021-03-14,8,5522,0.0016349879122815
448,2021-03-15,1,5,8.222902493808976e-07
449,2021-03-15,2,108,1.7927248238772355e-05
450,2021-03-15,3,1298,0.0001873982880632
451,2021-03-15,4,1408,0.0001844615510989
452,2021-03-15,5,1229,0.00018021172605
453,2021-03-15,6,1211,0.0002158883484648
454,2021-03-15,7,2674,0.0006399851420053
455,2021-03-15,8,175740,0.0520341861108931
456,2021-03-16,1,1,1.6445804987617953e-07
457,2021-03-16,2,143,2.3737004612448583e-05
458,2021-03-16,3,1606,0.0002318656784511
459,2021-03-16,4,1555,0.0002037199658798
460,2021-03-16,5,1316,0.0001929687807012
461,2021-03-16,6,1156,0.000206083345025
462,2021-03-16,7,2829,0.0006770822613063
463,2021-03-16,8,77309,0.0228901268581258
464,2021-03-17,1,0,0.0
465,2021-03-17,2,153,2.5396935004927506e-05
466,2021-03-17,3,1900,0.0002743118238213
467,2021-03-17,4,1918,0.0002512764595225
468,2021-03-17,5,1523,0.0002233217728024
469,2021-03-17,6,1337,0.0002383507199814
470,2021-03-17,7,3155,0.0007551058799652
471,2021-03-17,8,48049,0.0142266450918533
472,2021-03-18,1,4,6.578321995047181e-07
473,2021-03-18,2,136,2.2575053337713332e-05
474,2021-03-18,3,1651,0.0002383625374363
475,2021-03-18,4,1713,0.0002244194865287
476,2021-03-18,5,1381,0.0002024999134866
477,2021-03-18,6,1171,0.0002087574368722
478,2021-03-18,7,3700,0.0008855441381525
479,2021-03-18,8,64480,0.0190916371937543
480,2021-03-19,1,4,6.578321995047181e-07
481,2021-03-19,2,180,2.9878747064620592e-05
482,2021-03-19,3,1592,0.0002298444334334
483,2021-03-19,4,1642,0.0002151178031991
484,2021-03-19,5,1396,0.0002046994056678
485,2021-03-19,6,1206,0.0002149969845157
486,2021-03-19,7,3420,0.0008185299871572
487,2021-03-19,8,298598,0.0884107425989557
488,2021-03-20,1,1,1.6445804987617953e-07
489,2021-03-20,2,38,6.307735491419903e-06
490,2021-03-20,3,382,5.515111405250386e-05
491,2021-03-20,4,463,6.065745607869591e-05
492,2021-03-20,5,386,5.6600265464042994e-05
493,2021-03-20,6,477,8.503612074130818e-05
494,2021-03-20,7,1377,0.0003295660211448
495,2021-03-20,8,95100,0.0281577961713095
496,2021-03-21,1,0,0.0
497,2021-03-21,2,3,4.979791177436765e-07
498,2021-03-21,3,66,9.52872651168915e-06
499,2021-03-21,4,62,8.122596710322131e-06
500,2021-03-21,5,55,8.064804664565712e-06
501,2021-03-21,6,89,1.586627829345163e-05
502,2021-03-21,7,111,2.656632414457633e-05
503,2021-03-21,8,10908,0.0032297081034347
504,2021-03-22,1,1,1.6445804987617953e-07
505,2021-03-22,2,164,2.722285843665432e-05
506,2021-03-22,3,1424,0.0002055894932218
507,2021-03-22,4,1497,0.0001961214076669
508,2021-03-22,5,1282,0.0001879832650904
509,2021-03-22,6,1107,0.0001973479783241
510,2021-03-22,7,3607,0.0008632858665719
511,2021-03-22,8,117465,0.0347797636936159
512,2021-03-23,1,2,3.2891609975235906e-07
513,2021-03-23,2,148,2.456696980868804e-05
514,2021-03-23,3,1364,0.0001969270145749
515,2021-03-23,4,1558,0.0002041129947529
516,2021-03-23,5,1317,0.0001931154135133
517,2021-03-23,6,1082,0.0001928911585788
518,2021-03-23,7,4945,0.0011835177738281
519,2021-03-23,8,69665,0.0206268440617695
520,2021-03-24,1,3,4.933741496285386e-07
521,2021-03-24,2,156,2.589491412267118e-05
522,2021-03-24,3,1774,0.0002561206186626
523,2021-03-24,4,1790,0.0002345072276044
524,2021-03-24,5,1530,0.000224348202487
525,2021-03-24,6,1230,0.0002192755314712
526,2021-03-24,7,13066,0.0031271674889462
527,2021-03-24,8,73751,0.021836652212726
528,2021-03-25,1,1,1.6445804987617953e-07
529,2021-03-25,2,183,3.037672618236427e-05
530,2021-03-25,3,1780,0.0002569868665273
531,2021-03-25,4,2059,0.0002697488165573
532,2021-03-25,5,1789,0.0002623261008165
533,2021-03-25,6,1316,0.0002346069913953
534,2021-03-25,7,50449,0.0120742746555831
535,2021-03-25,8,112386,0.033275941961186
536,2021-03-26,1,6,9.867482992570772e-07
537,2021-03-26,2,232,3.8510385105510986e-05
538,2021-03-26,3,1571,0.000226812565907
539,2021-03-26,4,1721,0.0002254675635236
540,2021-03-26,5,1514,0.0002220020774936
541,2021-03-26,6,1217,0.0002169579852037
542,2021-03-26,7,107820,0.0258052348582722
543,2021-03-26,8,194516,0.057593500316072
544,2021-03-27,1,3,4.933741496285386e-07
545,2021-03-27,2,56,9.295610197881962e-06
546,2021-03-27,3,420,6.063735052893094e-05
547,2021-03-27,4,523,6.851803354029798e-05
548,2021-03-27,5,511,7.492936697441962e-05
549,2021-03-27,6,432,7.701384519967533e-05
550,2021-03-27,7,37726,0.0090291995016061
551,2021-03-27,8,68628,0.0203198026881664
552,2021-03-28,1,0,0.0
553,2021-03-28,2,2,3.319860784957844e-07
554,2021-03-28,3,24,3.4649914587960543e-06
555,2021-03-28,4,46,6.026442720561581e-06
556,2021-03-28,5,44,6.4518437316525696e-06
557,2021-03-28,6,19,3.387183006467202e-06
558,2021-03-28,7,3249,0.0007776034877993
559,2021-03-28,8,4618,0.0013673260012524
560,2021-03-29,1,1,1.6445804987617953e-07
561,2021-03-29,2,119,1.975317167049917e-05
562,2021-03-29,3,1448,0.0002090544846806
563,2021-03-29,4,1961,0.00025690987337
564,2021-03-29,5,1778,0.0002607131398835
565,2021-03-29,6,3744,0.0006674533250638
566,2021-03-29,7,46350,0.0110932353522622
567,2021-03-29,8,66728,0.0197572389371098
568,2021-03-30,1,2,3.2891609975235906e-07
569,2021-03-30,2,129,2.141310206297809e-05
570,2021-03-30,3,1831,0.0002643499733773
571,2021-03-30,4,2587,0.0003389218982194
572,2021-03-30,5,2303,0.0003376953662271
573,2021-03-30,6,2898,0.0005166345448811
574,2021-03-30,7,27900,0.0066774814741772
575,2021-03-30,8,31971,0.0094661714131749
576,2021-03-31,1,4,6.578321995047181e-07
577,2021-03-31,2,182,3.0210733143116376e-05
578,2021-03-31,3,2143,0.0003093948623416
579,2021-03-31,4,2603,0.0003410180522091
580,2021-03-31,5,2433,0.0003567576317979
581,2021-03-31,6,2261,0.0004030747777695
582,2021-03-31,7,23459,0.0056145891721406
583,2021-03-31,8,21299,0.0063063396493451
584,2021-04-01,1,2,3.2891609975235906e-07
585,2021-04-01,2,145,2.4068990690944367e-05
586,2021-04-01,3,1565,0.0002259463180423
587,2021-04-01,4,1742,0.0002282187656351
588,2021-04-01,5,1418,0.0002079253275337
589,2021-04-01,6,1352,0.0002410248118286
590,2021-04-01,7,48069,0.0115046543721228
591,2021-04-01,8,14944,0.0044247119451529
592,2021-04-02,1,1,1.6445804987617953e-07
593,2021-04-02,2,25,4.149825981197304e-06
594,2021-04-02,3,202,2.9163678111533456e-05
595,2021-04-02,4,304,3.9826925805450445e-05
596,2021-04-02,5,244,3.577840614825516e-05
597,2021-04-02,6,261,4.652919814147051e-05
598,2021-04-02,7,51891,0.0124193975332091
599,2021-04-02,8,2508,0.0007425841513947
600,2021-04-03,1,0,0.0
601,2021-04-03,2,24,3.983832941949412e-06
602,2021-04-03,3,253,3.652678496147507e-05
603,2021-04-03,4,269,3.524158895284924e-05
604,2021-04-03,5,267,3.9150960826164457e-05
605,2021-04-03,6,284,5.062947230719397e-05
606,2021-04-03,7,33177,0.0079404588841856
607,2021-04-03,8,4106,0.0012157298746519
608,2021-04-04,1,0,0.0
609,2021-04-04,2,12,1.991916470974706e-06
610,2021-04-04,3,80,1.154997152932018e-05
611,2021-04-04,4,83,1.0873798821882852e-05
612,2021-04-04,5,78,1.1437359342475009e-05
613,2021-04-04,6,48,8.557093911075037e-06
614,2021-04-04,7,959,0.0002295234671589
615,2021-04-04,8,329,9.741235478823176e-05
616,2021-04-05,1,3,4.933741496285386e-07
617,2021-04-05,2,141,2.34050185339528e-05
618,2021-04-05,3,4067,0.0005871716776218
619,2021-04-05,4,11308,0.0014814568322632
620,2021-04-05,5,15140,0.0022200207749368
621,2021-04-05,6,8636,0.0015395638128342
622,2021-04-05,7,98670,0.0236153081382463
623,2021-04-05,8,13636,0.0040374312154782
624,2021-04-06,1,3,4.933741496285386e-07
625,2021-04-06,2,184,3.0542719221612164e-05
626,2021-04-06,3,5486,0.0007920392976231
627,2021-04-06,4,13067,0.0017119027615125
628,2021-04-06,5,16811,0.0024650442039275
629,2021-04-06,6,8575,0.0015286891726555
630,2021-04-06,7,40189,0.0096186846941115
631,2021-04-06,8,9700,0.0028720359922366
632,2021-04-07,1,2,3.2891609975235906e-07
633,2021-04-07,2,139,2.307303245545701e-05
634,2021-04-07,3,4662,0.0006730745908711
635,2021-04-07,4,11177,0.0014642945714721
636,2021-04-07,5,13364,0.0019596009006773
637,2021-04-07,6,10554,0.0018814910236976
638,2021-04-07,7,25522,0.0061083398632241
639,2021-04-07,8,7596,0.0022490706594875
640,2021-04-08,1,0,0.0
641,2021-04-08,2,166,2.7554844515150103e-05
642,2021-04-08,3,4242,0.0006124372403422
643,2021-04-08,4,8471,0.0011097825279538
644,2021-04-08,5,9507,0.0013940381444732
645,2021-04-08,6,5677,0.0010120546277744
646,2021-04-08,7,17500,0.0041883844372079
647,2021-04-08,8,5256,0.0015562289871335
648,2021-04-09,1,0,0.0
649,2021-04-09,2,191,3.170467049634741e-05
650,2021-04-09,3,3265,0.0004713832130403
651,2021-04-09,4,6355,0.000832566162808
652,2021-04-09,5,8211,0.0012040020200136
653,2021-04-09,6,7243,0.0012912298166232
654,2021-04-09,7,16447,0.0039363633622148
655,2021-04-09,8,6642,0.0019666044392201
656,2021-04-10,1,1,1.6445804987617953e-07
657,2021-04-10,2,31,5.145784216684658e-06
658,2021-04-10,3,798,0.0001152109660049
659,2021-04-10,4,1554,0.0002035889562554
660,2021-04-10,5,15610,0.0022889381966158
661,2021-04-10,6,38853,0.0069264327026458
662,2021-04-10,7,19833,0.0047467559167511
663,2021-04-10,8,2551,0.0007553158573397
664,2021-04-11,1,2,3.2891609975235906e-07
665,2021-04-11,2,3,4.979791177436765e-07
666,2021-04-11,3,404,5.832735622306691e-05
667,2021-04-11,4,694,9.092067930586384e-05
668,2021-04-11,5,1855,0.0002720038664139
669,2021-04-11,6,2961,0.0005278657306394
670,2021-04-11,7,4640,0.001110520216494
671,2021-04-11,8,305,9.030628635383188e-05
672,2021-04-12,1,3,4.933741496285386e-07
673,2021-04-12,2,111,1.842522735651603e-05
674,2021-04-12,3,1740,0.0002512118807627
675,2021-04-12,4,2869,0.0003758666122889
676,2021-04-12,5,24291,0.0035618576383084
677,2021-04-12,6,57738,0.0102931143382843
678,2021-04-12,7,99206,0.0237435923701517
679,2021-04-12,8,4753,0.0014072976361959
680,2021-04-13,1,2,3.2891609975235906e-07
681,2021-04-13,2,131,2.174508814147388e-05
682,2021-04-13,3,1345,0.0001941838963366
683,2021-04-13,4,1497,0.0001961214076669
684,2021-04-13,5,13477,0.0019761704084427
685,2021-04-13,6,32621,0.0058154366765245
686,2021-04-13,7,78438,0.0187730570563268
687,2021-04-13,8,5309,0.0015719215549262
688,2021-04-14,1,3,4.933741496285386e-07
689,2021-04-14,2,116,1.9255192552755493e-05
690,2021-04-14,3,1128,0.0001628545985634
691,2021-04-14,4,1415,0.0001853786184694
692,2021-04-14,5,8541,0.001252390848001
693,2021-04-14,6,20276,0.0036146590862699
694,2021-04-14,7,72579,0.0173707859467496
695,2021-04-14,8,4958,0.0014679953040731
696,2021-04-15,1,0,0.0
697,2021-04-15,2,160,2.655888627966275e-05
698,2021-04-15,3,1495,0.0002158400929541
699,2021-04-15,4,1607,0.0002105324663465
700,2021-04-15,5,5235,0.0007676227712545
701,2021-04-15,6,10477,0.0018677640188819
702,2021-04-15,7,44342,0.0106126481551243
703,2021-04-15,8,4440,0.0013146226603639
704,2021-04-16,1,5,8.222902493808976e-07
705,2021-04-16,2,189,3.137268441785162e-05
706,2021-04-16,3,1690,0.0002439931485568
707,2021-04-16,4,1641,0.0002149867935748
708,2021-04-16,5,3591,0.00052655842819
709,2021-04-16,6,6216,0.0011081436614842
710,2021-04-16,7,35782,0.0085639298246957
711,2021-04-16,8,4628,0.0013702868631001
712,2021-04-17,1,0,0.0
713,2021-04-17,2,25,4.149825981197304e-06
714,2021-04-17,3,205,2.959680204388296e-05
715,2021-04-17,4,232,3.039423285152797e-05
716,2021-04-17,5,1603,0.000235052397769
717,2021-04-17,6,3524,0.0006282333113047
718,2021-04-17,7,14450,0.003458408863866
719,2021-04-17,8,1964,0.0005815132668817
720,2021-04-18,1,1,1.6445804987617953e-07
721,2021-04-18,2,2,3.319860784957844e-07
722,2021-04-18,3,46,6.641233629359104e-06
723,2021-04-18,4,33,4.323317603881134e-06
724,2021-04-18,5,66,9.677765597478852e-06
725,2021-04-18,6,73,1.301391365642662e-05
726,2021-04-18,7,9101,0.0021781992436017
727,2021-04-18,8,227,6.721156394203225e-05
728,2021-04-19,1,1,1.6445804987617953e-07
729,2021-04-19,2,95,1.5769338728549757e-05
730,2021-04-19,3,1122,0.0001619883506987
731,2021-04-19,4,1157,0.0001515781353845
732,2021-04-19,5,4685,0.0006869747246089
733,2021-04-19,6,5022,0.0008952859504462
734,2021-04-19,7,61444,0.0147057767634175
735,2021-04-19,8,3445,0.0010200169065211
736,2021-04-20,1,4,6.578321995047181e-07
737,2021-04-20,2,131,2.174508814147388e-05
738,2021-04-20,3,998,0.0001440858948282
739,2021-04-20,4,1266,0.0001658581844398
740,2021-04-20,5,3430,0.0005029505454447
741,2021-04-20,6,3785,0.0006747625094462
742,2021-04-20,7,119342,0.0285628671717299
743,2021-04-20,8,4229,0.0012521484753782
744,2021-04-21,1,7,1.1512063491332566e-06
745,2021-04-21,2,35,5.809756373676226e-06
746,2021-04-21,3,330,4.764363255844575e-05
747,2021-04-21,4,390,5.10937535004134e-05
748,2021-04-21,5,1231,0.0001805049916741
749,2021-04-21,6,1211,0.0002158883484648
750,2021-04-21,7,231553,0.0554190275193611
751,2021-04-21,8,3189,0.0009442188432208
752,2021-04-22,1,3,4.933741496285386e-07
753,2021-04-22,2,148,2.456696980868804e-05
754,2021-04-22,3,1080,0.0001559246156458
755,2021-04-22,4,1313,0.0001720156367847
756,2021-04-22,5,1967,0.0002884267413672
757,2021-04-22,6,2437,0.0004344507887768
758,2021-04-22,7,129488,0.0309911728002963
759,2021-04-22,8,3797,0.001124239243559
760,2021-04-23,1,5,8.222902493808976e-07
761,2021-04-23,2,143,2.3737004612448583e-05
762,2021-04-23,3,1120,0.0001616996014104
763,2021-04-23,4,1228,0.0001608798187141
764,2021-04-23,5,1678,0.0002460498586752
765,2021-04-23,6,2029,0.0003617154905327
766,2021-04-23,7,202479,0.0484605652835105
767,2021-04-23,8,3378,0.0010001791321417
768,2021-04-24,1,1,1.6445804987617953e-07
769,2021-04-24,2,31,5.145784216684658e-06
770,2021-04-24,3,296,4.273489465848467e-05
771,2021-04-24,4,358,4.6901445520892304e-05
772,2021-04-24,5,515,7.551589822275167e-05
773,2021-04-24,6,582,0.0001037547636717
774,2021-04-24,7,51367,0.0122939853363464
775,2021-04-24,8,1698,0.0005027543417337
776,2021-04-25,1,0,0.0
777,2021-04-25,2,3,4.979791177436765e-07
778,2021-04-25,3,20,2.887492882330045e-06
779,2021-04-25,4,39,5.10937535004134e-06
780,2021-04-25,5,35,5.132148422905453e-06
781,2021-04-25,6,90,1.6044551083265695e-05
782,2021-04-25,7,6008,0.0014379322113568
783,2021-04-25,8,151,4.470901389976594e-05
784,2021-04-26,1,1,1.6445804987617953e-07
785,2021-04-26,2,96,1.5935331767797648e-05
786,2021-04-26,3,781,0.0001127565970549
787,2021-04-26,4,976,0.0001278653933753
788,2021-04-26,5,1351,0.0001981009291241
789,2021-04-26,6,1479,0.0002636654561349
790,2021-04-26,7,88992,0.0212990118763435
791,2021-04-26,8,2787,0.0008251921969446
792,2021-04-27,1,0,0.0
793,2021-04-27,2,88,1.4607387453814511e-05
794,2021-04-27,3,956,0.0001380221597753
795,2021-04-27,4,1098,0.0001438485675473
796,2021-04-27,5,1398,0.000204992671292
797,2021-04-27,6,1658,0.0002955762855117
798,2021-04-27,7,66196,0.0158431026403096
799,2021-04-27,8,2558,0.0007573884606331
800,2021-04-28,1,2,3.2891609975235906e-07
801,2021-04-28,2,107,1.7761255199524464e-05
802,2021-04-28,3,978,0.0001411984019459
803,2021-04-28,4,1082,0.0001417524135575
804,2021-04-28,5,1289,0.000189009694775
805,2021-04-28,6,1475,0.0002629523649757
806,2021-04-28,7,101788,0.02436155857683
807,2021-04-28,8,2536,0.0007508745645682
808,2021-04-29,1,5,8.222902493808976e-07
809,2021-04-29,2,139,2.307303245545701e-05
810,2021-04-29,3,947,0.0001367227879783
811,2021-04-29,4,1222,0.0001600937609679
812,2021-04-29,5,1301,0.0001907692885199
813,2021-04-29,6,1435,0.0002558214533831
814,2021-04-29,7,177514,0.0424855357135164
815,2021-04-29,8,2630,0.0007787066659363
816,2021-04-30,1,0,0.0
817,2021-04-30,2,128,2.12471090237302e-05
818,2021-04-30,3,1195,0.0001725276997192
819,2021-04-30,4,1461,0.00019140506119
820,2021-04-30,5,1603,0.000235052397769
821,2021-04-30,6,1774,0.0003162559291301
822,2021-04-30,7,77507,0.0185502350042673
823,2021-04-30,8,2156,0.0006383618143569
824,2021-05-01,1,0,0.0
825,2021-05-01,2,29,4.813798138188873e-06
826,2021-05-01,3,159,2.2955568414523857e-05
827,2021-05-01,4,223,2.9215146232287663e-05
828,2021-05-01,5,319,4.677586705448113e-05
829,2021-05-01,6,489,8.717539421907693e-05
830,2021-05-01,7,19089,0.0045686897441064
831,2021-05-01,8,442,0.0001308700936668
832,2021-05-02,1,0,0.0
833,2021-05-02,2,10,1.659930392478922e-06
834,2021-05-02,3,38,5.486236476427086e-06
835,2021-05-02,4,70,9.170673705202406e-06
836,2021-05-02,5,80,1.1730624966641036e-05
837,2021-05-02,6,146,2.602782731285324e-05
838,2021-05-02,7,14110,0.0033770345376574
839,2021-05-02,8,147,4.3524669160699296e-05
840,2021-05-03,1,2,3.2891609975235906e-07
841,2021-05-03,2,113,1.875721343501181e-05
842,2021-05-03,3,1425,0.000205733867866
843,2021-05-03,4,1554,0.0002035889562554
844,2021-05-03,5,1689,0.0002476628196082
845,2021-05-03,6,1828,0.0003258826597801
846,2021-05-03,7,71270,0.0170574947908464
847,2021-05-03,8,1702,0.0005039386864728
848,2021-05-04,1,5,8.222902493808976e-07
849,2021-05-04,2,200,3.3198607849578434e-05
850,2021-05-04,3,2441,0.0003524185062883
851,2021-05-04,4,3373,0.0004418954629663
852,2021-05-04,5,3453,0.0005063231001226
853,2021-05-04,6,3312,0.0005904394798641
854,2021-05-04,7,130219,0.0311661276016449
855,2021-05-04,8,1862,0.0005513124760355
856,2021-05-05,1,4,6.578321995047181e-07
857,2021-05-05,2,317,5.261979344158182e-05
858,2021-05-05,3,3273,0.0004725382101933
859,2021-05-05,4,4094,0.0005363534021299
860,2021-05-05,5,3830,0.0005616036702779
861,2021-05-05,6,3903,0.0006957986986442
862,2021-05-05,7,188364,0.0450823340645853
863,2021-05-05,8,2085,0.0006173396952384
864,2021-05-06,1,11,1.8090385486379749e-06
865,2021-05-06,2,355,5.892752893300172e-05
866,2021-05-06,3,3242,0.0004680625962257
867,2021-05-06,4,2911,0.000381369016512
868,2021-05-06,5,2606,0.0003821251082883
869,2021-05-06,6,5159,0.0009197093226507
870,2021-05-06,7,382672,0.0915872828203001
871,2021-05-06,8,2266,0.0006709312946812
872,2021-05-07,1,8,1.3156643990094365e-06
873,2021-05-07,2,548,9.096418550784492e-05
874,2021-05-07,3,5280,0.0007622981209351
875,2021-05-07,4,5203,0.0006816430755452
876,2021-05-07,5,4275,0.0006268552716548
877,2021-05-07,6,6041,0.0010769459232667
878,2021-05-07,7,186144,0.0445510075816938
879,2021-05-07,8,1972,0.0005838819563598
880,2021-05-08,1,4,6.578321995047181e-07
881,2021-05-08,2,351,5.826355677601015e-05
882,2021-05-08,3,3566,0.0005148399809194
883,2021-05-08,4,3126,0.0004095360857494
884,2021-05-08,5,2514,0.0003686348895766
885,2021-05-08,6,3980,0.0007095257034599
886,2021-05-08,7,84260,0.0201664727245225
887,2021-05-08,8,983,0.0002910527196256
888,2021-05-09,1,0,0.0
889,2021-05-09,2,18,2.987874706462059e-06
890,2021-05-09,3,92,1.3282467258718208e-05
891,2021-05-09,4,143,1.8734376283484915e-05
892,2021-05-09,5,131,1.920889838287469e-05
893,2021-05-09,6,159,2.834537358043606e-05
894,2021-05-09,7,2566,0.0006141368266214
895,2021-05-09,8,30,8.882585542999857e-06
896,2021-05-10,1,2,3.2891609975235906e-07
897,2021-05-10,2,968,0.0001606812619919
898,2021-05-10,3,7174,0.0010357436968917
899,2021-05-10,4,7947,0.0010411334847891
900,2021-05-10,5,7314,0.0010724723875751
901,2021-05-10,6,10965,0.0019547611403112
902,2021-05-10,7,65896,0.0157713017642432
903,2021-05-10,8,1611,0.000476994843659
904,2021-05-11,1,3,4.933741496285386e-07
905,2021-05-11,2,902,0.0001497257214015
906,2021-05-11,3,7141,0.0010309793336359
907,2021-05-11,4,8723,0.0011427969532925
908,2021-05-11,5,8450,0.0012390472621014
909,2021-05-11,6,24323,0.0043361290666474
910,2021-05-11,7,46295,0.0110800718583167
911,2021-05-11,8,1501,0.0004444253633347
912,2021-05-12,1,3,4.933741496285386e-07
913,2021-05-12,2,672,0.0001115473223745
914,2021-05-12,3,5303,0.0007656187377498
915,2021-05-12,4,5238,0.0006862284123978
916,2021-05-12,5,5115,0.0007500268338046
917,2021-05-12,6,157368,0.0280544323874595
918,2021-05-12,7,29336,0.0070211683342819
919,2021-05-12,8,1307,0.00038698464349
920,2021-05-13,1,1,1.6445804987617953e-07
921,2021-05-13,2,543,9.013422031160544e-05
922,2021-05-13,3,4817,0.0006954526607091
923,2021-05-13,4,5265,0.0006897656722555
924,2021-05-13,5,5205,0.000763223786892
925,2021-05-13,6,108870,0.019408558627057
926,2021-05-13,7,24453,0.005852489408174
927,2021-05-13,8,1231,0.0003644820934477
928,2021-05-14,1,5,8.222902493808976e-07
929,2021-05-14,2,660,0.0001095554059036
930,2021-05-14,3,4724,0.0006820258188063
931,2021-05-14,4,4943,0.0006475805732116
932,2021-05-14,5,6156,0.000902671591183
933,2021-05-14,6,208907,0.0372424337016865
934,2021-05-14,7,23414,0.0056038190407307
935,2021-05-14,8,1536,0.0004547883798015
936,2021-05-15,1,1,1.6445804987617953e-07
937,2021-05-15,2,434,7.204097903358521e-05
938,2021-05-15,3,3623,0.000523069335634
939,2021-05-15,4,2926,0.0003833341608774
940,2021-05-15,5,7288,0.0010686599344609
941,2021-05-15,6,79559,0.014183204884817
942,2021-05-15,7,12977,0.0031058665623798
943,2021-05-15,8,910,0.0002694384281376
944,2021-05-16,1,0,0.0
945,2021-05-16,2,2598,0.000431249915966
946,2021-05-16,3,16456,0.0023758291435811
947,2021-05-16,4,18208,0.0023854232403475
948,2021-05-16,5,16489,0.0024178284384368
949,2021-05-16,6,21816,0.0038891991825836
950,2021-05-16,7,2282,0.0005461653306119
951,2021-05-16,8,96,2.842427373759954e-05
952,2021-05-17,1,6,9.867482992570772e-07
953,2021-05-17,2,643,0.0001067335242363
954,2021-05-17,3,4797,0.0006925651678268
955,2021-05-17,4,7053,0.0009240108806113
956,2021-05-17,5,11838,0.0017358392294387
957,2021-05-17,6,117038,0.0208646907742583
958,2021-05-17,7,15307,0.0036635200331624
959,2021-05-17,8,1184,0.0003505660427637
960,2021-05-18,1,4,6.578321995047181e-07
961,2021-05-18,2,702,0.000116527113552
962,2021-05-18,3,7662,0.0011061985232206
963,2021-05-18,4,23117,0.0030285494863309
964,2021-05-18,5,25722,0.0037716891923992
965,2021-05-18,6,123038,0.0219343275131427
966,2021-05-18,7,15636,0.0037422616605819
967,2021-05-18,8,1403,0.0004154089172276
968,2021-05-19,1,6,9.867482992570772e-07
969,2021-05-19,2,658,0.0001092234198251
970,2021-05-19,3,6405,0.0009247195955661
971,2021-05-19,4,32407,0.0042456288966356
972,2021-05-19,5,21937,0.003216683998665
973,2021-05-19,6,95393,0.0170059762387329
974,2021-05-19,7,11167,0.0026726679434458
975,2021-05-19,8,1090,0.0003227339413956
976,2021-05-20,1,3,4.933741496285386e-07
977,2021-05-20,2,568,9.428404629280276e-05
978,2021-05-20,3,5411,0.0007812111993143
979,2021-05-20,4,17885,0.0023431071316792
980,2021-05-20,5,55853,0.0081898824532725
981,2021-05-20,6,79340,0.0141441631438477
982,2021-05-20,7,10771,0.0025778907870381
983,2021-05-20,8,1078,0.0003191809071784
984,2021-05-21,1,10,1.6445804987617953e-06
985,2021-05-21,2,534,8.864028295837443e-05
986,2021-05-21,3,4990,0.0007204294741413
987,2021-05-21,4,13896,0.001820509740107
988,2021-05-21,5,86497,0.0126832983467443
989,2021-05-21,6,83238,0.0148390704785429
990,2021-05-21,7,10507,0.0025147060160996
991,2021-05-21,8,1322,0.0003914259362615
992,2021-05-22,1,3,4.933741496285386e-07
993,2021-05-22,2,865,0.0001435839789494
994,2021-05-22,3,4360,0.0006294734483479
995,2021-05-22,4,5363,0.0007026046154428
996,2021-05-22,5,31782,0.0046602840336223
997,2021-05-22,6,41003,0.007309719200746
998,2021-05-22,7,4194,0.0010037762474085
999,2021-05-22,8,713,0.0002111094497386
1000,2021-05-23,1,0,0.0
1001,2021-05-23,2,19,3.1538677457099514e-06
1002,2021-05-23,3,477,6.886670524357158e-05
1003,2021-05-23,4,1170,0.0001532812605012
1004,2021-05-23,5,5087,0.0007459211150662
1005,2021-05-23,6,2860,0.0005098601788682
1006,2021-05-23,7,351,8.400702499771434e-05
1007,2021-05-23,8,56,1.6580826346933064e-05
1008,2021-05-24,1,5,8.222902493808976e-07
1009,2021-05-24,2,369,6.125143148247222e-05
1010,2021-05-24,3,3367,0.0004861094267402
1011,2021-05-24,4,8764,0.0011481683478913
1012,2021-05-24,5,58157,0.0085277244523117
1013,2021-05-24,6,58086,0.0103551532691396
1014,2021-05-24,7,8420,0.0020152112549309
1015,2021-05-24,8,1490,0.0004411684153023
1016,2021-05-25,1,4,6.578321995047181e-07
1017,2021-05-25,2,476,7.901268668199667e-05
1018,2021-05-25,3,4497,0.0006492527745919
1019,2021-05-25,4,11609,0.0015208907291956
1020,2021-05-25,5,55266,0.0081038089925797
1021,2021-05-25,6,58595,0.010445894119155
1022,2021-05-25,7,9213,0.0022050049039998
1023,2021-05-25,8,1470,0.0004352466916069
1024,2021-05-26,1,6,9.867482992570772e-07
1025,2021-05-26,2,493,8.183456834921085e-05
1026,2021-05-26,3,4185,0.0006042078856275
1027,2021-05-26,4,9594,0.0012569063361101
1028,2021-05-26,5,51332,0.0075269555098452
1029,2021-05-26,6,54328,0.0096852041250184
1030,2021-05-26,7,7709,0.0018450431786535
1031,2021-05-26,8,1644,0.0004867656877563
1032,2021-05-27,1,4,6.578321995047181e-07
1033,2021-05-27,2,587,9.743791403851272e-05
1034,2021-05-27,3,8719,0.0012588025220517
1035,2021-05-27,4,11363,0.001488662361603
1036,2021-05-27,5,54156,0.0079410465711676
1037,2021-05-27,6,49128,0.0087581856179853
1038,2021-05-27,7,8509,0.0020365121814972
1039,2021-05-27,8,1595,0.0004722574647028
1040,2021-05-28,1,8,1.3156643990094365e-06
1041,2021-05-28,2,1218,0.0002021795218039
1042,2021-05-28,3,29390,0.004243170790584
1043,2021-05-28,4,16176,0.0021192116836479
1044,2021-05-28,5,120979,0.0177394909729908
1045,2021-05-28,6,46902,0.0083613503878591
1046,2021-05-28,7,8740,0.0020917988560684
1047,2021-05-28,8,1709,0.0005060112897662
1048,2021-05-29,1,5,8.222902493808976e-07
1049,2021-05-29,2,693,0.0001150331761987
1050,2021-05-29,3,10671,0.0015406218273671
1051,2021-05-29,4,9720,0.0012734135487795
1052,2021-05-29,5,44362,0.0065049248096266
1053,2021-05-29,6,19905,0.0035485198812489
1054,2021-05-29,7,4171,0.0009982715135768
1055,2021-05-29,8,648,0.0001918638477287
1056,2021-05-30,1,0,0.0
1057,2021-05-30,2,67,1.1121533629608775e-05
1058,2021-05-30,3,866,0.0001250284418048
1059,2021-05-30,4,1182,0.0001548533759935
1060,2021-05-30,5,7016,0.0010287758095744
1061,2021-05-30,6,2862,0.0005102167244478
1062,2021-05-30,7,288,6.89288410237656e-05
1063,2021-05-30,8,18,5.3295513257999135e-06
1064,2021-05-31,1,4,6.578321995047181e-07
1065,2021-05-31,2,999,0.0001658270462086
1066,2021-05-31,3,12701,0.0018337023549236
1067,2021-05-31,4,14822,0.0019418246522644
1068,2021-05-31,5,69625,0.0102093095412797
1069,2021-05-31,6,36787,0.0065581211188899
1070,2021-05-31,7,5750,0.0013761834579397
1071,2021-05-31,8,875,0.0002590754116708
1072,2021-06-01,1,5,8.222902493808976e-07
1073,2021-06-01,2,1154,0.000191555967292
1074,2021-06-01,3,13763,0.0019870282269754
1075,2021-06-01,4,29135,0.0038169654057296
1076,2021-06-01,5,63064,0.0092472516612031
1077,2021-06-01,6,38503,0.0068640372262108
1078,2021-06-01,7,5353,0.0012811669652785
1079,2021-06-01,8,1175,0.0003479012671008
1080,2021-06-02,1,7,1.1512063491332566e-06
1081,2021-06-02,2,1737,0.0002883299091735
1082,2021-06-02,3,15896,0.0022949793428759
1083,2021-06-02,4,105699,0.0138475862852312
1084,2021-06-02,5,69064,0.0101270485337012
1085,2021-06-02,6,43190,0.0076996017920693
1086,2021-06-02,7,5888,0.0014092118609303
1087,2021-06-02,8,1236,0.0003659625243715
1088,2021-06-03,1,7,1.1512063491332566e-06
1089,2021-06-03,2,895,0.0001485637701268
1090,2021-06-03,3,8970,0.001295040557725
1091,2021-06-03,4,42871,0.005616513605939
1092,2021-06-03,5,28524,0.0041825543318558
1093,2021-06-03,6,18815,0.0033542025403516
1094,2021-06-03,7,2650,0.00063424107192
1095,2021-06-03,8,542,0.0001604787121435
1096,2021-06-04,1,3,4.933741496285386e-07
1097,2021-06-04,2,1352,0.0002244225890631
1098,2021-06-04,3,11956,0.0017261432450569
1099,2021-06-04,4,47136,0.0061752696538345
1100,2021-06-04,5,35909,0.0052654376490889
1101,2021-06-04,6,23549,0.0041981459273313
1102,2021-06-04,7,3231,0.0007732954352353
1103,2021-06-04,8,603,0.0001785399694142
1104,2021-06-05,1,0,0.0
1105,2021-06-05,2,1300,0.0002157909510222
1106,2021-06-05,3,7938,0.0011460459249967
1107,2021-06-05,4,24548,0.0032160242587901
1108,2021-06-05,5,17234,0.0025270698834386
1109,2021-06-05,6,14467,0.00257907245024
1110,2021-06-05,7,2776,0.0006643974398679
1111,2021-06-05,8,545,0.0001613669706978
1112,2021-06-06,1,0,0.0
1113,2021-06-06,2,367,6.091944540397643e-05
1114,2021-06-06,3,3057,0.0004413532870641
1115,2021-06-06,4,2034,0.0002664735759483
1116,2021-06-06,5,1872,0.0002744966242194
1117,2021-06-06,6,1009,0.0001798772449223
1118,2021-06-06,7,128,3.063504045500694e-05
1119,2021-06-06,8,13,3.849120401966604e-06
1120,2021-06-07,1,6,9.867482992570772e-07
1121,2021-06-07,2,4343,0.0007209077694535
1122,2021-06-07,3,35129,0.0050717368731686
1123,2021-06-07,4,52571,0.0068873069622313
1124,2021-06-07,5,39866,0.0058456636865013
1125,2021-06-07,6,35257,0.0062853637504744
1126,2021-06-07,7,5766,0.0013800128379966
1127,2021-06-07,8,845,0.0002501928261278
1128,2021-06-08,1,17,2.795786847895052e-06
1129,2021-06-08,2,4249,0.0007053044237642
1130,2021-06-08,3,34180,0.004934725335902
1131,2021-06-08,4,47358,0.0062043537904425
1132,2021-06-08,5,38416,0.005633046108981
1133,2021-06-08,6,37508,0.0066866558003458
1134,2021-06-08,7,5175,0.0012385651121457
1135,2021-06-08,8,758,0.0002244333280531
1136,2021-06-09,1,9,1.480122448885616e-06
1137,2021-06-09,2,4402,0.0007307013587692
1138,2021-06-09,3,34012,0.0049104703956904
1139,2021-06-09,4,43849,0.0057446410185631
1140,2021-06-09,5,51560,0.0075603877910001
1141,2021-06-09,6,42669,0.0076067216685762
1142,2021-06-09,7,4217,0.0010092809812403
1143,2021-06-09,8,714,0.0002114055359233
1144,2021-06-10,1,7,1.1512063491332566e-06
1145,2021-06-10,2,4631,0.0007687137647569
1146,2021-06-10,3,40224,0.0058073256849421
1147,2021-06-10,4,54670,0.007162296163763
1148,2021-06-10,5,51410,0.0075383928691876
1149,2021-06-10,6,50156,0.0089414500459141
1150,2021-06-10,7,4287,0.0010260345189891
1151,2021-06-10,8,798,0.0002362767754437
1152,2021-06-11,1,9,1.480122448885616e-06
1153,2021-06-11,2,5686,0.0009438364211635
1154,2021-06-11,3,56795,0.0081997579125967
1155,2021-06-11,4,90931,0.0119128361526822
1156,2021-06-11,5,72173,0.0105829299464672
1157,2021-06-11,6,61120,0.0108960329134355
1158,2021-06-11,7,3883,0.000929342672553
1159,2021-06-11,8,643,0.0001903834168049
1160,2021-06-12,1,2,3.2891609975235906e-07
1161,2021-06-12,2,2107,0.0003497473336953
1162,2021-06-12,3,26716,0.0038571129922164
1163,2021-06-12,4,44409,0.0058180064082047
1164,2021-06-12,5,32791,0.004808236541014
1165,2021-06-12,6,60106,0.010715264304564
1166,2021-06-12,7,2355,0.0005636368771214
1167,2021-06-12,8,317,9.385932057103182e-05
1168,2021-06-13,1,1,1.6445804987617953e-07
1169,2021-06-13,2,133,2.207707421996966e-05
1170,2021-06-13,3,1568,0.0002263794419746
1171,2021-06-13,4,2510,0.0003288341571436
1172,2021-06-13,5,2063,0.0003025034913272
1173,2021-06-13,6,4386,0.0007819044561244
1174,2021-06-13,7,90,2.1540262819926755e-05
1175,2021-06-13,8,19,5.625637510566576e-06
1176,2021-06-14,1,4,6.578321995047181e-07
1177,2021-06-14,2,4072,0.0006759236558174
1178,2021-06-14,3,37813,0.0054592384179772
1179,2021-06-14,4,58089,0.00761021806945
1180,2021-06-14,5,46601,0.0068332356758804
1181,2021-06-14,6,125742,0.0224163771367999
1182,2021-06-14,7,4448,0.0010645676558114
1183,2021-06-14,8,648,0.0001918638477287
1184,2021-06-15,1,6,9.867482992570772e-07
1185,2021-06-15,2,4103,0.0006810694400341
1186,2021-06-15,3,36011,0.0051990753092793
1187,2021-06-15,4,51385,0.0067319295477403
1188,2021-06-15,5,41595,0.0060991918185929
1189,2021-06-15,6,183379,0.0326914859233131
1190,2021-06-15,7,4629,0.0011078875177048
1191,2021-06-15,8,923,0.0002732875485396
1192,2021-06-16,1,6,9.867482992570772e-07
1193,2021-06-16,2,3047,0.0005057807905883
1194,2021-06-16,3,26780,0.0038663529694399
1195,2021-06-16,4,35021,0.0045880880547127
1196,2021-06-16,5,36516,0.0053544437660233
1197,2021-06-16,6,437954,0.0780752813902282
1198,2021-06-16,7,4341,0.0010389586766811
1199,2021-06-16,8,799,0.0002365728616285
1200,2021-06-17,1,3,4.933741496285386e-07
1201,2021-06-17,2,2895,0.0004805498486226
1202,2021-06-17,3,24807,0.003581501796598
1203,2021-06-17,4,31140,0.0040796397025714
1204,2021-06-17,5,49720,0.0072905834167674
1205,2021-06-17,6,401557,0.0715866866593658
1206,2021-06-17,7,4489,0.0010743804422072
1207,2021-06-17,8,842,0.0002493045675735
1208,2021-06-18,1,3,4.933741496285386e-07
1209,2021-06-18,2,3000,0.0004979791177436
1210,2021-06-18,3,24632,0.0035562362338776
1211,2021-06-18,4,29818,0.0039064449791675
1212,2021-06-18,5,48113,0.00705494448775
1213,2021-06-18,6,357749,0.0637769122831913
1214,2021-06-18,7,4690,0.0011224870291717
1215,2021-06-18,8,894,0.0002647010491813
1216,2021-06-19,1,6,9.867482992570772e-07
1217,2021-06-19,2,1726,0.0002865039857418
1218,2021-06-19,3,13944,0.0020131600375605
1219,2021-06-19,4,17015,0.0022291287584859
1220,2021-06-19,5,67942,0.009962526518544
1221,2021-06-19,6,319055,0.0568788249541259
1222,2021-06-19,7,3047,0.0007292575645812
1223,2021-06-19,8,537,0.0001589982812196
1224,2021-06-20,1,0,0.0
1225,2021-06-20,2,84,1.3943415296822942e-05
1226,2021-06-20,3,604,8.720228504636737e-05
1227,2021-06-20,4,735,9.629207390462524e-05
1228,2021-06-20,5,6697,0.0009819999425199
1229,2021-06-20,6,25424,0.0045324074082327
1230,2021-06-20,7,191,4.571322442895567e-05
1231,2021-06-20,8,72,2.131820530319965e-05
1232,2021-06-21,1,3,4.933741496285386e-07
1233,2021-06-21,2,1907,0.0003165487258457
1234,2021-06-21,3,15074,0.0021763033854121
1235,2021-06-21,4,18784,0.0024608847839788
1236,2021-06-21,5,94502,0.0138570940074688
1237,2021-06-21,6,196662,0.0350594833904133
1238,2021-06-21,7,3715,0.0008891341819558
1239,2021-06-21,8,713,0.0002111094497386
1240,2021-06-22,1,2,3.2891609975235906e-07
1241,2021-06-22,2,1630,0.000270568653974
1242,2021-06-22,3,11939,0.0017236888761069
1243,2021-06-22,4,14919,0.0019545325858273
1244,2021-06-22,5,129432,0.0189789781335285
1245,2021-06-22,6,137559,0.0245230266940327
1246,2021-06-22,7,3152,0.0007543878712045
1247,2021-06-22,8,680,0.0002013386056413
1248,2021-06-23,1,5,8.222902493808976e-07
1249,2021-06-23,2,2047,0.0003397877513404
1250,2021-06-23,3,15282,0.0022063333113883
1251,2021-06-23,4,18159,0.0023790037687538
1252,2021-06-23,5,304390,0.0446335616699483
1253,2021-06-23,6,118921,0.0212003784374782
1254,2021-06-23,7,3699,0.0008853048018989
1255,2021-06-23,8,972,0.0002877957715931
1256,2021-06-24,1,5,8.222902493808976e-07
1257,2021-06-24,2,2265,0.0003759742338964
1258,2021-06-24,3,14967,0.0021608552984916
1259,2021-06-24,4,16654,0.002181834284092
1260,2021-06-24,5,300088,0.0440027473123671
1261,2021-06-24,6,85860,0.0153065017334354
1262,2021-06-24,7,3280,0.0007850229116595
1263,2021-06-24,8,812,0.0002404219820305
1264,2021-06-25,1,8,1.3156643990094365e-06
1265,2021-06-25,2,2411,0.0004002092176266
1266,2021-06-25,3,15230,0.0021988258298943
1267,2021-06-25,4,21105,0.0027649581221185
1268,2021-06-25,5,319850,0.0469005049447516
1269,2021-06-25,6,64733,0.0115401325030337
1270,2021-06-25,7,3048,0.0007294969008348
1271,2021-06-25,8,887,0.000262628445888
1272,2021-06-26,1,4,6.578321995047181e-07
1273,2021-06-26,2,741,0.0001230008420826
1274,2021-06-26,3,6325,0.0009131696240368
1275,2021-06-26,4,8507,0.0011144988744308
1276,2021-06-26,5,197926,0.0290224459643424
1277,2021-06-26,6,47573,0.0084809714298244
1278,2021-06-26,7,1820,0.0004355919814696
1279,2021-06-26,8,447,0.0001323505245906
1280,2021-06-27,1,0,0.0
1281,2021-06-27,2,80,1.3279443139831377e-05
1282,2021-06-27,3,743,0.0001072703605785
1283,2021-06-27,4,1979,0.0002592680466085
1284,2021-06-27,5,23668,0.0034705053963807
1285,2021-06-27,6,3354,0.0005979269370363
1286,2021-06-27,7,80,1.9146900284379336e-05
1287,2021-06-27,8,35,1.0363016466833164e-05
1288,2021-06-28,1,8,1.3156643990094365e-06
1289,2021-06-28,2,1612,0.0002675807792676
1290,2021-06-28,3,9923,0.001432629593568
1291,2021-06-28,4,13281,0.0017399388211256
1292,2021-06-28,5,185985,0.0272715035552591
1293,2021-06-28,6,32365,0.0057697988423321
1294,2021-06-28,7,2465,0.0005899638650124
1295,2021-06-28,8,722,0.0002137742254015
1296,2021-06-29,1,7,1.1512063491332566e-06
1297,2021-06-29,2,1460,0.0002423498373019
1298,2021-06-29,3,9273,0.0013387860748923
1299,2021-06-29,4,12664,0.0016591058828954
1300,2021-06-29,5,280767,0.0411696547501112
1301,2021-06-29,6,27178,0.0048450978815666
1302,2021-06-29,7,1908,0.0004566535717824
1303,2021-06-29,8,512,0.0001515961266005
1304,2021-06-30,1,5,8.222902493808976e-07
1305,2021-06-30,2,1379,0.0002289044011228
1306,2021-06-30,3,9202,0.00132853547516
1307,2021-06-30,4,18819,0.0024654701208314
1308,2021-06-30,5,351109,0.0514841000176545
1309,2021-06-30,6,23747,0.0042334439397145
1310,2021-06-30,7,1771,0.0004238645050454
1311,2021-06-30,8,554,0.0001640317463607
1312,2021-07-01,1,5,8.222902493808976e-07
1313,2021-07-01,2,1493,0.0002478276075971
1314,2021-07-01,3,10084,0.0014558739112708
1315,2021-07-01,4,27655,0.0036230711616767
1316,2021-07-01,5,235512,0.0345337868392945
1317,2021-07-01,6,27214,0.0048515157019999
1318,2021-07-01,7,1938,0.000463833659389
1319,2021-07-01,8,576,0.0001705456424255
1320,2021-07-02,1,3,4.933741496285386e-07
1321,2021-07-02,2,1666,0.0002765444033869
1322,2021-07-02,3,11042,0.0015941848203344
1323,2021-07-02,4,32528,0.0042614810611831
1324,2021-07-02,5,236510,0.0346801263857533
1325,2021-07-02,6,26836,0.0047841285874502
1326,2021-07-02,7,2277,0.0005449686493441
1327,2021-07-02,8,598,0.0001770595384904
1328,2021-07-03,1,2,3.2891609975235906e-07
1329,2021-07-03,2,418,6.938509040561893e-05
1330,2021-07-03,3,2870,0.0004143552286143
1331,2021-07-03,4,24434,0.003201089161613
1332,2021-07-03,5,90280,0.0132380102748544
1333,2021-07-03,6,9399,0.0016755859514623
1334,2021-07-03,7,865,0.0002070258593248
1335,2021-07-03,8,212,6.277027117053231e-05
1336,2021-07-04,1,0,0.0
1337,2021-07-04,2,13,2.1579095102225982e-06
1338,2021-07-04,3,108,1.5592461564582242e-05
1339,2021-07-04,4,446,5.8430292464575325e-05
1340,2021-07-04,5,4634,0.0006794964511926
1341,2021-07-04,6,551,9.822830718754886e-05
1342,2021-07-04,7,30,7.180087606642251e-06
1343,2021-07-04,8,9,2.6647756628999567e-06
1344,2021-07-05,1,7,1.1512063491332566e-06
1345,2021-07-05,2,1227,0.0002036734591571
1346,2021-07-05,3,8955,0.0012928749380632
1347,2021-07-05,4,50244,0.0065824475663455
1348,2021-07-05,5,217459,0.0318866246827599
1349,2021-07-05,6,22404,0.0039940235829942
1350,2021-07-05,7,2434,0.0005825444411522
1351,2021-07-05,8,662,0.0001960090543155
1352,2021-07-06,1,5,8.222902493808976e-07
1353,2021-07-06,2,1094,0.0001815963849371
1354,2021-07-06,3,7861,0.0011349290773998
1355,2021-07-06,4,88905,0.0116474106537288
1356,2021-07-06,5,130220,0.0190945247894499
1357,2021-07-06,6,19215,0.0034255116562772
1358,2021-07-06,7,1998,0.0004781938346023
1359,2021-07-06,8,536,0.0001587021950349
1360,2021-07-07,1,4,6.578321995047181e-07
1361,2021-07-07,2,1024,0.0001699768721898
1362,2021-07-07,3,7031,0.0010150981227831
1363,2021-07-07,4,123836,0.0162237078422492
1364,2021-07-07,5,103373,0.0151578736834572
1365,2021-07-07,6,12625,0.0022506939714025
1366,2021-07-07,7,1673,0.000400409552197
1367,2021-07-07,8,497,0.000147154833829
1368,2021-07-08,1,7,1.1512063491332566e-06
1369,2021-07-08,2,1269,0.0002106451668055
1370,2021-07-08,3,8999,0.0012992274224044
1371,2021-07-08,4,190761,0.0249915269525445
1372,2021-07-08,5,95608,0.0140192698976327
1373,2021-07-08,6,17628,0.0031425927388423
1374,2021-07-08,7,1957,0.0004683810482066
1375,2021-07-08,8,681,0.000201634691826
1376,2021-07-09,1,3,4.933741496285386e-07
1377,2021-07-09,2,511,8.48224430556729e-05
1378,2021-07-09,3,4038,0.0005829848129424
1379,2021-07-09,4,132409,0.0173468533518877
1380,2021-07-09,5,74744,0.0109599229063327
1381,2021-07-09,6,10060,0.0017934242655294
1382,2021-07-09,7,1123,0.0002687746127419
1383,2021-07-09,8,316,9.356323438626516e-05
1384,2021-07-10,1,0,0.0
1385,2021-07-10,2,138,2.290703941620912e-05
1386,2021-07-10,3,1086,0.0001567908635105
1387,2021-07-10,4,39396,0.0051612551612879
1388,2021-07-10,5,22786,0.0033411752561235
1389,2021-07-10,6,3647,0.0006501608644518
1390,2021-07-10,7,394,9.429848390056824e-05
1391,2021-07-10,8,134,3.967554875873269e-05
1392,2021-07-11,1,0,0.0
1393,2021-07-11,2,6,9.95958235487353e-07
1394,2021-07-11,3,50,7.218732205825112e-06
1395,2021-07-11,4,970,0.0001270793356292
1396,2021-07-11,5,615,9.017917943105296e-05
1397,2021-07-11,6,108,1.9253461299918837e-05
1398,2021-07-11,7,26,6.2227425924232845e-06
1399,2021-07-11,8,6,1.7765171085999713e-06
1400,2021-07-12,1,8,1.3156643990094365e-06
1401,2021-07-12,2,780,0.0001294745706133
1402,2021-07-12,3,5849,0.0008444472934374
1403,2021-07-12,4,196695,0.0257689380634969
1404,2021-07-12,5,48498,0.0071113981204019
1405,2021-07-12,6,11497,0.0020496022644922
1406,2021-07-12,7,1724,0.0004126157011283
1407,2021-07-12,8,473,0.0001400487653946
1408,2021-07-13,1,6,9.867482992570772e-07
1409,2021-07-13,2,782,0.0001298065566918
1410,2021-07-13,3,5456,0.0007877080582996
1411,2021-07-13,4,116033,0.0152014397433678
1412,2021-07-13,5,38555,0.0056534280698605
1413,2021-07-13,6,9331,0.001663463401755
1414,2021-07-13,7,1532,0.0003666631404458
1415,2021-07-13,8,392,0.0001160657844285
1416,2021-07-14,1,5,8.222902493808976e-07
1417,2021-07-14,2,975,0.0001618432132666
1418,2021-07-14,3,8227,0.0011877701971464
1419,2021-07-14,4,127618,0.0167191862415788
1420,2021-07-14,5,33195,0.0048674761970956
1421,2021-07-14,6,9266,0.0016518756704171
1422,2021-07-14,7,2070,0.0004954260448583
1423,2021-07-14,8,498,0.0001474509200137
1424,2021-07-15,1,3,4.933741496285386e-07
1425,2021-07-15,2,970,0.0001610132480704
1426,2021-07-15,3,8443,0.0012189551202756
1427,2021-07-15,4,271650,0.0355887644574033
1428,2021-07-15,5,35294,0.0051752584696578
1429,2021-07-15,6,10599,0.0018895132992392
1430,2021-07-15,7,1868,0.0004470801216402
1431,2021-07-15,8,505,0.0001495235233071
1432,2021-07-16,1,4,6.578321995047181e-07
1433,2021-07-16,2,854,0.0001417580555176
1434,2021-07-16,3,10968,0.0015835010966697
1435,2021-07-16,4,294535,0.0385869197108827
1436,2021-07-16,5,29639,0.0043460499173284
1437,2021-07-16,6,10326,0.00184084482762
1438,2021-07-16,7,1842,0.0004408573790478
1439,2021-07-16,8,470,0.0001391605068403
1440,2021-07-17,1,6,9.867482992570772e-07
1441,2021-07-17,2,423,7.02150556018584e-05
1442,2021-07-17,3,10973,0.0015842229698903
1443,2021-07-17,4,236354,0.0309646487559915
1444,2021-07-17,5,28815,0.004225224480172
1445,2021-07-17,6,10245,0.001826404731645
1446,2021-07-17,7,1578,0.0003776726081093
1447,2021-07-17,8,505,0.0001495235233071
1448,2021-07-18,1,0,0.0
1449,2021-07-18,2,21,3.485853824205736e-06
1450,2021-07-18,3,556,8.027230212877525e-05
1451,2021-07-18,4,31366,0.0041092478776768
1452,2021-07-18,5,2176,0.0003190729990926
1453,2021-07-18,6,536,9.555421534033791e-05
1454,2021-07-18,7,81,1.938623653793408e-05
1455,2021-07-18,8,17,5.033465141033252e-06
1456,2021-07-19,1,6,9.867482992570772e-07
1457,2021-07-19,2,922,0.0001530455821865
1458,2021-07-19,3,15366,0.0022184607814941
1459,2021-07-19,4,370323,0.048515877121881
1460,2021-07-19,5,27307,0.0040041021995508
1461,2021-07-19,6,9063,0.0016156862940848
1462,2021-07-19,7,1710,0.0004092649935786
1463,2021-07-19,8,543,0.0001607747983282
1464,2021-07-20,1,5,8.222902493808976e-07
1465,2021-07-20,2,1062,0.0001762846076812
1466,2021-07-20,3,19691,0.002842881117298
1467,2021-07-20,4,351236,0.046015296421721
1468,2021-07-20,5,23098,0.0033869246934934
1469,2021-07-20,6,7489,0.0013350849229175
1470,2021-07-20,7,1425,0.0003410541613155
1471,2021-07-20,8,453,0.0001341270416992
1472,2021-07-21,1,7,1.1512063491332566e-06
1473,2021-07-21,2,797,0.0001322964522805
1474,2021-07-21,3,26664,0.0038496055107224
1475,2021-07-21,4,317358,0.0415769523676517
1476,2021-07-21,5,18715,0.0027442330781335
1477,2021-07-21,6,6403,0.0011414806731794
1478,2021-07-21,7,1711,0.0004095043298321
1479,2021-07-21,8,430,0.0001273170594496
1480,2021-07-22,1,4,6.578321995047181e-07
1481,2021-07-22,2,947,0.0001571954081677
1482,2021-07-22,3,45634,0.0065883925096124
1483,2021-07-22,4,295866,0.0387612935209059
1484,2021-07-22,5,19246,0.0028220951013496
1485,2021-07-22,6,6539,0.0011657257725941
1486,2021-07-22,7,1763,0.000421949815017
1487,2021-07-22,8,474,0.0001403448515793
1488,2021-07-23,1,3,4.933741496285386e-07
1489,2021-07-23,2,1060,0.0001759526216027
1490,2021-07-23,3,59718,0.0086217649973492
1491,2021-07-23,4,300480,0.0393657719277031
1492,2021-07-23,5,19714,0.0028907192574045
1493,2021-07-23,6,7241,0.0012908732710436
1494,2021-07-23,7,1666,0.0003987341984221
1495,2021-07-23,8,462,0.0001367918173621
1496,2021-07-24,1,3,4.933741496285386e-07
1497,2021-07-24,2,291,4.830397442113662e-05
1498,2021-07-24,3,29166,0.0042108308703019
1499,2021-07-24,4,127942,0.0167616333598715
1500,2021-07-24,5,13994,0.0020519795722896
1501,2021-07-24,6,4730,0.0008432302958205
1502,2021-07-24,7,796,0.0001905116578295
1503,2021-07-24,8,248,7.342937382213215e-05
1504,2021-07-25,1,0,0.0
1505,2021-07-25,2,18,2.987874706462059e-06
1506,2021-07-25,3,2088,0.0003014542569152
1507,2021-07-25,4,6408,0.0008395096728991
1508,2021-07-25,5,722,0.0001058688903239
1509,2021-07-25,6,213,3.797210423039548e-05
1510,2021-07-25,7,83,1.986490904504356e-05
1511,2021-07-25,8,14,4.145206586733266e-06
1512,2021-07-26,1,5,8.222902493808976e-07
1513,2021-07-26,2,998,0.0001656610531693
1514,2021-07-26,3,56821,0.0082035116533437
1515,2021-07-26,4,170523,0.0223401541747461
1516,2021-07-26,5,17239,0.002527803047499
1517,2021-07-26,6,6493,0.0011575252242627
1518,2021-07-26,7,1852,0.0004432507415833
1519,2021-07-26,8,445,0.0001317583522211
1520,2021-07-27,1,5,8.222902493808976e-07
1521,2021-07-27,2,1032,0.0001713048165038
1522,2021-07-27,3,135884,0.0196182041411267
1523,2021-07-27,4,130077,0.0170413389078801
1524,2021-07-27,5,16910,0.0024795608523237
1525,2021-07-27,6,6509,0.0011603775888997
1526,2021-07-27,7,1905,0.0004559355630217
1527,2021-07-27,8,501,0.000148339178568
1528,2021-07-28,1,2,3.2891609975235906e-07
1529,2021-07-28,2,914,0.0001517176378725
1530,2021-07-28,3,65815,0.0095020172025275
1531,2021-07-28,4,78686,0.0103086233023936
1532,2021-07-28,5,12095,0.001773523862144
1533,2021-07-28,6,4581,0.0008166676501382
1534,2021-07-28,7,1157,0.0002769120453628
1535,2021-07-28,8,251,7.431763237643213e-05
1536,2021-07-29,1,13,2.137954648390334e-06
1537,2021-07-29,2,1368,0.0002270784776911
1538,2021-07-29,3,113581,0.0163982164533964
1539,2021-07-29,4,82846,0.0108536233397314
1540,2021-07-29,5,12119,0.001777043049634
1541,2021-07-29,6,4748,0.0008464392060371
1542,2021-07-29,7,2357,0.0005641155496285
1543,2021-07-29,8,360,0.0001065910265159
1544,2021-07-30,1,6,9.867482992570772e-07
1545,2021-07-30,2,1348,0.0002237586169061
1546,2021-07-30,3,227815,0.0328907095494009
1547,2021-07-30,4,77956,0.0102129862766108
1548,2021-07-30,5,14518,0.0021288151658211
1549,2021-07-30,6,5558,0.0009908401657865
1550,2021-07-30,7,1529,0.0003659451316852
1551,2021-07-30,8,367,0.0001086636298093
1552,2021-07-31,1,2,3.2891609975235906e-07
1553,2021-07-31,2,932,0.000154705512579
1554,2021-07-31,3,111940,0.0161612976624012
1555,2021-07-31,4,36510,0.0047831613853848
1556,2021-07-31,5,7617,0.0011169021296363
1557,2021-07-31,6,2552,0.0004549521596054
1558,2021-07-31,7,721,0.0001725614388129
1559,2021-07-31,8,146,4.322858297593263e-05
1560,2021-08-01,1,1,1.6445804987617953e-07
1561,2021-08-01,2,78,1.294745706133559e-05
1562,2021-08-01,3,16769,0.0024210184071896
1563,2021-08-01,4,3330,0.0004362620491189
1564,2021-08-01,5,570,8.358070288731737e-05
1565,2021-08-01,6,199,3.547628517299859e-05
1566,2021-08-01,7,45,1.0770131409963378e-05
1567,2021-08-01,8,10,2.960861847666619e-06
1568,2021-08-02,1,7,1.1512063491332566e-06
1569,2021-08-02,2,1866,0.0003097430112365
1570,2021-08-02,3,211876,0.030589522096828
1571,2021-08-02,4,58676,0.0076871207189493
1572,2021-08-02,5,12756,0.0018704481509309
1573,2021-08-02,6,4925,0.0008779934898342
1574,2021-08-02,7,1350,0.0003231039422989
1575,2021-08-02,8,352,0.0001042223370378
1576,2021-08-03,1,8,1.3156643990094365e-06
1577,2021-08-03,2,3525,0.0005851254633488
1578,2021-08-03,3,258154,0.0372708918772515
1579,2021-08-03,4,50121,0.0065663333825492
1580,2021-08-03,5,12841,0.0018829119399579
1581,2021-08-03,6,5414,0.0009651688840533
1582,2021-08-03,7,1163,0.0002783480628841
1583,2021-08-03,8,345,0.0001021497337444
1584,2021-08-04,1,6,9.867482992570772e-07
1585,2021-08-04,2,3823,0.0006345913890446
1586,2021-08-04,3,284787,0.0411160217740063
1587,2021-08-04,4,41181,0.0053951073407705
1588,2021-08-04,5,9985,0.0014641286286488
1589,2021-08-04,6,4575,0.0008155980133993
1590,2021-08-04,7,1206,0.000288639521787
1591,2021-08-04,8,385,0.0001139931811351
1592,2021-08-05,1,11,1.8090385486379749e-06
1593,2021-08-05,2,3623,0.0006013927811951
1594,2021-08-05,3,322743,0.0465959057660922
1595,2021-08-05,4,33781,0.0044256361205063
1596,2021-08-05,5,8662,0.001270133418263
1597,2021-08-05,6,4057,0.0007232527082756
1598,2021-08-05,7,1095,0.0002620731976424
1599,2021-08-05,8,371,0.0001098479745484
1600,2021-08-06,1,12,1.9734965985141545e-06
1601,2021-08-06,2,9488,0.001574941956384
1602,2021-08-06,3,282433,0.040776163861756
1603,2021-08-06,4,29371,0.0038478836770785
1604,2021-08-06,5,8570,0.0012566431995514
1605,2021-08-06,6,4224,0.0007530242641746
1606,2021-08-06,7,1115,0.0002668599227135
1607,2021-08-06,8,366,0.0001083675436245
1608,2021-08-07,1,3,4.933741496285386e-07
1609,2021-08-07,2,6887,0.0011431940613002
1610,2021-08-07,3,107878,0.015574847858
1611,2021-08-07,4,18264,0.0023927597793116
1612,2021-08-07,5,5556,0.0008146919039332
1613,2021-08-07,6,2576,0.000459230706561
1614,2021-08-07,7,563,0.0001347463107513
1615,2021-08-07,8,168,4.97424790407992e-05
1616,2021-08-08,1,0,0.0
1617,2021-08-08,2,151,2.506494892643172e-05
1618,2021-08-08,3,3517,0.0005077656233577
1619,2021-08-08,4,727,9.524399690974498e-05
1620,2021-08-08,5,148,2.170165618828592e-05
1621,2021-08-08,6,63,1.1231185758285986e-05
1622,2021-08-08,7,25,5.983406338868543e-06
1623,2021-08-08,8,3,8.882585542999856e-07
1624,2021-08-09,1,11,1.8090385486379749e-06
1625,2021-08-09,2,17507,0.0029060401381128
1626,2021-08-09,3,180349,0.026037822691767
1627,2021-08-09,4,28991,0.0037981000198217
1628,2021-08-09,5,9051,0.0013271735821633
1629,2021-08-09,6,4357,0.0007767345452198
1630,2021-08-09,7,1150,0.0002752366915879
1631,2021-08-09,8,371,0.0001098479745484
1632,2021-08-10,1,11,1.8090385486379749e-06
1633,2021-08-10,2,68562,0.0113808147569139
1634,2021-08-10,3,369865,0.0533991277461501
1635,2021-08-10,4,29262,0.0038336036280233
1636,2021-08-10,5,9443,0.0013846536444998
1637,2021-08-10,6,4396,0.0007836871840226
1638,2021-08-10,7,1053,0.0002520210749931
1639,2021-08-10,8,411,0.000121691421939
1640,2021-08-11,1,28,4.6048253965330266e-06
1641,2021-08-11,2,66247,0.0109965408710551
1642,2021-08-11,3,305894,0.0441633373873733
1643,2021-08-11,4,24317,0.0031857610355629
1644,2021-08-11,5,8012,0.001174822090409
1645,2021-08-11,6,3970,0.0007077429755618
1646,2021-08-11,7,926,0.0002216253707916
1647,2021-08-11,8,356,0.0001054066817769
1648,2021-08-12,1,24,3.946993197028309e-06
1649,2021-08-12,2,68788,0.011418329183784
1650,2021-08-12,3,320041,0.0462058054776894
1651,2021-08-12,4,23807,0.0031189461271393
1652,2021-08-12,5,7849,0.0011509209420395
1653,2021-08-12,6,3623,0.0006458823174963
1654,2021-08-12,7,801,0.0001917083390973
1655,2021-08-12,8,336,9.94849580815984e-05
1656,2021-08-13,1,19,3.124702947647411e-06
1657,2021-08-13,2,78035,0.0129532668177092
1658,2021-08-13,3,320279,0.0462401666429892
1659,2021-08-13,4,27568,0.0036116733243574
1660,2021-08-13,5,8628,0.0012651479026522
1661,2021-08-13,6,4161,0.0007417930784163
1662,2021-08-13,7,931,0.0002228220520594
1663,2021-08-13,8,381,0.000112808836396
1664,2021-08-14,1,18,2.960244897771232e-06
1665,2021-08-14,2,79408,0.0131811752605966
1666,2021-08-14,3,310195,0.0447842927317184
1667,2021-08-14,4,16949,0.0022204821232782
1668,2021-08-14,5,6080,0.0008915274974647
1669,2021-08-14,6,2983,0.0005317877320153
1670,2021-08-14,7,582,0.0001392936995688
1671,2021-08-14,8,220,6.513896064866561e-05
1672,2021-08-15,1,28,4.6048253965330266e-06
1673,2021-08-15,2,143684,0.0238505438512941
1674,2021-08-15,3,67297,0.0097159804251082
1675,2021-08-15,4,5144,0.000673913507708
1676,2021-08-15,5,1991,0.0002919459288572
1677,2021-08-15,6,1012,0.0001804120632918
1678,2021-08-15,7,212,5.073928575360524e-05
1679,2021-08-15,8,71,2.1022119118432992e-05
1680,2021-08-16,1,27,4.440367346656848e-06
1681,2021-08-16,2,93452,0.015512381503794
1682,2021-08-16,3,169758,0.0245087508359291
1683,2021-08-16,4,20934,0.0027425554763529
1684,2021-08-16,5,7809,0.0011450556295562
1685,2021-08-16,6,3673,0.000654795956987
1686,2021-08-16,7,884,0.0002115732481423
1687,2021-08-16,8,340,0.0001006693028206
1688,2021-08-17,1,29,4.769283446409206e-06
1689,2021-08-17,2,81637,0.0135511737450801
1690,2021-08-17,3,139615,0.0201568659383254
1691,2021-08-17,4,19504,0.0025552117135181
1692,2021-08-17,5,7088,0.0010393333720443
1693,2021-08-17,6,3348,0.0005968573002974
1694,2021-08-17,7,797,0.0001907509940831
1695,2021-08-17,8,336,9.94849580815984e-05
1696,2021-08-18,1,22,3.6180770972759497e-06
1697,2021-08-18,2,69690,0.0115680549051856
1698,2021-08-18,3,102147,0.0147474367725683
1699,2021-08-18,4,16790,0.0021996515930049
1700,2021-08-18,5,6363,0.0009330245832842
1701,2021-08-18,6,3044,0.000542662372194
1702,2021-08-18,7,701,0.0001677747137418
1703,2021-08-18,8,341,0.0001009653890054
1704,2021-08-19,1,18,2.960244897771232e-06
1705,2021-08-19,2,49875,0.0082789028324886
1706,2021-08-19,3,70540,0.010184187395978
1707,2021-08-19,4,15054,0.0019722188851159
1708,2021-08-19,5,5830,0.0008548692944439
1709,2021-08-19,6,2813,0.0005014813577469
1710,2021-08-19,7,719,0.0001720827663058
1711,2021-08-19,8,322,9.533975149486512e-05
1712,2021-08-20,1,7,1.1512063491332566e-06
1713,2021-08-20,2,37967,0.0063022577211247
1714,2021-08-20,3,58246,0.0084092455212097
1715,2021-08-20,4,14915,0.0019540085473299
1716,2021-08-20,5,5935,0.0008702657397126
1717,2021-08-20,6,2714,0.0004838323515553
1718,2021-08-20,7,714,0.000170886085038
1719,2021-08-20,8,278,8.2311959365132e-05
1720,2021-08-21,1,4,6.578321995047181e-07
1721,2021-08-21,2,23604,0.0039180996984072
1722,2021-08-21,3,39305,0.0056746453869991
1723,2021-08-21,4,9445,0.0012373859020805
1724,2021-08-21,5,4287,0.0006286148653998
1725,2021-08-21,6,1943,0.0003463840306087
1726,2021-08-21,7,374,8.95117588294734e-05
1727,2021-08-21,8,147,4.3524669160699296e-05
1728,2021-08-22,1,1,1.6445804987617953e-07
1729,2021-08-22,2,2103,0.0003490833615383
1730,2021-08-22,3,2861,0.0004130558568173
1731,2021-08-22,4,1079,0.0001413593846844
1732,2021-08-22,5,557,8.167447633023821e-05
1733,2021-08-22,6,249,4.438992466370175e-05
1734,2021-08-22,7,50,1.1966812677737083e-05
1735,2021-08-22,8,17,5.033465141033252e-06
1736,2021-08-23,1,18,2.960244897771232e-06
1737,2021-08-23,2,54627,0.0090677017549946
1738,2021-08-23,3,49682,0.007172821068996
1739,2021-08-23,4,13498,0.0017683679096117
1740,2021-08-23,5,5444,0.0007982690289799
1741,2021-08-23,6,2542,0.0004531694317073
1742,2021-08-23,7,702,0.0001680140499954
1743,2021-08-23,8,312,9.237888964719852e-05
1744,2021-08-24,1,18,2.960244897771232e-06
1745,2021-08-24,2,54610,0.0090648798733273
1746,2021-08-24,3,47038,0.006791094509952
1747,2021-08-24,4,12982,0.0017007669434419
1748,2021-08-24,5,5416,0.0007941633102415
1749,2021-08-24,6,2657,0.0004736708025359
1750,2021-08-24,7,736,0.0001761514826162
1751,2021-08-24,8,348,0.0001030379922987
1752,2021-08-25,1,21,3.4536190473997703e-06
1753,2021-08-25,2,58882,0.0097740021369943
1754,2021-08-25,3,39631,0.0057217115209811
1755,2021-08-25,4,11709,0.0015339916916316
1756,2021-08-25,5,4829,0.0007080898495488
1757,2021-08-25,6,2283,0.0004069967791455
1758,2021-08-25,7,641,0.0001534145385285
1759,2021-08-25,8,287,8.497673502803196e-05
1760,2021-08-26,1,15,2.466870748142693e-06
1761,2021-08-26,2,57853,0.0096031952996083
1762,2021-08-26,3,29371,0.0042404276723457
1763,2021-08-26,4,9880,0.0012943750886771
1764,2021-08-26,5,4233,0.0006206966935473
1765,2021-08-26,6,1926,0.0003433533931818
1766,2021-08-26,7,658,0.000157483254839
1767,2021-08-26,8,277,8.201587318036534e-05
1768,2021-08-27,1,18,2.960244897771232e-06
1769,2021-08-27,2,52853,0.0087732301033688
1770,2021-08-27,3,26592,0.003839210536346
1771,2021-08-27,4,8910,0.0011672957530479
1772,2021-08-27,5,4117,0.0006036872873457
1773,2021-08-27,6,2019,0.0003599327626345
1774,2021-08-27,7,590,0.0001412083895972
1775,2021-08-27,8,263,7.787066659363207e-05
1776,2021-08-28,1,8,1.3156643990094365e-06
1777,2021-08-28,2,28900,0.004797198834264
1778,2021-08-28,3,12998,0.0018765816242262
1779,2021-08-28,4,5204,0.0006817740851696
1780,2021-08-28,5,2537,0.0003720074442546
1781,2021-08-28,6,969,0.0001727463333298
1782,2021-08-28,7,225,5.3850657049816886e-05
1783,2021-08-28,8,108,3.197730795479948e-05
1784,2021-08-29,1,4,6.578321995047181e-07
1785,2021-08-29,2,19117,0.0031732889313019
1786,2021-08-29,3,1179,0.0001702177054133
1787,2021-08-29,4,561,7.349639926597928e-05
1788,2021-08-29,5,241,3.533850771200612e-05
1789,2021-08-29,6,106,1.8896915720290706e-05
1790,2021-08-29,7,25,5.983406338868543e-06
1791,2021-08-29,8,9,2.6647756628999567e-06
1792,2021-08-30,1,58,9.538566892818413e-06
1793,2021-08-30,2,279991,0.0464765570520565
1794,2021-08-30,3,21083,0.0030438506219082
1795,2021-08-30,4,7957,0.0010424435810327
1796,2021-08-30,5,3597,0.0005274382250625
1797,2021-08-30,6,1772,0.0003158993835505
1798,2021-08-30,7,554,0.0001325922844693
1799,2021-08-30,8,277,8.201587318036534e-05
1800,2021-08-31,1,81,1.3321102039970542e-05
1801,2021-08-31,2,298486,0.0495465983129463
1802,2021-08-31,3,20447,0.0029520283482501
1803,2021-08-31,4,7959,0.0010427056002815
1804,2021-08-31,5,3736,0.0005478201859421
1805,2021-08-31,6,1885,0.0003360442087995
1806,2021-08-31,7,549,0.0001313956032015
1807,2021-08-31,8,286,8.46806488432653e-05
1808,2021-09-01,1,66,1.085423129182785e-05
1809,2021-09-01,2,243439,0.0404091794814676
1810,2021-09-01,3,19496,0.0028147280616953
1811,2021-09-01,4,7977,0.0010450637735199
1812,2021-09-01,5,3879,0.00056878867807
1813,2021-09-01,6,1824,0.0003251695686208
1814,2021-09-01,7,570,0.0001364216645262
1815,2021-09-01,8,282,8.349630410419865e-05
1816,2021-09-02,1,68,1.1183147391580208e-05
1817,2021-09-02,2,168400,0.027953227809345
1818,2021-09-02,3,17624,0.0025444587279092
1819,2021-09-02,4,7102,0.0009304303522049
1820,2021-09-02,5,3380,0.0004956189048405
1821,2021-09-02,6,1776,0.0003166124747097
1822,2021-09-02,7,580,0.0001388150270617
1823,2021-09-02,8,303,8.971411398429855e-05
1824,2021-09-03,1,55,9.045192743189877e-06
1825,2021-09-03,2,159657,0.0265019506672007
1826,2021-09-03,3,15064,0.0021748596389709
1827,2021-09-03,4,6490,0.0008502524620966
1828,2021-09-03,5,3194,0.0004683452017931
1829,2021-09-03,6,1662,0.0002962893766709
1830,2021-09-03,7,534,0.0001278055593982
1831,2021-09-03,8,272,8.053544225653203e-05
1832,2021-09-04,1,20,3.2891609975235905e-06
1833,2021-09-04,2,61076,0.0101381908651042
1834,2021-09-04,3,4880,0.0007045482632885
1835,2021-09-04,4,2127,0.0002786574710137
1836,2021-09-04,5,1840,0.0002698043742327
1837,2021-09-04,6,667,0.0001189079508059
1838,2021-09-04,7,158,3.781512806164919e-05
1839,2021-09-04,8,91,2.6943842813766232e-05
1840,2021-09-05,1,2,3.2891609975235906e-07
1841,2021-09-05,2,10571,0.0017547124178894
1842,2021-09-05,3,358,5.168612259370781e-05
1843,2021-09-05,4,209,2.738101149124718e-05
1844,2021-09-05,5,86,1.2610421839139111e-05
1845,2021-09-05,6,111,1.978827966936102e-05
1846,2021-09-05,7,15,3.5900438033211256e-06
1847,2021-09-05,8,11,3.2569480324332805e-06
1848,2021-09-06,1,70,1.1512063491332567e-05
1849,2021-09-06,2,176304,0.0292652367915603
1850,2021-09-06,3,9110,0.0013152530079013
1851,2021-09-06,4,3009,0.0003942079596993
1852,2021-09-06,5,1475,0.0002162833978224
1853,2021-09-06,6,800,0.0001426182318512
1854,2021-09-06,7,232,5.552601082470008e-05
1855,2021-09-06,8,176,5.211116851893249e-05
1856,2021-09-07,1,13,2.137954648390334e-06
1857,2021-09-07,2,22957,0.0038107022020138
1858,2021-09-07,3,1519,0.0002193050844129
1859,2021-09-07,4,621,8.135697672758134e-05
1860,2021-09-07,5,278,4.07639217590776e-05
1861,2021-09-07,6,179,3.1910829376717326e-05
1862,2021-09-07,7,54,1.2924157691956053e-05
1863,2021-09-07,8,37,1.095518883636649e-05
1864,2021-09-08,1,63,1.036085714219931e-05
1865,2021-09-08,2,175857,0.0291910379030165
1866,2021-09-08,3,13668,0.0019733126357843
1867,2021-09-08,4,5450,0.0007140024527621
1868,2021-09-08,5,2575,0.0003775794911137
1869,2021-09-08,6,1655,0.0002950414671422
1870,2021-09-08,7,401,9.597383767545142e-05
1871,2021-09-08,8,261,7.727849422409875e-05
1872,2021-09-09,1,88,1.44723083891038e-05
1873,2021-09-09,2,189365,0.0314332718771771
1874,2021-09-09,3,13458,0.0019429939605198
1875,2021-09-09,4,5778,0.0007569736095522
1876,2021-09-09,5,2733,0.0004007474754228
1877,2021-09-09,6,1667,0.00029718074062
1878,2021-09-09,7,440,0.000105307951564
1879,2021-09-09,8,238,7.046851197446553e-05
1880,2021-09-10,1,79,1.2992185940218184e-05
1881,2021-09-10,2,175048,0.029056749534265
1882,2021-09-10,3,12437,0.0017955874488769
1883,2021-09-10,4,5554,0.0007276274536956
1884,2021-09-10,5,2630,0.0003856442957783
1885,2021-09-10,6,1571,0.0002800665527978
1886,2021-09-10,7,415,9.93245452252178e-05
1887,2021-09-10,8,270,7.994326988699871e-05
1888,2021-09-11,1,35,5.756031745666284e-06
1889,2021-09-11,2,85405,0.0141766355169662
1890,2021-09-11,3,4981,0.0007191301023442
1891,2021-09-11,4,2194,0.0002874351158459
1892,2021-09-11,5,1151,0.0001687743667075
1893,2021-09-11,6,672,0.000119799314755
1894,2021-09-11,7,138,3.3028402990554355e-05
1895,2021-09-11,8,92,2.723992899853289e-05
1896,2021-09-12,1,4,6.578321995047181e-07
1897,2021-09-12,2,12111,0.0020103416983312
1898,2021-09-12,3,330,4.764363255844575e-05
1899,2021-09-12,4,137,1.7948318537324706e-05
1900,2021-09-12,5,75,1.0997460906225973e-05
1901,2021-09-12,6,60,1.0696367388843796e-05
1902,2021-09-12,7,10,2.393362535547417e-06
1903,2021-09-12,8,9,2.6647756628999567e-06
1904,2021-09-13,1,60,9.867482992570772e-06
1905,2021-09-13,2,131684,0.0218586273803194
1906,2021-09-13,3,14477,0.0020901117228746
1907,2021-09-13,4,6220,0.0008148798635194
1908,2021-09-13,5,3065,0.0004494295690344
1909,2021-09-13,6,1903,0.0003392531190161
1910,2021-09-13,7,459,0.0001098553403816
1911,2021-09-13,8,280,8.290413173466532e-05
1912,2021-09-14,1,55,9.045192743189877e-06
1913,2021-09-14,2,118784,0.0197173171740216
1914,2021-09-14,3,11839,0.0017092514116952
1915,2021-09-14,4,4873,0.0006384098995064
1916,2021-09-14,5,2530,0.00037098101457
1917,2021-09-14,6,1740,0.0003101946542764
1918,2021-09-14,7,409,9.788852770388936e-05
1919,2021-09-14,8,269,7.964718370223205e-05
1920,2021-09-15,1,44,7.2361541945518995e-06
1921,2021-09-15,2,97234,0.0161401671782295
1922,2021-09-15,3,10896,0.0015731061222934
1923,2021-09-15,4,4928,0.0006456154288462
1924,2021-09-15,5,2532,0.0003712742801941
1925,2021-09-15,6,1540,0.0002745400963136
1926,2021-09-15,7,428,0.0001024359165214
1927,2021-09-15,8,248,7.342937382213215e-05
1928,2021-09-16,1,45,7.400612244428079e-06
1929,2021-09-16,2,68317,0.0113401464622982
1930,2021-09-16,3,14001,0.0020213893922751
1931,2021-09-16,4,5442,0.0007129543757673
1932,2021-09-16,5,2939,0.0004309538347119
1933,2021-09-16,6,1550,0.0002763228242117
1934,2021-09-16,7,424,0.0001014785715072
1935,2021-09-16,8,279,8.260804554989867e-05
1936,2021-09-17,1,33,5.427115645913925e-06
1937,2021-09-17,2,49193,0.0081656955797215
1938,2021-09-17,3,14147,0.0020424680903161
1939,2021-09-17,4,6163,0.0008074123149308
1940,2021-09-17,5,3224,0.0004727441861556
1941,2021-09-17,6,1624,0.000289515010658
1942,2021-09-17,7,427,0.0001021965802678
1943,2021-09-17,8,249,7.372546000689881e-05
1944,2021-09-18,1,8,1.3156643990094365e-06
1945,2021-09-18,2,17228,0.0028597280801626
1946,2021-09-18,3,4931,0.0007119113701384
1947,2021-09-18,4,2461,0.00032241468555
1948,2021-09-18,5,1296,0.0001900361244595
1949,2021-09-18,6,701,0.0001249692256596
1950,2021-09-18,7,167,3.996915434364187e-05
1951,2021-09-18,8,94,2.7832101368066217e-05
1952,2021-09-19,1,1,1.6445804987617953e-07
1953,2021-09-19,2,924,0.000153377568265
1954,2021-09-19,3,280,4.042490035262063e-05
1955,2021-09-19,4,197,2.580889599892677e-05
1956,2021-09-19,5,86,1.2610421839139111e-05
1957,2021-09-19,6,46,8.20054833144691e-06
1958,2021-09-19,7,13,3.1113712962116422e-06
1959,2021-09-19,8,6,1.7765171085999713e-06
1960,2021-09-20,1,11,1.8090385486379749e-06
1961,2021-09-20,2,32922,0.0054648228381191
1962,2021-09-20,3,12982,0.0018742716299204
1963,2021-09-20,4,5445,0.0007133474046403
1964,2021-09-20,5,2776,0.0004070526863424
1965,2021-09-20,6,1456,0.0002595651819692
1966,2021-09-20,7,389,9.310180263279453e-05
1967,2021-09-20,8,276,8.171978699559868e-05
1968,2021-09-21,1,13,2.137954648390334e-06
1969,2021-09-21,2,28237,0.0046871454492427
1970,2021-09-21,3,11398,0.0016455821936398
1971,2021-09-21,4,4994,0.000654262064054
1972,2021-09-21,5,2694,0.0003950287957516
1973,2021-09-21,6,1307,0.0002330025362869
1974,2021-09-21,7,355,8.49643700119333e-05
1975,2021-09-21,8,247,7.313328763736548e-05
1976,2021-09-22,1,20,3.2891609975235905e-06
1977,2021-09-22,2,25662,0.0042597133731794
1978,2021-09-22,3,12562,0.0018136342793915
1979,2021-09-22,4,5103,0.0006685421131092
1980,2021-09-22,5,3041,0.0004459103815444
1981,2021-09-22,6,1361,0.0002426292669369
1982,2021-09-22,7,390,9.334113888634928e-05
1983,2021-09-22,8,241,7.135677052876551e-05
1984,2021-09-23,1,10,1.6445804987617953e-06
1985,2021-09-23,2,30157,0.0050058520845986
1986,2021-09-23,3,11271,0.001627246613837
1987,2021-09-23,4,5101,0.0006682800938605
1988,2021-09-23,5,2815,0.0004127713660136
1989,2021-09-23,6,1406,0.0002506515424785
1990,2021-09-23,7,381,9.11871126043566e-05
1991,2021-09-23,8,245,7.254111526783217e-05
1992,2021-09-24,1,15,2.466870748142693e-06
1993,2021-09-24,2,21955,0.0036443771766874
1994,2021-09-24,3,13679,0.0019749007568696
1995,2021-09-24,4,6360,0.0008332212109298
1996,2021-09-24,5,3700,0.0005425414047071
1997,2021-09-24,6,1844,0.0003287350244171
1998,2021-09-24,7,554,0.0001325922844693
1999,2021-09-24,8,284,8.408847647373197e-05
2000,2021-09-25,1,4,6.578321995047181e-07
2001,2021-09-25,2,8640,0.0014341798591017
2002,2021-09-25,3,7144,0.0010314124575682
2003,2021-09-25,4,3070,0.0004021995467853
2004,2021-09-25,5,1589,0.0002329995383999
2005,2021-09-25,6,784,0.0001397658672142
2006,2021-09-25,7,228,5.456866581048111e-05
2007,2021-09-25,8,117,3.464208361769944e-05
2008,2021-09-26,1,1,1.6445804987617953e-07
2009,2021-09-26,2,746,0.0001238308072789
2010,2021-09-26,3,501,7.233169670236763e-05
2011,2021-09-26,4,307,4.021995467853055e-05
2012,2021-09-26,5,134,1.9648796819123733e-05
2013,2021-09-26,6,70,1.2479095286984427e-05
2014,2021-09-26,7,18,4.30805256398535e-06
2015,2021-09-26,8,5,1.4804309238333094e-06
2016,2021-09-27,1,11,1.8090385486379749e-06
2017,2021-09-27,2,19969,0.0033147150007411
2018,2021-09-27,3,15256,0.0022025795706413
2019,2021-09-27,4,7421,0.0009722224223758
2020,2021-09-27,5,4024,0.000590050435822
2021,2021-09-27,6,1879,0.0003349745720606
2022,2021-09-27,7,607,0.0001452771059077
2023,2021-09-27,8,390,0.0001154736120589
2024,2021-09-28,1,8,1.3156643990094365e-06
2025,2021-09-28,2,17457,0.0028977404861504
2026,2021-09-28,3,12518,0.0018072817950503
2027,2021-09-28,4,6074,0.0007957524583628
2028,2021-09-28,5,3014,0.0004419512956182
2029,2021-09-28,6,1461,0.0002604565459183
2030,2021-09-28,7,481,0.0001151207379598
2031,2021-09-28,8,346,0.0001024458199292
2032,2021-09-29,1,6,9.867482992570772e-07
2033,2021-09-29,2,14902,0.002473628270872
2034,2021-09-29,3,10143,0.0014643920152736
2035,2021-09-29,4,5140,0.0006733894692105
2036,2021-09-29,5,2651,0.000388723584832
2037,2021-09-29,6,1207,0.0002151752573055
2038,2021-09-29,7,417,9.980321773232728e-05
2039,2021-09-29,8,285,8.438456265849863e-05
2040,2021-09-30,1,6,9.867482992570772e-07
2041,2021-09-30,2,14931,0.0024784420690102
2042,2021-09-30,3,12478,0.0018015068092857
2043,2021-09-30,4,5343,0.0006999844229556
2044,2021-09-30,5,2697,0.0003954686941878
2045,2021-09-30,6,1278,0.0002278326253823
2046,2021-09-30,7,448,0.0001072226415925
2047,2021-09-30,8,254,7.520589093073211e-05
2048,2021-10-01,1,10,1.6445804987617953e-06
2049,2021-10-01,2,11247,0.001866923712421
2050,2021-10-01,3,7492,0.0010816548337208
2051,2021-10-01,4,3881,0.0005084483521412
2052,2021-10-01,5,2141,0.0003139408506697
2053,2021-10-01,6,1096,0.0001953869776362
2054,2021-10-01,7,351,8.400702499771434e-05
2055,2021-10-01,8,209,6.188201261623233e-05
2056,2021-10-02,1,5,8.222902493808976e-07
2057,2021-10-02,2,11559,0.0019187135406663
2058,2021-10-02,3,12067,0.0017421688305538
2059,2021-10-02,4,6887,0.0009022632829675
2060,2021-10-02,5,3886,0.0005698151077545
2061,2021-10-02,6,1663,0.0002964676494607
2062,2021-10-02,7,460,0.0001100946766351
2063,2021-10-02,8,251,7.431763237643213e-05
2064,2021-10-03,1,0,0.0
2065,2021-10-03,2,384,6.374132707119059e-05
2066,2021-10-03,3,471,6.800045737887255e-05
2067,2021-10-03,4,237,3.104928097332814e-05
2068,2021-10-03,5,125,1.832910151037662e-05
2069,2021-10-03,6,58,1.0339821809215668e-05
2070,2021-10-03,7,16,3.8293800568758674e-06
2071,2021-10-03,8,7,2.072603293366633e-06
