data,agegroup,n
2021-01-18,2.0,1
2021-01-18,3.0,257
2021-01-18,4.0,364
2021-01-18,5.0,243
2021-01-18,6.0,151
2021-01-18,7.0,69
2021-01-18,8.0,12
2021-01-18,9.0,7
2021-01-18,10.0,2
2021-01-19,2.0,7
2021-01-19,3.0,1371
2021-01-19,4.0,3198
2021-01-19,5.0,2380
2021-01-19,6.0,1356
2021-01-19,7.0,590
2021-01-19,8.0,115
2021-01-19,9.0,15
2021-01-19,10.0,5
2021-01-20,1.0,2
2021-01-20,2.0,110
2021-01-20,3.0,4853
2021-01-20,4.0,9300
2021-01-20,5.0,7439
2021-01-20,6.0,4622
2021-01-20,7.0,1907
2021-01-20,8.0,573
2021-01-20,9.0,327
2021-01-20,10.0,124
2021-01-21,1.0,3
2021-01-21,2.0,380
2021-01-21,3.0,15617
2021-01-21,4.0,27556
2021-01-21,5.0,22899
2021-01-21,6.0,12855
2021-01-21,7.0,4672
2021-01-21,8.0,1393
2021-01-21,9.0,985
2021-01-21,10.0,529
2021-01-22,1.0,13
2021-01-22,2.0,656
2021-01-22,3.0,20816
2021-01-22,4.0,37718
2021-01-22,5.0,32110
2021-01-22,6.0,17411
2021-01-22,7.0,7195
2021-01-22,8.0,3581
2021-01-22,9.0,4331
2021-01-22,10.0,2501
2021-01-23,1.0,2
2021-01-23,2.0,148
2021-01-23,3.0,4925
2021-01-23,4.0,9042
2021-01-23,5.0,7652
2021-01-23,6.0,3724
2021-01-23,7.0,1464
2021-01-23,8.0,894
2021-01-23,9.0,1084
2021-01-23,10.0,583
2021-01-24,2.0,48
2021-01-24,3.0,1647
2021-01-24,4.0,2950
2021-01-24,5.0,2463
2021-01-24,6.0,1289
2021-01-24,7.0,457
2021-01-24,8.0,264
2021-01-24,9.0,386
2021-01-24,10.0,201
2021-01-25,1.0,4
2021-01-25,2.0,325
2021-01-25,3.0,7927
2021-01-25,4.0,14202
2021-01-25,5.0,13386
2021-01-25,6.0,8780
2021-01-25,7.0,3381
2021-01-25,8.0,1215
2021-01-25,9.0,909
2021-01-25,10.0,410
2021-01-26,2.0,340
2021-01-26,3.0,8043
2021-01-26,4.0,15267
2021-01-26,5.0,14216
2021-01-26,6.0,8562
2021-01-26,7.0,3535
2021-01-26,8.0,1318
2021-01-26,9.0,1156
2021-01-26,10.0,569
2021-01-27,1.0,5
2021-01-27,2.0,468
2021-01-27,3.0,10561
2021-01-27,4.0,18747
2021-01-27,5.0,17905
2021-01-27,6.0,10648
2021-01-27,7.0,4710
2021-01-27,8.0,2189
2021-01-27,9.0,1875
2021-01-27,10.0,884
2021-01-28,1.0,2
2021-01-28,2.0,1018
2021-01-28,3.0,16998
2021-01-28,4.0,27807
2021-01-28,5.0,23671
2021-01-28,6.0,14722
2021-01-28,7.0,6122
2021-01-28,8.0,2600
2021-01-28,9.0,1980
2021-01-28,10.0,737
2021-01-29,1.0,9
2021-01-29,2.0,925
2021-01-29,3.0,14379
2021-01-29,4.0,23561
2021-01-29,5.0,20006
2021-01-29,6.0,12169
2021-01-29,7.0,5275
2021-01-29,8.0,2281
2021-01-29,9.0,2070
2021-01-29,10.0,842
2021-01-30,1.0,2
2021-01-30,2.0,195
2021-01-30,3.0,3099
2021-01-30,4.0,4665
2021-01-30,5.0,4057
2021-01-30,6.0,2555
2021-01-30,7.0,1433
2021-01-30,8.0,872
2021-01-30,9.0,1143
2021-01-30,10.0,603
2021-01-31,2.0,20
2021-01-31,3.0,451
2021-01-31,4.0,868
2021-01-31,5.0,853
2021-01-31,6.0,534
2021-01-31,7.0,318
2021-01-31,8.0,168
2021-01-31,9.0,171
2021-01-31,10.0,107
2021-02-01,1.0,3
2021-02-01,2.0,550
2021-02-01,3.0,9148
2021-02-01,4.0,13669
2021-02-01,5.0,11679
2021-02-01,6.0,7596
2021-02-01,7.0,3822
2021-02-01,8.0,1784
2021-02-01,9.0,1586
2021-02-01,10.0,611
2021-02-02,2.0,689
2021-02-02,3.0,10778
2021-02-02,4.0,15432
2021-02-02,5.0,13936
2021-02-02,6.0,9542
2021-02-02,7.0,4329
2021-02-02,8.0,1957
2021-02-02,9.0,1692
2021-02-02,10.0,776
2021-02-03,1.0,4
2021-02-03,2.0,1038
2021-02-03,3.0,15718
2021-02-03,4.0,21995
2021-02-03,5.0,19016
2021-02-03,6.0,11371
2021-02-03,7.0,5307
2021-02-03,8.0,2011
2021-02-03,9.0,1676
2021-02-03,10.0,1236
2021-02-04,1.0,10
2021-02-04,2.0,1687
2021-02-04,3.0,24064
2021-02-04,4.0,30635
2021-02-04,5.0,25366
2021-02-04,6.0,15525
2021-02-04,7.0,6776
2021-02-04,8.0,2410
2021-02-04,9.0,2612
2021-02-04,10.0,3951
2021-02-05,1.0,5
2021-02-05,2.0,1433
2021-02-05,3.0,18834
2021-02-05,4.0,22743
2021-02-05,5.0,18785
2021-02-05,6.0,11947
2021-02-05,7.0,4934
2021-02-05,8.0,1769
2021-02-05,9.0,2596
2021-02-05,10.0,21663
2021-02-06,1.0,1
2021-02-06,2.0,322
2021-02-06,3.0,5508
2021-02-06,4.0,7430
2021-02-06,5.0,5920
2021-02-06,6.0,3421
2021-02-06,7.0,1753
2021-02-06,8.0,721
2021-02-06,9.0,1581
2021-02-06,10.0,7277
2021-02-07,2.0,102
2021-02-07,3.0,1799
2021-02-07,4.0,2376
2021-02-07,5.0,2035
2021-02-07,6.0,1083
2021-02-07,7.0,447
2021-02-07,8.0,184
2021-02-07,9.0,275
2021-02-07,10.0,1546
2021-02-08,1.0,7
2021-02-08,2.0,900
2021-02-08,3.0,10708
2021-02-08,4.0,13632
2021-02-08,5.0,11198
2021-02-08,6.0,7130
2021-02-08,7.0,4066
2021-02-08,8.0,2778
2021-02-08,9.0,6069
2021-02-08,10.0,45688
2021-02-09,1.0,6
2021-02-09,2.0,602
2021-02-09,3.0,7827
2021-02-09,4.0,9859
2021-02-09,5.0,8245
2021-02-09,6.0,5424
2021-02-09,7.0,12664
2021-02-09,8.0,5730
2021-02-09,9.0,7491
2021-02-09,10.0,20130
2021-02-10,1.0,5
2021-02-10,2.0,554
2021-02-10,3.0,7360
2021-02-10,4.0,9021
2021-02-10,5.0,8053
2021-02-10,6.0,5478
2021-02-10,7.0,7818
2021-02-10,8.0,3338
2021-02-10,9.0,11945
2021-02-10,10.0,11754
2021-02-11,1.0,3
2021-02-11,2.0,426
2021-02-11,3.0,6104
2021-02-11,4.0,7570
2021-02-11,5.0,6602
2021-02-11,6.0,4737
2021-02-11,7.0,5244
2021-02-11,8.0,2676
2021-02-11,9.0,45851
2021-02-11,10.0,8292
2021-02-12,1.0,4
2021-02-12,2.0,385
2021-02-12,3.0,4717
2021-02-12,4.0,5403
2021-02-12,5.0,4909
2021-02-12,6.0,3849
2021-02-12,7.0,4401
2021-02-12,8.0,2658
2021-02-12,9.0,85053
2021-02-12,10.0,5907
2021-02-13,1.0,0
2021-02-13,2.0,88
2021-02-13,3.0,1567
2021-02-13,4.0,2360
2021-02-13,5.0,1870
2021-02-13,6.0,1271
2021-02-13,7.0,1106
2021-02-13,8.0,601
2021-02-13,9.0,14807
2021-02-13,10.0,1406
2021-02-14,2.0,9
2021-02-14,3.0,162
2021-02-14,4.0,180
2021-02-14,5.0,186
2021-02-14,6.0,165
2021-02-14,7.0,153
2021-02-14,8.0,125
2021-02-14,9.0,3207
2021-02-14,10.0,225
2021-02-15,2.0,163
2021-02-15,3.0,2153
2021-02-15,4.0,2706
2021-02-15,5.0,2614
2021-02-15,6.0,2000
2021-02-15,7.0,2712
2021-02-15,8.0,2142
2021-02-15,9.0,45767
2021-02-15,10.0,2652
2021-02-16,2.0,161
2021-02-16,3.0,1826
2021-02-16,4.0,2187
2021-02-16,5.0,2273
2021-02-16,6.0,1564
2021-02-16,7.0,2251
2021-02-16,8.0,1898
2021-02-16,9.0,21758
2021-02-16,10.0,1919
2021-02-17,1.0,1
2021-02-17,2.0,196
2021-02-17,3.0,2642
2021-02-17,4.0,3145
2021-02-17,5.0,2832
2021-02-17,6.0,2286
2021-02-17,7.0,2315
2021-02-17,8.0,1815
2021-02-17,9.0,18228
2021-02-17,10.0,1480
2021-02-18,1.0,0
2021-02-18,2.0,289
2021-02-18,3.0,3337
2021-02-18,4.0,4043
2021-02-18,5.0,3772
2021-02-18,6.0,2710
2021-02-18,7.0,2444
2021-02-18,8.0,2028
2021-02-18,9.0,14499
2021-02-18,10.0,1445
2021-02-19,1.0,0
2021-02-19,2.0,189
2021-02-19,3.0,2466
2021-02-19,4.0,3011
2021-02-19,5.0,2768
2021-02-19,6.0,1901
2021-02-19,7.0,1979
2021-02-19,8.0,1806
2021-02-19,9.0,11258
2021-02-19,10.0,1427
2021-02-20,2.0,22
2021-02-20,3.0,395
2021-02-20,4.0,447
2021-02-20,5.0,358
2021-02-20,6.0,282
2021-02-20,7.0,447
2021-02-20,8.0,425
2021-02-20,9.0,3305
2021-02-20,10.0,331
2021-02-21,2.0,20
2021-02-21,3.0,95
2021-02-21,4.0,91
2021-02-21,5.0,65
2021-02-21,6.0,51
2021-02-21,7.0,53
2021-02-21,8.0,132
2021-02-21,9.0,111
2021-02-21,10.0,18
2021-02-22,2.0,170
2021-02-22,3.0,1830
2021-02-22,4.0,2245
2021-02-22,5.0,1763
2021-02-22,6.0,1265
2021-02-22,7.0,1614
2021-02-22,8.0,1558
2021-02-22,9.0,7640
2021-02-22,10.0,773
2021-02-23,1.0,1
2021-02-23,2.0,133
2021-02-23,3.0,1456
2021-02-23,4.0,1629
2021-02-23,5.0,1458
2021-02-23,6.0,1058
2021-02-23,7.0,1494
2021-02-23,8.0,1626
2021-02-23,9.0,6386
2021-02-23,10.0,616
2021-02-24,2.0,136
2021-02-24,3.0,1504
2021-02-24,4.0,1613
2021-02-24,5.0,1370
2021-02-24,6.0,969
2021-02-24,7.0,1569
2021-02-24,8.0,1628
2021-02-24,9.0,5139
2021-02-24,10.0,534
2021-02-25,2.0,106
2021-02-25,3.0,1221
2021-02-25,4.0,1232
2021-02-25,5.0,1022
2021-02-25,6.0,729
2021-02-25,7.0,1337
2021-02-25,8.0,1531
2021-02-25,9.0,4345
2021-02-25,10.0,353
2021-02-26,2.0,93
2021-02-26,3.0,1225
2021-02-26,4.0,1213
2021-02-26,5.0,1057
2021-02-26,6.0,819
2021-02-26,7.0,1514
2021-02-26,8.0,1893
2021-02-26,9.0,11963
2021-02-26,10.0,600
2021-02-27,1.0,1
2021-02-27,2.0,13
2021-02-27,3.0,235
2021-02-27,4.0,213
2021-02-27,5.0,223
2021-02-27,6.0,308
2021-02-27,7.0,602
2021-02-27,8.0,1570
2021-02-27,9.0,84125
2021-02-27,10.0,551
2021-02-28,1.0,1
2021-02-28,2.0,4
2021-02-28,3.0,40
2021-02-28,4.0,54
2021-02-28,5.0,80
2021-02-28,6.0,84
2021-02-28,7.0,95
2021-02-28,8.0,306
2021-02-28,9.0,14664
2021-02-28,10.0,64
2021-03-01,1.0,4
2021-03-01,2.0,157
2021-03-01,3.0,1280
2021-03-01,4.0,1545
2021-03-01,5.0,1293
2021-03-01,6.0,5682
2021-03-01,7.0,2657
2021-03-01,8.0,10874
2021-03-01,9.0,149362
2021-03-01,10.0,1046
2021-03-02,1.0,2
2021-03-02,2.0,152
2021-03-02,3.0,1645
2021-03-02,4.0,1951
2021-03-02,5.0,1645
2021-03-02,6.0,3385
2021-03-02,7.0,3081
2021-03-02,8.0,19984
2021-03-02,9.0,71452
2021-03-02,10.0,955
2021-03-03,1.0,6
2021-03-03,2.0,141
2021-03-03,3.0,1529
2021-03-03,4.0,1706
2021-03-03,5.0,1527
2021-03-03,6.0,2491
2021-03-03,7.0,2667
2021-03-03,8.0,138481
2021-03-03,9.0,35142
2021-03-03,10.0,665
2021-03-04,1.0,1
2021-03-04,2.0,171
2021-03-04,3.0,1540
2021-03-04,4.0,1712
2021-03-04,5.0,1526
2021-03-04,6.0,2118
2021-03-04,7.0,2751
2021-03-04,8.0,45706
2021-03-04,9.0,22039
2021-03-04,10.0,668
2021-03-05,1.0,1
2021-03-05,2.0,159
2021-03-05,3.0,1442
2021-03-05,4.0,1501
2021-03-05,5.0,1311
2021-03-05,6.0,1952
2021-03-05,7.0,2990
2021-03-05,8.0,37768
2021-03-05,9.0,18402
2021-03-05,10.0,655
2021-03-06,2.0,26
2021-03-06,3.0,241
2021-03-06,4.0,297
2021-03-06,5.0,353
2021-03-06,6.0,531
2021-03-06,7.0,827
2021-03-06,8.0,34374
2021-03-06,9.0,11033
2021-03-06,10.0,334
2021-03-07,2.0,2
2021-03-07,3.0,79
2021-03-07,4.0,115
2021-03-07,5.0,96
2021-03-07,6.0,79
2021-03-07,7.0,45
2021-03-07,8.0,6079
2021-03-07,9.0,1784
2021-03-07,10.0,37
2021-03-08,2.0,139
2021-03-08,3.0,1491
2021-03-08,4.0,1635
2021-03-08,5.0,1512
2021-03-08,6.0,1518
2021-03-08,7.0,2636
2021-03-08,8.0,45072
2021-03-08,9.0,12225
2021-03-08,10.0,553
2021-03-09,1.0,1
2021-03-09,2.0,127
2021-03-09,3.0,1161
2021-03-09,4.0,1351
2021-03-09,5.0,1144
2021-03-09,6.0,1014
2021-03-09,7.0,2457
2021-03-09,8.0,32266
2021-03-09,9.0,8219
2021-03-09,10.0,439
2021-03-10,1.0,2
2021-03-10,2.0,148
2021-03-10,3.0,1318
2021-03-10,4.0,1353
2021-03-10,5.0,1303
2021-03-10,6.0,1274
2021-03-10,7.0,2818
2021-03-10,8.0,26722
2021-03-10,9.0,7727
2021-03-10,10.0,501
2021-03-11,1.0,2
2021-03-11,2.0,145
2021-03-11,3.0,1418
2021-03-11,4.0,1574
2021-03-11,5.0,1512
2021-03-11,6.0,1317
2021-03-11,7.0,2702
2021-03-11,8.0,22699
2021-03-11,9.0,5953
2021-03-11,10.0,456
2021-03-12,2.0,134
2021-03-12,3.0,1608
2021-03-12,4.0,1824
2021-03-12,5.0,1532
2021-03-12,6.0,1502
2021-03-12,7.0,2991
2021-03-12,8.0,30619
2021-03-12,9.0,5618
2021-03-12,10.0,344
2021-03-13,2.0,15
2021-03-13,3.0,208
2021-03-13,4.0,258
2021-03-13,5.0,279
2021-03-13,6.0,310
2021-03-13,7.0,785
2021-03-13,8.0,29200
2021-03-13,9.0,2123
2021-03-13,10.0,191
2021-03-14,2.0,3
2021-03-14,3.0,118
2021-03-14,4.0,122
2021-03-14,5.0,107
2021-03-14,6.0,73
2021-03-14,7.0,67
2021-03-14,8.0,5066
2021-03-14,9.0,215
2021-03-14,10.0,13
2021-03-15,1.0,5
2021-03-15,2.0,108
2021-03-15,3.0,1298
2021-03-15,4.0,1408
2021-03-15,5.0,1229
2021-03-15,6.0,1211
2021-03-15,7.0,2674
2021-03-15,8.0,165776
2021-03-15,9.0,4637
2021-03-15,10.0,345
2021-03-16,1.0,1
2021-03-16,2.0,143
2021-03-16,3.0,1606
2021-03-16,4.0,1555
2021-03-16,5.0,1316
2021-03-16,6.0,1156
2021-03-16,7.0,2829
2021-03-16,8.0,68225
2021-03-16,9.0,4195
2021-03-16,10.0,347
2021-03-17,2.0,153
2021-03-17,3.0,1900
2021-03-17,4.0,1918
2021-03-17,5.0,1523
2021-03-17,6.0,1337
2021-03-17,7.0,3155
2021-03-17,8.0,41165
2021-03-17,9.0,3140
2021-03-17,10.0,302
2021-03-18,1.0,4
2021-03-18,2.0,136
2021-03-18,3.0,1651
2021-03-18,4.0,1713
2021-03-18,5.0,1381
2021-03-18,6.0,1171
2021-03-18,7.0,3700
2021-03-18,8.0,58548
2021-03-18,9.0,2703
2021-03-18,10.0,263
2021-03-19,1.0,4
2021-03-19,2.0,180
2021-03-19,3.0,1592
2021-03-19,4.0,1642
2021-03-19,5.0,1396
2021-03-19,6.0,1206
2021-03-19,7.0,3420
2021-03-19,8.0,292188
2021-03-19,9.0,2946
2021-03-19,10.0,259
2021-03-20,1.0,1
2021-03-20,2.0,38
2021-03-20,3.0,382
2021-03-20,4.0,463
2021-03-20,5.0,386
2021-03-20,6.0,477
2021-03-20,7.0,1377
2021-03-20,8.0,92154
2021-03-20,9.0,1332
2021-03-20,10.0,141
2021-03-21,2.0,3
2021-03-21,3.0,66
2021-03-21,4.0,62
2021-03-21,5.0,55
2021-03-21,6.0,89
2021-03-21,7.0,111
2021-03-21,8.0,10684
2021-03-21,9.0,104
2021-03-21,10.0,8
2021-03-22,1.0,1
2021-03-22,2.0,164
2021-03-22,3.0,1424
2021-03-22,4.0,1497
2021-03-22,5.0,1282
2021-03-22,6.0,1107
2021-03-22,7.0,3607
2021-03-22,8.0,112703
2021-03-22,9.0,2155
2021-03-22,10.0,226
2021-03-23,1.0,2
2021-03-23,2.0,148
2021-03-23,3.0,1364
2021-03-23,4.0,1558
2021-03-23,5.0,1317
2021-03-23,6.0,1082
2021-03-23,7.0,4945
2021-03-23,8.0,64889
2021-03-23,9.0,2148
2021-03-23,10.0,240
2021-03-24,1.0,3
2021-03-24,2.0,156
2021-03-24,3.0,1774
2021-03-24,4.0,1790
2021-03-24,5.0,1530
2021-03-24,6.0,1230
2021-03-24,7.0,13066
2021-03-24,8.0,69357
2021-03-24,9.0,1986
2021-03-24,10.0,211
2021-03-25,1.0,1
2021-03-25,2.0,183
2021-03-25,3.0,1780
2021-03-25,4.0,2059
2021-03-25,5.0,1789
2021-03-25,6.0,1316
2021-03-25,7.0,50449
2021-03-25,8.0,107686
2021-03-25,9.0,2111
2021-03-25,10.0,239
2021-03-26,1.0,6
2021-03-26,2.0,232
2021-03-26,3.0,1571
2021-03-26,4.0,1721
2021-03-26,5.0,1514
2021-03-26,6.0,1217
2021-03-26,7.0,107820
2021-03-26,8.0,189920
2021-03-26,9.0,2011
2021-03-26,10.0,287
2021-03-27,1.0,3
2021-03-27,2.0,56
2021-03-27,3.0,420
2021-03-27,4.0,523
2021-03-27,5.0,511
2021-03-27,6.0,432
2021-03-27,7.0,37726
2021-03-27,8.0,66714
2021-03-27,9.0,852
2021-03-27,10.0,105
2021-03-28,2.0,2
2021-03-28,3.0,24
2021-03-28,4.0,46
2021-03-28,5.0,44
2021-03-28,6.0,19
2021-03-28,7.0,3249
2021-03-28,8.0,4540
2021-03-28,9.0,32
2021-03-28,10.0,7
2021-03-29,1.0,1
2021-03-29,2.0,119
2021-03-29,3.0,1448
2021-03-29,4.0,1961
2021-03-29,5.0,1778
2021-03-29,6.0,3744
2021-03-29,7.0,46350
2021-03-29,8.0,63576
2021-03-29,9.0,1375
2021-03-29,10.0,201
2021-03-30,1.0,2
2021-03-30,2.0,129
2021-03-30,3.0,1831
2021-03-30,4.0,2587
2021-03-30,5.0,2303
2021-03-30,6.0,2898
2021-03-30,7.0,27900
2021-03-30,8.0,29237
2021-03-30,9.0,1184
2021-03-30,10.0,183
2021-03-31,1.0,4
2021-03-31,2.0,182
2021-03-31,3.0,2143
2021-03-31,4.0,2603
2021-03-31,5.0,2433
2021-03-31,6.0,2261
2021-03-31,7.0,23459
2021-03-31,8.0,18959
2021-03-31,9.0,1019
2021-03-31,10.0,151
2021-04-01,1.0,2
2021-04-01,2.0,145
2021-04-01,3.0,1565
2021-04-01,4.0,1742
2021-04-01,5.0,1418
2021-04-01,6.0,1352
2021-04-01,7.0,48069
2021-04-01,8.0,12962
2021-04-01,9.0,870
2021-04-01,10.0,121
2021-04-02,1.0,1
2021-04-02,2.0,25
2021-04-02,3.0,202
2021-04-02,4.0,304
2021-04-02,5.0,244
2021-04-02,6.0,261
2021-04-02,7.0,51891
2021-04-02,8.0,2122
2021-04-02,9.0,169
2021-04-02,10.0,24
2021-04-03,2.0,24
2021-04-03,3.0,253
2021-04-03,4.0,269
2021-04-03,5.0,267
2021-04-03,6.0,284
2021-04-03,7.0,33177
2021-04-03,8.0,3448
2021-04-03,9.0,292
2021-04-03,10.0,37
2021-04-04,2.0,12
2021-04-04,3.0,80
2021-04-04,4.0,83
2021-04-04,5.0,78
2021-04-04,6.0,48
2021-04-04,7.0,959
2021-04-04,8.0,293
2021-04-04,9.0,16
2021-04-04,10.0,2
2021-04-05,1.0,3
2021-04-05,2.0,141
2021-04-05,3.0,4067
2021-04-05,4.0,11308
2021-04-05,5.0,15140
2021-04-05,6.0,8636
2021-04-05,7.0,98670
2021-04-05,8.0,11452
2021-04-05,9.0,970
2021-04-05,10.0,122
2021-04-06,1.0,3
2021-04-06,2.0,184
2021-04-06,3.0,5486
2021-04-06,4.0,13067
2021-04-06,5.0,16811
2021-04-06,6.0,8575
2021-04-06,7.0,40189
2021-04-06,8.0,8026
2021-04-06,9.0,737
2021-04-06,10.0,100
2021-04-07,1.0,2
2021-04-07,2.0,139
2021-04-07,3.0,4662
2021-04-07,4.0,11177
2021-04-07,5.0,13364
2021-04-07,6.0,10554
2021-04-07,7.0,25522
2021-04-07,8.0,6038
2021-04-07,9.0,682
2021-04-07,10.0,97
2021-04-08,1.0,0
2021-04-08,2.0,166
2021-04-08,3.0,4242
2021-04-08,4.0,8471
2021-04-08,5.0,9507
2021-04-08,6.0,5677
2021-04-08,7.0,17500
2021-04-08,8.0,3994
2021-04-08,9.0,535
2021-04-08,10.0,96
2021-04-09,2.0,191
2021-04-09,3.0,3265
2021-04-09,4.0,6355
2021-04-09,5.0,8211
2021-04-09,6.0,7243
2021-04-09,7.0,16447
2021-04-09,8.0,5078
2021-04-09,9.0,677
2021-04-09,10.0,105
2021-04-10,1.0,1
2021-04-10,2.0,31
2021-04-10,3.0,798
2021-04-10,4.0,1554
2021-04-10,5.0,15610
2021-04-10,6.0,38853
2021-04-10,7.0,19833
2021-04-10,8.0,1909
2021-04-10,9.0,278
2021-04-10,10.0,43
2021-04-11,1.0,2
2021-04-11,2.0,3
2021-04-11,3.0,404
2021-04-11,4.0,694
2021-04-11,5.0,1855
2021-04-11,6.0,2961
2021-04-11,7.0,4640
2021-04-11,8.0,223
2021-04-11,9.0,41
2021-04-11,10.0,0
2021-04-12,1.0,3
2021-04-12,2.0,111
2021-04-12,3.0,1740
2021-04-12,4.0,2869
2021-04-12,5.0,24291
2021-04-12,6.0,57738
2021-04-12,7.0,99206
2021-04-12,8.0,3793
2021-04-12,9.0,412
2021-04-12,10.0,68
2021-04-13,1.0,2
2021-04-13,2.0,131
2021-04-13,3.0,1345
2021-04-13,4.0,1497
2021-04-13,5.0,13477
2021-04-13,6.0,32621
2021-04-13,7.0,78438
2021-04-13,8.0,4119
2021-04-13,9.0,534
2021-04-13,10.0,61
2021-04-14,1.0,3
2021-04-14,2.0,116
2021-04-14,3.0,1128
2021-04-14,4.0,1415
2021-04-14,5.0,8541
2021-04-14,6.0,20276
2021-04-14,7.0,72579
2021-04-14,8.0,3898
2021-04-14,9.0,460
2021-04-14,10.0,70
2021-04-15,2.0,160
2021-04-15,3.0,1495
2021-04-15,4.0,1607
2021-04-15,5.0,5235
2021-04-15,6.0,10477
2021-04-15,7.0,44342
2021-04-15,8.0,3406
2021-04-15,9.0,440
2021-04-15,10.0,77
2021-04-16,1.0,5
2021-04-16,2.0,189
2021-04-16,3.0,1690
2021-04-16,4.0,1641
2021-04-16,5.0,3591
2021-04-16,6.0,6216
2021-04-16,7.0,35782
2021-04-16,8.0,3784
2021-04-16,9.0,365
2021-04-16,10.0,57
2021-04-17,1.0,0
2021-04-17,2.0,25
2021-04-17,3.0,205
2021-04-17,4.0,232
2021-04-17,5.0,1603
2021-04-17,6.0,3524
2021-04-17,7.0,14450
2021-04-17,8.0,1492
2021-04-17,9.0,207
2021-04-17,10.0,29
2021-04-18,1.0,1
2021-04-18,2.0,2
2021-04-18,3.0,46
2021-04-18,4.0,33
2021-04-18,5.0,66
2021-04-18,6.0,73
2021-04-18,7.0,9101
2021-04-18,8.0,181
2021-04-18,9.0,21
2021-04-18,10.0,2
2021-04-19,1.0,1
2021-04-19,2.0,95
2021-04-19,3.0,1122
2021-04-19,4.0,1157
2021-04-19,5.0,4685
2021-04-19,6.0,5022
2021-04-19,7.0,61444
2021-04-19,8.0,2755
2021-04-19,9.0,305
2021-04-19,10.0,40
2021-04-20,1.0,4
2021-04-20,2.0,131
2021-04-20,3.0,998
2021-04-20,4.0,1266
2021-04-20,5.0,3430
2021-04-20,6.0,3785
2021-04-20,7.0,119342
2021-04-20,8.0,3367
2021-04-20,9.0,371
2021-04-20,10.0,60
2021-04-21,1.0,7
2021-04-21,2.0,35
2021-04-21,3.0,330
2021-04-21,4.0,390
2021-04-21,5.0,1231
2021-04-21,6.0,1211
2021-04-21,7.0,231553
2021-04-21,8.0,2433
2021-04-21,9.0,328
2021-04-21,10.0,50
2021-04-22,1.0,3
2021-04-22,2.0,148
2021-04-22,3.0,1080
2021-04-22,4.0,1313
2021-04-22,5.0,1967
2021-04-22,6.0,2437
2021-04-22,7.0,129488
2021-04-22,8.0,2939
2021-04-22,9.0,354
2021-04-22,10.0,75
2021-04-23,1.0,5
2021-04-23,2.0,143
2021-04-23,3.0,1120
2021-04-23,4.0,1228
2021-04-23,5.0,1678
2021-04-23,6.0,2029
2021-04-23,7.0,202479
2021-04-23,8.0,2514
2021-04-23,9.0,378
2021-04-23,10.0,54
2021-04-24,1.0,1
2021-04-24,2.0,31
2021-04-24,3.0,296
2021-04-24,4.0,358
2021-04-24,5.0,515
2021-04-24,6.0,582
2021-04-24,7.0,51367
2021-04-24,8.0,1254
2021-04-24,9.0,188
2021-04-24,10.0,34
2021-04-25,2.0,3
2021-04-25,3.0,20
2021-04-25,4.0,39
2021-04-25,5.0,35
2021-04-25,6.0,90
2021-04-25,7.0,6008
2021-04-25,8.0,103
2021-04-25,9.0,22
2021-04-25,10.0,2
2021-04-26,1.0,1
2021-04-26,2.0,96
2021-04-26,3.0,781
2021-04-26,4.0,976
2021-04-26,5.0,1351
2021-04-26,6.0,1479
2021-04-26,7.0,88992
2021-04-26,8.0,2115
2021-04-26,9.0,290
2021-04-26,10.0,46
2021-04-27,1.0,0
2021-04-27,2.0,88
2021-04-27,3.0,956
2021-04-27,4.0,1098
2021-04-27,5.0,1398
2021-04-27,6.0,1658
2021-04-27,7.0,66196
2021-04-27,8.0,1718
2021-04-27,9.0,372
2021-04-27,10.0,48
2021-04-28,1.0,2
2021-04-28,2.0,107
2021-04-28,3.0,978
2021-04-28,4.0,1082
2021-04-28,5.0,1289
2021-04-28,6.0,1475
2021-04-28,7.0,101788
2021-04-28,8.0,1746
2021-04-28,9.0,339
2021-04-28,10.0,56
2021-04-29,1.0,5
2021-04-29,2.0,139
2021-04-29,3.0,947
2021-04-29,4.0,1222
2021-04-29,5.0,1301
2021-04-29,6.0,1435
2021-04-29,7.0,177514
2021-04-29,8.0,1758
2021-04-29,9.0,362
2021-04-29,10.0,74
2021-04-30,2.0,128
2021-04-30,3.0,1195
2021-04-30,4.0,1461
2021-04-30,5.0,1603
2021-04-30,6.0,1774
2021-04-30,7.0,77507
2021-04-30,8.0,1428
2021-04-30,9.0,293
2021-04-30,10.0,71
2021-05-01,1.0,0
2021-05-01,2.0,29
2021-05-01,3.0,159
2021-05-01,4.0,223
2021-05-01,5.0,319
2021-05-01,6.0,489
2021-05-01,7.0,19089
2021-05-01,8.0,274
2021-05-01,9.0,65
2021-05-01,10.0,19
2021-05-02,2.0,10
2021-05-02,3.0,38
2021-05-02,4.0,70
2021-05-02,5.0,80
2021-05-02,6.0,146
2021-05-02,7.0,14110
2021-05-02,8.0,105
2021-05-02,9.0,17
2021-05-02,10.0,4
2021-05-03,1.0,2
2021-05-03,2.0,113
2021-05-03,3.0,1425
2021-05-03,4.0,1554
2021-05-03,5.0,1689
2021-05-03,6.0,1828
2021-05-03,7.0,71270
2021-05-03,8.0,1138
2021-05-03,9.0,237
2021-05-03,10.0,45
2021-05-04,1.0,5
2021-05-04,2.0,200
2021-05-04,3.0,2441
2021-05-04,4.0,3373
2021-05-04,5.0,3453
2021-05-04,6.0,3312
2021-05-04,7.0,130219
2021-05-04,8.0,1292
2021-05-04,9.0,245
2021-05-04,10.0,40
2021-05-05,1.0,4
2021-05-05,2.0,317
2021-05-05,3.0,3273
2021-05-05,4.0,4094
2021-05-05,5.0,3830
2021-05-05,6.0,3903
2021-05-05,7.0,188364
2021-05-05,8.0,1341
2021-05-05,9.0,300
2021-05-05,10.0,72
2021-05-06,1.0,11
2021-05-06,2.0,355
2021-05-06,3.0,3242
2021-05-06,4.0,2911
2021-05-06,5.0,2606
2021-05-06,6.0,5159
2021-05-06,7.0,382672
2021-05-06,8.0,1464
2021-05-06,9.0,322
2021-05-06,10.0,79
2021-05-07,1.0,8
2021-05-07,2.0,548
2021-05-07,3.0,5280
2021-05-07,4.0,5203
2021-05-07,5.0,4275
2021-05-07,6.0,6041
2021-05-07,7.0,186144
2021-05-07,8.0,1270
2021-05-07,9.0,304
2021-05-07,10.0,47
2021-05-08,1.0,4
2021-05-08,2.0,351
2021-05-08,3.0,3566
2021-05-08,4.0,3126
2021-05-08,5.0,2514
2021-05-08,6.0,3980
2021-05-08,7.0,84260
2021-05-08,8.0,671
2021-05-08,9.0,122
2021-05-08,10.0,34
2021-05-09,2.0,18
2021-05-09,3.0,92
2021-05-09,4.0,143
2021-05-09,5.0,131
2021-05-09,6.0,159
2021-05-09,7.0,2566
2021-05-09,8.0,20
2021-05-09,9.0,3
2021-05-09,10.0,2
2021-05-10,1.0,2
2021-05-10,2.0,968
2021-05-10,3.0,7174
2021-05-10,4.0,7947
2021-05-10,5.0,7314
2021-05-10,6.0,10965
2021-05-10,7.0,65896
2021-05-10,8.0,1007
2021-05-10,9.0,248
2021-05-10,10.0,54
2021-05-11,1.0,3
2021-05-11,2.0,902
2021-05-11,3.0,7141
2021-05-11,4.0,8723
2021-05-11,5.0,8450
2021-05-11,6.0,24323
2021-05-11,7.0,46295
2021-05-11,8.0,937
2021-05-11,9.0,239
2021-05-11,10.0,43
2021-05-12,1.0,3
2021-05-12,2.0,672
2021-05-12,3.0,5303
2021-05-12,4.0,5238
2021-05-12,5.0,5115
2021-05-12,6.0,157368
2021-05-12,7.0,29336
2021-05-12,8.0,789
2021-05-12,9.0,222
2021-05-12,10.0,37
2021-05-13,1.0,1
2021-05-13,2.0,543
2021-05-13,3.0,4817
2021-05-13,4.0,5265
2021-05-13,5.0,5205
2021-05-13,6.0,108870
2021-05-13,7.0,24453
2021-05-13,8.0,745
2021-05-13,9.0,201
2021-05-13,10.0,42
2021-05-14,1.0,5
2021-05-14,2.0,660
2021-05-14,3.0,4724
2021-05-14,4.0,4943
2021-05-14,5.0,6156
2021-05-14,6.0,208907
2021-05-14,7.0,23414
2021-05-14,8.0,988
2021-05-14,9.0,232
2021-05-14,10.0,42
2021-05-15,1.0,1
2021-05-15,2.0,434
2021-05-15,3.0,3623
2021-05-15,4.0,2926
2021-05-15,5.0,7288
2021-05-15,6.0,79559
2021-05-15,7.0,12977
2021-05-15,8.0,608
2021-05-15,9.0,130
2021-05-15,10.0,21
2021-05-16,2.0,2598
2021-05-16,3.0,16456
2021-05-16,4.0,18208
2021-05-16,5.0,16489
2021-05-16,6.0,21816
2021-05-16,7.0,2282
2021-05-16,8.0,50
2021-05-16,9.0,23
2021-05-16,10.0,0
2021-05-17,1.0,6
2021-05-17,2.0,643
2021-05-17,3.0,4797
2021-05-17,4.0,7053
2021-05-17,5.0,11838
2021-05-17,6.0,117038
2021-05-17,7.0,15307
2021-05-17,8.0,746
2021-05-17,9.0,186
2021-05-17,10.0,33
2021-05-18,1.0,4
2021-05-18,2.0,702
2021-05-18,3.0,7662
2021-05-18,4.0,23117
2021-05-18,5.0,25722
2021-05-18,6.0,123038
2021-05-18,7.0,15636
2021-05-18,8.0,867
2021-05-18,9.0,228
2021-05-18,10.0,40
2021-05-19,1.0,6
2021-05-19,2.0,658
2021-05-19,3.0,6405
2021-05-19,4.0,32407
2021-05-19,5.0,21937
2021-05-19,6.0,95393
2021-05-19,7.0,11167
2021-05-19,8.0,676
2021-05-19,9.0,180
2021-05-19,10.0,27
2021-05-20,1.0,3
2021-05-20,2.0,568
2021-05-20,3.0,5411
2021-05-20,4.0,17885
2021-05-20,5.0,55853
2021-05-20,6.0,79340
2021-05-20,7.0,10771
2021-05-20,8.0,660
2021-05-20,9.0,178
2021-05-20,10.0,31
2021-05-21,1.0,10
2021-05-21,2.0,534
2021-05-21,3.0,4990
2021-05-21,4.0,13896
2021-05-21,5.0,86497
2021-05-21,6.0,83238
2021-05-21,7.0,10507
2021-05-21,8.0,734
2021-05-21,9.0,261
2021-05-21,10.0,33
2021-05-22,1.0,3
2021-05-22,2.0,865
2021-05-22,3.0,4360
2021-05-22,4.0,5363
2021-05-22,5.0,31782
2021-05-22,6.0,41003
2021-05-22,7.0,4194
2021-05-22,8.0,353
2021-05-22,9.0,166
2021-05-22,10.0,14
2021-05-23,2.0,19
2021-05-23,3.0,477
2021-05-23,4.0,1170
2021-05-23,5.0,5087
2021-05-23,6.0,2860
2021-05-23,7.0,351
2021-05-23,8.0,22
2021-05-23,9.0,14
2021-05-23,10.0,3
2021-05-24,1.0,5
2021-05-24,2.0,369
2021-05-24,3.0,3367
2021-05-24,4.0,8764
2021-05-24,5.0,58157
2021-05-24,6.0,58086
2021-05-24,7.0,8420
2021-05-24,8.0,618
2021-05-24,9.0,406
2021-05-24,10.0,30
2021-05-25,1.0,4
2021-05-25,2.0,476
2021-05-25,3.0,4497
2021-05-25,4.0,11609
2021-05-25,5.0,55266
2021-05-25,6.0,58595
2021-05-25,7.0,9213
2021-05-25,8.0,758
2021-05-25,9.0,330
2021-05-25,10.0,26
2021-05-26,1.0,6
2021-05-26,2.0,493
2021-05-26,3.0,4185
2021-05-26,4.0,9594
2021-05-26,5.0,51332
2021-05-26,6.0,54328
2021-05-26,7.0,7709
2021-05-26,8.0,972
2021-05-26,9.0,296
2021-05-26,10.0,40
2021-05-27,1.0,4
2021-05-27,2.0,587
2021-05-27,3.0,8719
2021-05-27,4.0,11363
2021-05-27,5.0,54156
2021-05-27,6.0,49128
2021-05-27,7.0,8509
2021-05-27,8.0,759
2021-05-27,9.0,388
2021-05-27,10.0,30
2021-05-28,1.0,8
2021-05-28,2.0,1218
2021-05-28,3.0,29390
2021-05-28,4.0,16176
2021-05-28,5.0,120979
2021-05-28,6.0,46902
2021-05-28,7.0,8740
2021-05-28,8.0,881
2021-05-28,9.0,369
2021-05-28,10.0,45
2021-05-29,1.0,5
2021-05-29,2.0,693
2021-05-29,3.0,10671
2021-05-29,4.0,9720
2021-05-29,5.0,44362
2021-05-29,6.0,19905
2021-05-29,7.0,4171
2021-05-29,8.0,296
2021-05-29,9.0,165
2021-05-29,10.0,11
2021-05-30,2.0,67
2021-05-30,3.0,866
2021-05-30,4.0,1182
2021-05-30,5.0,7016
2021-05-30,6.0,2862
2021-05-30,7.0,288
2021-05-30,8.0,12
2021-05-30,9.0,3
2021-05-30,10.0,0
2021-05-31,1.0,4
2021-05-31,2.0,999
2021-05-31,3.0,12701
2021-05-31,4.0,14822
2021-05-31,5.0,69625
2021-05-31,6.0,36787
2021-05-31,7.0,5750
2021-05-31,8.0,419
2021-05-31,9.0,209
2021-05-31,10.0,19
2021-06-01,1.0,5
2021-06-01,2.0,1154
2021-06-01,3.0,13763
2021-06-01,4.0,29135
2021-06-01,5.0,63064
2021-06-01,6.0,38503
2021-06-01,7.0,5353
2021-06-01,8.0,523
2021-06-01,9.0,303
2021-06-01,10.0,23
2021-06-02,1.0,7
2021-06-02,2.0,1737
2021-06-02,3.0,15896
2021-06-02,4.0,105699
2021-06-02,5.0,69064
2021-06-02,6.0,43190
2021-06-02,7.0,5888
2021-06-02,8.0,690
2021-06-02,9.0,251
2021-06-02,10.0,22
2021-06-03,1.0,7
2021-06-03,2.0,895
2021-06-03,3.0,8970
2021-06-03,4.0,42871
2021-06-03,5.0,28524
2021-06-03,6.0,18815
2021-06-03,7.0,2650
2021-06-03,8.0,338
2021-06-03,9.0,92
2021-06-03,10.0,10
2021-06-04,1.0,3
2021-06-04,2.0,1352
2021-06-04,3.0,11956
2021-06-04,4.0,47136
2021-06-04,5.0,35909
2021-06-04,6.0,23549
2021-06-04,7.0,3231
2021-06-04,8.0,321
2021-06-04,9.0,117
2021-06-04,10.0,24
2021-06-05,2.0,1300
2021-06-05,3.0,7938
2021-06-05,4.0,24548
2021-06-05,5.0,17234
2021-06-05,6.0,14467
2021-06-05,7.0,2776
2021-06-05,8.0,311
2021-06-05,9.0,95
2021-06-05,10.0,22
2021-06-06,2.0,367
2021-06-06,3.0,3057
2021-06-06,4.0,2034
2021-06-06,5.0,1872
2021-06-06,6.0,1009
2021-06-06,7.0,128
2021-06-06,8.0,5
2021-06-06,9.0,3
2021-06-06,10.0,1
2021-06-07,1.0,6
2021-06-07,2.0,4343
2021-06-07,3.0,35129
2021-06-07,4.0,52571
2021-06-07,5.0,39866
2021-06-07,6.0,35257
2021-06-07,7.0,5766
2021-06-07,8.0,487
2021-06-07,9.0,155
2021-06-07,10.0,24
2021-06-08,1.0,17
2021-06-08,2.0,4249
2021-06-08,3.0,34180
2021-06-08,4.0,47358
2021-06-08,5.0,38416
2021-06-08,6.0,37508
2021-06-08,7.0,5175
2021-06-08,8.0,456
2021-06-08,9.0,130
2021-06-08,10.0,21
2021-06-09,1.0,9
2021-06-09,2.0,4402
2021-06-09,3.0,34012
2021-06-09,4.0,43849
2021-06-09,5.0,51560
2021-06-09,6.0,42669
2021-06-09,7.0,4217
2021-06-09,8.0,400
2021-06-09,9.0,140
2021-06-09,10.0,17
2021-06-10,1.0,7
2021-06-10,2.0,4631
2021-06-10,3.0,40224
2021-06-10,4.0,54670
2021-06-10,5.0,51410
2021-06-10,6.0,50156
2021-06-10,7.0,4287
2021-06-10,8.0,482
2021-06-10,9.0,139
2021-06-10,10.0,19
2021-06-11,1.0,9
2021-06-11,2.0,5686
2021-06-11,3.0,56795
2021-06-11,4.0,90931
2021-06-11,5.0,72173
2021-06-11,6.0,61120
2021-06-11,7.0,3883
2021-06-11,8.0,393
2021-06-11,9.0,104
2021-06-11,10.0,21
2021-06-12,1.0,2
2021-06-12,2.0,2107
2021-06-12,3.0,26716
2021-06-12,4.0,44409
2021-06-12,5.0,32791
2021-06-12,6.0,60106
2021-06-12,7.0,2355
2021-06-12,8.0,183
2021-06-12,9.0,57
2021-06-12,10.0,10
2021-06-13,1.0,1
2021-06-13,2.0,133
2021-06-13,3.0,1568
2021-06-13,4.0,2510
2021-06-13,5.0,2063
2021-06-13,6.0,4386
2021-06-13,7.0,90
2021-06-13,8.0,11
2021-06-13,9.0,4
2021-06-13,10.0,0
2021-06-14,1.0,4
2021-06-14,2.0,4072
2021-06-14,3.0,37813
2021-06-14,4.0,58089
2021-06-14,5.0,46601
2021-06-14,6.0,125742
2021-06-14,7.0,4448
2021-06-14,8.0,386
2021-06-14,9.0,110
2021-06-14,10.0,21
2021-06-15,1.0,6
2021-06-15,2.0,4103
2021-06-15,3.0,36011
2021-06-15,4.0,51385
2021-06-15,5.0,41595
2021-06-15,6.0,183379
2021-06-15,7.0,4629
2021-06-15,8.0,509
2021-06-15,9.0,172
2021-06-15,10.0,35
2021-06-16,1.0,6
2021-06-16,2.0,3047
2021-06-16,3.0,26780
2021-06-16,4.0,35021
2021-06-16,5.0,36516
2021-06-16,6.0,437954
2021-06-16,7.0,4341
2021-06-16,8.0,437
2021-06-16,9.0,160
2021-06-16,10.0,21
2021-06-17,1.0,3
2021-06-17,2.0,2895
2021-06-17,3.0,24807
2021-06-17,4.0,31140
2021-06-17,5.0,49720
2021-06-17,6.0,401557
2021-06-17,7.0,4489
2021-06-17,8.0,476
2021-06-17,9.0,155
2021-06-17,10.0,28
2021-06-18,1.0,3
2021-06-18,2.0,3000
2021-06-18,3.0,24632
2021-06-18,4.0,29818
2021-06-18,5.0,48113
2021-06-18,6.0,357749
2021-06-18,7.0,4690
2021-06-18,8.0,504
2021-06-18,9.0,162
2021-06-18,10.0,33
2021-06-19,1.0,6
2021-06-19,2.0,1726
2021-06-19,3.0,13944
2021-06-19,4.0,17015
2021-06-19,5.0,67942
2021-06-19,6.0,319055
2021-06-19,7.0,3047
2021-06-19,8.0,281
2021-06-19,9.0,111
2021-06-19,10.0,17
2021-06-20,2.0,84
2021-06-20,3.0,604
2021-06-20,4.0,735
2021-06-20,5.0,6697
2021-06-20,6.0,25424
2021-06-20,7.0,191
2021-06-20,8.0,20
2021-06-20,9.0,23
2021-06-20,10.0,3
2021-06-21,1.0,3
2021-06-21,2.0,1907
2021-06-21,3.0,15074
2021-06-21,4.0,18784
2021-06-21,5.0,94502
2021-06-21,6.0,196662
2021-06-21,7.0,3715
2021-06-21,8.0,413
2021-06-21,9.0,137
2021-06-21,10.0,13
2021-06-22,1.0,2
2021-06-22,2.0,1630
2021-06-22,3.0,11939
2021-06-22,4.0,14919
2021-06-22,5.0,129432
2021-06-22,6.0,137559
2021-06-22,7.0,3152
2021-06-22,8.0,384
2021-06-22,9.0,130
2021-06-22,10.0,18
2021-06-23,1.0,5
2021-06-23,2.0,2047
2021-06-23,3.0,15282
2021-06-23,4.0,18159
2021-06-23,5.0,304390
2021-06-23,6.0,118921
2021-06-23,7.0,3699
2021-06-23,8.0,552
2021-06-23,9.0,169
2021-06-23,10.0,41
2021-06-24,1.0,5
2021-06-24,2.0,2265
2021-06-24,3.0,14967
2021-06-24,4.0,16654
2021-06-24,5.0,300088
2021-06-24,6.0,85860
2021-06-24,7.0,3280
2021-06-24,8.0,504
2021-06-24,9.0,135
2021-06-24,10.0,19
2021-06-25,1.0,8
2021-06-25,2.0,2411
2021-06-25,3.0,15230
2021-06-25,4.0,21105
2021-06-25,5.0,319850
2021-06-25,6.0,64733
2021-06-25,7.0,3048
2021-06-25,8.0,517
2021-06-25,9.0,159
2021-06-25,10.0,26
2021-06-26,1.0,4
2021-06-26,2.0,741
2021-06-26,3.0,6325
2021-06-26,4.0,8507
2021-06-26,5.0,197926
2021-06-26,6.0,47573
2021-06-26,7.0,1820
2021-06-26,8.0,249
2021-06-26,9.0,89
2021-06-26,10.0,10
2021-06-27,2.0,80
2021-06-27,3.0,743
2021-06-27,4.0,1979
2021-06-27,5.0,23668
2021-06-27,6.0,3354
2021-06-27,7.0,80
2021-06-27,8.0,17
2021-06-27,9.0,8
2021-06-27,10.0,1
2021-06-28,1.0,8
2021-06-28,2.0,1612
2021-06-28,3.0,9923
2021-06-28,4.0,13281
2021-06-28,5.0,185985
2021-06-28,6.0,32365
2021-06-28,7.0,2465
2021-06-28,8.0,442
2021-06-28,9.0,120
2021-06-28,10.0,20
2021-06-29,1.0,7
2021-06-29,2.0,1460
2021-06-29,3.0,9273
2021-06-29,4.0,12664
2021-06-29,5.0,280767
2021-06-29,6.0,27178
2021-06-29,7.0,1908
2021-06-29,8.0,302
2021-06-29,9.0,94
2021-06-29,10.0,11
2021-06-30,1.0,5
2021-06-30,2.0,1379
2021-06-30,3.0,9202
2021-06-30,4.0,18819
2021-06-30,5.0,351109
2021-06-30,6.0,23747
2021-06-30,7.0,1771
2021-06-30,8.0,372
2021-06-30,9.0,83
2021-06-30,10.0,8
2021-07-01,1.0,5
2021-07-01,2.0,1493
2021-07-01,3.0,10084
2021-07-01,4.0,27655
2021-07-01,5.0,235512
2021-07-01,6.0,27214
2021-07-01,7.0,1938
2021-07-01,8.0,372
2021-07-01,9.0,92
2021-07-01,10.0,10
2021-07-02,1.0,3
2021-07-02,2.0,1666
2021-07-02,3.0,11042
2021-07-02,4.0,32528
2021-07-02,5.0,236510
2021-07-02,6.0,26836
2021-07-02,7.0,2277
2021-07-02,8.0,368
2021-07-02,9.0,103
2021-07-02,10.0,12
2021-07-03,1.0,2
2021-07-03,2.0,418
2021-07-03,3.0,2870
2021-07-03,4.0,24434
2021-07-03,5.0,90280
2021-07-03,6.0,9399
2021-07-03,7.0,865
2021-07-03,8.0,132
2021-07-03,9.0,34
2021-07-03,10.0,6
2021-07-04,2.0,13
2021-07-04,3.0,108
2021-07-04,4.0,446
2021-07-04,5.0,4634
2021-07-04,6.0,551
2021-07-04,7.0,30
2021-07-04,8.0,7
2021-07-04,9.0,1
2021-07-05,1.0,7
2021-07-05,2.0,1227
2021-07-05,3.0,8955
2021-07-05,4.0,50244
2021-07-05,5.0,217459
2021-07-05,6.0,22404
2021-07-05,7.0,2434
2021-07-05,8.0,422
2021-07-05,9.0,98
2021-07-05,10.0,22
2021-07-06,1.0,5
2021-07-06,2.0,1094
2021-07-06,3.0,7861
2021-07-06,4.0,88905
2021-07-06,5.0,130220
2021-07-06,6.0,19215
2021-07-06,7.0,1998
2021-07-06,8.0,322
2021-07-06,9.0,90
2021-07-06,10.0,17
2021-07-07,1.0,4
2021-07-07,2.0,1024
2021-07-07,3.0,7031
2021-07-07,4.0,123836
2021-07-07,5.0,103373
2021-07-07,6.0,12625
2021-07-07,7.0,1673
2021-07-07,8.0,287
2021-07-07,9.0,85
2021-07-07,10.0,20
2021-07-08,1.0,7
2021-07-08,2.0,1269
2021-07-08,3.0,8999
2021-07-08,4.0,190761
2021-07-08,5.0,95608
2021-07-08,6.0,17628
2021-07-08,7.0,1957
2021-07-08,8.0,437
2021-07-08,9.0,107
2021-07-08,10.0,15
2021-07-09,1.0,3
2021-07-09,2.0,511
2021-07-09,3.0,4038
2021-07-09,4.0,132409
2021-07-09,5.0,74744
2021-07-09,6.0,10060
2021-07-09,7.0,1123
2021-07-09,8.0,176
2021-07-09,9.0,56
2021-07-09,10.0,14
2021-07-10,1.0,0
2021-07-10,2.0,138
2021-07-10,3.0,1086
2021-07-10,4.0,39396
2021-07-10,5.0,22786
2021-07-10,6.0,3647
2021-07-10,7.0,394
2021-07-10,8.0,72
2021-07-10,9.0,27
2021-07-10,10.0,4
2021-07-11,2.0,6
2021-07-11,3.0,50
2021-07-11,4.0,970
2021-07-11,5.0,615
2021-07-11,6.0,108
2021-07-11,7.0,26
2021-07-11,8.0,2
2021-07-11,9.0,1
2021-07-11,10.0,1
2021-07-12,1.0,8
2021-07-12,2.0,780
2021-07-12,3.0,5849
2021-07-12,4.0,196695
2021-07-12,5.0,48498
2021-07-12,6.0,11497
2021-07-12,7.0,1724
2021-07-12,8.0,301
2021-07-12,9.0,73
2021-07-12,10.0,13
2021-07-13,1.0,6
2021-07-13,2.0,782
2021-07-13,3.0,5456
2021-07-13,4.0,116033
2021-07-13,5.0,38555
2021-07-13,6.0,9331
2021-07-13,7.0,1532
2021-07-13,8.0,232
2021-07-13,9.0,76
2021-07-13,10.0,4
2021-07-14,1.0,5
2021-07-14,2.0,975
2021-07-14,3.0,8227
2021-07-14,4.0,127618
2021-07-14,5.0,33195
2021-07-14,6.0,9266
2021-07-14,7.0,2070
2021-07-14,8.0,292
2021-07-14,9.0,85
2021-07-14,10.0,18
2021-07-15,1.0,3
2021-07-15,2.0,970
2021-07-15,3.0,8443
2021-07-15,4.0,271650
2021-07-15,5.0,35294
2021-07-15,6.0,10599
2021-07-15,7.0,1868
2021-07-15,8.0,289
2021-07-15,9.0,96
2021-07-15,10.0,12
2021-07-16,1.0,4
2021-07-16,2.0,854
2021-07-16,3.0,10968
2021-07-16,4.0,294535
2021-07-16,5.0,29639
2021-07-16,6.0,10326
2021-07-16,7.0,1842
2021-07-16,8.0,276
2021-07-16,9.0,79
2021-07-16,10.0,18
2021-07-17,1.0,6
2021-07-17,2.0,423
2021-07-17,3.0,10973
2021-07-17,4.0,236354
2021-07-17,5.0,28815
2021-07-17,6.0,10245
2021-07-17,7.0,1578
2021-07-17,8.0,303
2021-07-17,9.0,86
2021-07-17,10.0,15
2021-07-18,2.0,21
2021-07-18,3.0,556
2021-07-18,4.0,31366
2021-07-18,5.0,2176
2021-07-18,6.0,536
2021-07-18,7.0,81
2021-07-18,8.0,13
2021-07-18,9.0,2
2021-07-18,10.0,0
2021-07-19,1.0,6
2021-07-19,2.0,922
2021-07-19,3.0,15366
2021-07-19,4.0,370323
2021-07-19,5.0,27307
2021-07-19,6.0,9063
2021-07-19,7.0,1710
2021-07-19,8.0,299
2021-07-19,9.0,106
2021-07-19,10.0,16
2021-07-20,1.0,5
2021-07-20,2.0,1062
2021-07-20,3.0,19691
2021-07-20,4.0,351236
2021-07-20,5.0,23098
2021-07-20,6.0,7489
2021-07-20,7.0,1425
2021-07-20,8.0,247
2021-07-20,9.0,81
2021-07-20,10.0,22
2021-07-21,1.0,7
2021-07-21,2.0,797
2021-07-21,3.0,26664
2021-07-21,4.0,317358
2021-07-21,5.0,18715
2021-07-21,6.0,6403
2021-07-21,7.0,1711
2021-07-21,8.0,246
2021-07-21,9.0,82
2021-07-21,10.0,10
2021-07-22,1.0,4
2021-07-22,2.0,947
2021-07-22,3.0,45634
2021-07-22,4.0,295866
2021-07-22,5.0,19246
2021-07-22,6.0,6539
2021-07-22,7.0,1763
2021-07-22,8.0,290
2021-07-22,9.0,78
2021-07-22,10.0,14
2021-07-23,1.0,3
2021-07-23,2.0,1060
2021-07-23,3.0,59718
2021-07-23,4.0,300480
2021-07-23,5.0,19714
2021-07-23,6.0,7241
2021-07-23,7.0,1666
2021-07-23,8.0,260
2021-07-23,9.0,81
2021-07-23,10.0,20
2021-07-24,1.0,3
2021-07-24,2.0,291
2021-07-24,3.0,29166
2021-07-24,4.0,127942
2021-07-24,5.0,13994
2021-07-24,6.0,4730
2021-07-24,7.0,796
2021-07-24,8.0,138
2021-07-24,9.0,47
2021-07-24,10.0,8
2021-07-25,2.0,18
2021-07-25,3.0,2088
2021-07-25,4.0,6408
2021-07-25,5.0,722
2021-07-25,6.0,213
2021-07-25,7.0,83
2021-07-25,8.0,12
2021-07-25,9.0,1
2021-07-25,10.0,0
2021-07-26,1.0,5
2021-07-26,2.0,998
2021-07-26,3.0,56821
2021-07-26,4.0,170523
2021-07-26,5.0,17239
2021-07-26,6.0,6493
2021-07-26,7.0,1852
2021-07-26,8.0,265
2021-07-26,9.0,74
2021-07-26,10.0,16
2021-07-27,1.0,5
2021-07-27,2.0,1032
2021-07-27,3.0,135884
2021-07-27,4.0,130077
2021-07-27,5.0,16910
2021-07-27,6.0,6509
2021-07-27,7.0,1905
2021-07-27,8.0,299
2021-07-27,9.0,83
2021-07-27,10.0,18
2021-07-28,1.0,2
2021-07-28,2.0,914
2021-07-28,3.0,65815
2021-07-28,4.0,78686
2021-07-28,5.0,12095
2021-07-28,6.0,4581
2021-07-28,7.0,1157
2021-07-28,8.0,149
2021-07-28,9.0,42
2021-07-28,10.0,9
2021-07-29,1.0,13
2021-07-29,2.0,1368
2021-07-29,3.0,113581
2021-07-29,4.0,82846
2021-07-29,5.0,12119
2021-07-29,6.0,4748
2021-07-29,7.0,2357
2021-07-29,8.0,218
2021-07-29,9.0,57
2021-07-29,10.0,14
2021-07-30,1.0,6
2021-07-30,2.0,1348
2021-07-30,3.0,227815
2021-07-30,4.0,77956
2021-07-30,5.0,14518
2021-07-30,6.0,5558
2021-07-30,7.0,1529
2021-07-30,8.0,209
2021-07-30,9.0,72
2021-07-30,10.0,7
2021-07-31,1.0,2
2021-07-31,2.0,932
2021-07-31,3.0,111940
2021-07-31,4.0,36510
2021-07-31,5.0,7617
2021-07-31,6.0,2552
2021-07-31,7.0,721
2021-07-31,8.0,84
2021-07-31,9.0,24
2021-07-31,10.0,7
2021-08-01,1.0,1
2021-08-01,2.0,78
2021-08-01,3.0,16769
2021-08-01,4.0,3330
2021-08-01,5.0,570
2021-08-01,6.0,199
2021-08-01,7.0,45
2021-08-01,8.0,6
2021-08-01,9.0,2
2021-08-01,10.0,0
2021-08-02,1.0,7
2021-08-02,2.0,1866
2021-08-02,3.0,211876
2021-08-02,4.0,58676
2021-08-02,5.0,12756
2021-08-02,6.0,4925
2021-08-02,7.0,1350
2021-08-02,8.0,214
2021-08-02,9.0,61
2021-08-02,10.0,8
2021-08-03,1.0,8
2021-08-03,2.0,3525
2021-08-03,3.0,258154
2021-08-03,4.0,50121
2021-08-03,5.0,12841
2021-08-03,6.0,5414
2021-08-03,7.0,1163
2021-08-03,8.0,189
2021-08-03,9.0,62
2021-08-03,10.0,16
2021-08-04,1.0,6
2021-08-04,2.0,3823
2021-08-04,3.0,284787
2021-08-04,4.0,41181
2021-08-04,5.0,9985
2021-08-04,6.0,4575
2021-08-04,7.0,1206
2021-08-04,8.0,223
2021-08-04,9.0,69
2021-08-04,10.0,12
2021-08-05,1.0,11
2021-08-05,2.0,3623
2021-08-05,3.0,322743
2021-08-05,4.0,33781
2021-08-05,5.0,8662
2021-08-05,6.0,4057
2021-08-05,7.0,1095
2021-08-05,8.0,233
2021-08-05,9.0,58
2021-08-05,10.0,11
2021-08-06,1.0,12
2021-08-06,2.0,9488
2021-08-06,3.0,282433
2021-08-06,4.0,29371
2021-08-06,5.0,8570
2021-08-06,6.0,4224
2021-08-06,7.0,1115
2021-08-06,8.0,222
2021-08-06,9.0,56
2021-08-06,10.0,16
2021-08-07,1.0,3
2021-08-07,2.0,6887
2021-08-07,3.0,107878
2021-08-07,4.0,18264
2021-08-07,5.0,5556
2021-08-07,6.0,2576
2021-08-07,7.0,563
2021-08-07,8.0,102
2021-08-07,9.0,26
2021-08-07,10.0,7
2021-08-08,2.0,151
2021-08-08,3.0,3517
2021-08-08,4.0,727
2021-08-08,5.0,148
2021-08-08,6.0,63
2021-08-08,7.0,25
2021-08-08,8.0,3
2021-08-08,9.0,0
2021-08-08,10.0,0
2021-08-09,1.0,11
2021-08-09,2.0,17507
2021-08-09,3.0,180349
2021-08-09,4.0,28991
2021-08-09,5.0,9051
2021-08-09,6.0,4357
2021-08-09,7.0,1150
2021-08-09,8.0,201
2021-08-09,9.0,71
2021-08-09,10.0,14
2021-08-10,1.0,11
2021-08-10,2.0,68562
2021-08-10,3.0,369865
2021-08-10,4.0,29262
2021-08-10,5.0,9443
2021-08-10,6.0,4396
2021-08-10,7.0,1053
2021-08-10,8.0,253
2021-08-10,9.0,63
2021-08-10,10.0,16
2021-08-11,1.0,28
2021-08-11,2.0,66247
2021-08-11,3.0,305894
2021-08-11,4.0,24317
2021-08-11,5.0,8012
2021-08-11,6.0,3970
2021-08-11,7.0,926
2021-08-11,8.0,230
2021-08-11,9.0,55
2021-08-11,10.0,8
2021-08-12,1.0,24
2021-08-12,2.0,68788
2021-08-12,3.0,320041
2021-08-12,4.0,23807
2021-08-12,5.0,7849
2021-08-12,6.0,3623
2021-08-12,7.0,801
2021-08-12,8.0,178
2021-08-12,9.0,68
2021-08-12,10.0,11
2021-08-13,1.0,19
2021-08-13,2.0,78035
2021-08-13,3.0,320279
2021-08-13,4.0,27568
2021-08-13,5.0,8628
2021-08-13,6.0,4161
2021-08-13,7.0,931
2021-08-13,8.0,205
2021-08-13,9.0,70
2021-08-13,10.0,18
2021-08-14,1.0,18
2021-08-14,2.0,79408
2021-08-14,3.0,310195
2021-08-14,4.0,16949
2021-08-14,5.0,6080
2021-08-14,6.0,2983
2021-08-14,7.0,582
2021-08-14,8.0,130
2021-08-14,9.0,40
2021-08-14,10.0,5
2021-08-15,1.0,28
2021-08-15,2.0,143684
2021-08-15,3.0,67297
2021-08-15,4.0,5144
2021-08-15,5.0,1991
2021-08-15,6.0,1012
2021-08-15,7.0,212
2021-08-15,8.0,37
2021-08-15,9.0,13
2021-08-15,10.0,4
2021-08-16,1.0,27
2021-08-16,2.0,93452
2021-08-16,3.0,169758
2021-08-16,4.0,20934
2021-08-16,5.0,7809
2021-08-16,6.0,3673
2021-08-16,7.0,884
2021-08-16,8.0,212
2021-08-16,9.0,56
2021-08-16,10.0,8
2021-08-17,1.0,29
2021-08-17,2.0,81637
2021-08-17,3.0,139615
2021-08-17,4.0,19504
2021-08-17,5.0,7088
2021-08-17,6.0,3348
2021-08-17,7.0,797
2021-08-17,8.0,186
2021-08-17,9.0,65
2021-08-17,10.0,10
2021-08-18,1.0,22
2021-08-18,2.0,69690
2021-08-18,3.0,102147
2021-08-18,4.0,16790
2021-08-18,5.0,6363
2021-08-18,6.0,3044
2021-08-18,7.0,701
2021-08-18,8.0,199
2021-08-18,9.0,64
2021-08-18,10.0,7
2021-08-19,1.0,18
2021-08-19,2.0,49875
2021-08-19,3.0,70540
2021-08-19,4.0,15054
2021-08-19,5.0,5830
2021-08-19,6.0,2813
2021-08-19,7.0,719
2021-08-19,8.0,156
2021-08-19,9.0,69
2021-08-19,10.0,14
2021-08-20,1.0,7
2021-08-20,2.0,37967
2021-08-20,3.0,58246
2021-08-20,4.0,14915
2021-08-20,5.0,5935
2021-08-20,6.0,2714
2021-08-20,7.0,714
2021-08-20,8.0,158
2021-08-20,9.0,51
2021-08-20,10.0,9
2021-08-21,1.0,4
2021-08-21,2.0,23604
2021-08-21,3.0,39305
2021-08-21,4.0,9445
2021-08-21,5.0,4287
2021-08-21,6.0,1943
2021-08-21,7.0,374
2021-08-21,8.0,75
2021-08-21,9.0,27
2021-08-21,10.0,9
2021-08-22,1.0,1
2021-08-22,2.0,2103
2021-08-22,3.0,2861
2021-08-22,4.0,1079
2021-08-22,5.0,557
2021-08-22,6.0,249
2021-08-22,7.0,50
2021-08-22,8.0,9
2021-08-22,9.0,3
2021-08-22,10.0,1
2021-08-23,1.0,18
2021-08-23,2.0,54627
2021-08-23,3.0,49682
2021-08-23,4.0,13498
2021-08-23,5.0,5444
2021-08-23,6.0,2542
2021-08-23,7.0,702
2021-08-23,8.0,180
2021-08-23,9.0,54
2021-08-23,10.0,12
2021-08-24,1.0,18
2021-08-24,2.0,54610
2021-08-24,3.0,47038
2021-08-24,4.0,12982
2021-08-24,5.0,5416
2021-08-24,6.0,2657
2021-08-24,7.0,736
2021-08-24,8.0,198
2021-08-24,9.0,63
2021-08-24,10.0,12
2021-08-25,1.0,21
2021-08-25,2.0,58882
2021-08-25,3.0,39631
2021-08-25,4.0,11709
2021-08-25,5.0,4829
2021-08-25,6.0,2283
2021-08-25,7.0,641
2021-08-25,8.0,151
2021-08-25,9.0,55
2021-08-25,10.0,13
2021-08-26,1.0,15
2021-08-26,2.0,57853
2021-08-26,3.0,29371
2021-08-26,4.0,9880
2021-08-26,5.0,4233
2021-08-26,6.0,1926
2021-08-26,7.0,658
2021-08-26,8.0,159
2021-08-26,9.0,52
2021-08-26,10.0,7
2021-08-27,1.0,18
2021-08-27,2.0,52853
2021-08-27,3.0,26592
2021-08-27,4.0,8910
2021-08-27,5.0,4117
2021-08-27,6.0,2019
2021-08-27,7.0,590
2021-08-27,8.0,159
2021-08-27,9.0,45
2021-08-27,10.0,7
2021-08-28,1.0,8
2021-08-28,2.0,28900
2021-08-28,3.0,12998
2021-08-28,4.0,5204
2021-08-28,5.0,2537
2021-08-28,6.0,969
2021-08-28,7.0,225
2021-08-28,8.0,66
2021-08-28,9.0,18
2021-08-28,10.0,3
2021-08-29,1.0,4
2021-08-29,2.0,19117
2021-08-29,3.0,1179
2021-08-29,4.0,561
2021-08-29,5.0,241
2021-08-29,6.0,106
2021-08-29,7.0,25
2021-08-29,8.0,5
2021-08-29,9.0,1
2021-08-29,10.0,1
2021-08-30,1.0,58
2021-08-30,2.0,279991
2021-08-30,3.0,21083
2021-08-30,4.0,7957
2021-08-30,5.0,3597
2021-08-30,6.0,1772
2021-08-30,7.0,554
2021-08-30,8.0,169
2021-08-30,9.0,47
2021-08-30,10.0,7
2021-08-31,1.0,81
2021-08-31,2.0,298486
2021-08-31,3.0,20447
2021-08-31,4.0,7959
2021-08-31,5.0,3736
2021-08-31,6.0,1885
2021-08-31,7.0,549
2021-08-31,8.0,166
2021-08-31,9.0,48
2021-08-31,10.0,12
2021-09-01,1.0,66
2021-09-01,2.0,243439
2021-09-01,3.0,19496
2021-09-01,4.0,7977
2021-09-01,5.0,3879
2021-09-01,6.0,1824
2021-09-01,7.0,570
2021-09-01,8.0,162
2021-09-01,9.0,50
2021-09-01,10.0,10
2021-09-02,1.0,68
2021-09-02,2.0,168400
2021-09-02,3.0,17624
2021-09-02,4.0,7102
2021-09-02,5.0,3380
2021-09-02,6.0,1776
2021-09-02,7.0,580
2021-09-02,8.0,181
2021-09-02,9.0,53
2021-09-02,10.0,8
2021-09-03,1.0,55
2021-09-03,2.0,159657
2021-09-03,3.0,15064
2021-09-03,4.0,6490
2021-09-03,5.0,3194
2021-09-03,6.0,1662
2021-09-03,7.0,534
2021-09-03,8.0,172
2021-09-03,9.0,39
2021-09-03,10.0,11
2021-09-04,1.0,20
2021-09-04,2.0,61076
2021-09-04,3.0,4880
2021-09-04,4.0,2127
2021-09-04,5.0,1840
2021-09-04,6.0,667
2021-09-04,7.0,158
2021-09-04,8.0,37
2021-09-04,9.0,21
2021-09-04,10.0,6
2021-09-05,1.0,2
2021-09-05,2.0,10571
2021-09-05,3.0,358
2021-09-05,4.0,209
2021-09-05,5.0,86
2021-09-05,6.0,111
2021-09-05,7.0,15
2021-09-05,8.0,7
2021-09-05,9.0,2
2021-09-05,10.0,0
2021-09-06,1.0,70
2021-09-06,2.0,176304
2021-09-06,3.0,9110
2021-09-06,4.0,3009
2021-09-06,5.0,1475
2021-09-06,6.0,800
2021-09-06,7.0,232
2021-09-06,8.0,70
2021-09-06,9.0,33
2021-09-06,10.0,20
2021-09-07,1.0,13
2021-09-07,2.0,22957
2021-09-07,3.0,1519
2021-09-07,4.0,621
2021-09-07,5.0,278
2021-09-07,6.0,179
2021-09-07,7.0,54
2021-09-07,8.0,15
2021-09-07,9.0,5
2021-09-07,10.0,6
2021-09-08,1.0,63
2021-09-08,2.0,175857
2021-09-08,3.0,13668
2021-09-08,4.0,5450
2021-09-08,5.0,2575
2021-09-08,6.0,1655
2021-09-08,7.0,401
2021-09-08,8.0,139
2021-09-08,9.0,49
2021-09-08,10.0,12
2021-09-09,1.0,88
2021-09-09,2.0,189365
2021-09-09,3.0,13458
2021-09-09,4.0,5778
2021-09-09,5.0,2733
2021-09-09,6.0,1667
2021-09-09,7.0,440
2021-09-09,8.0,104
2021-09-09,9.0,47
2021-09-09,10.0,20
2021-09-10,1.0,79
2021-09-10,2.0,175048
2021-09-10,3.0,12437
2021-09-10,4.0,5554
2021-09-10,5.0,2630
2021-09-10,6.0,1571
2021-09-10,7.0,415
2021-09-10,8.0,148
2021-09-10,9.0,42
2021-09-10,10.0,19
2021-09-11,1.0,35
2021-09-11,2.0,85405
2021-09-11,3.0,4981
2021-09-11,4.0,2194
2021-09-11,5.0,1151
2021-09-11,6.0,672
2021-09-11,7.0,138
2021-09-11,8.0,44
2021-09-11,9.0,17
2021-09-11,10.0,7
2021-09-12,1.0,4
2021-09-12,2.0,12111
2021-09-12,3.0,330
2021-09-12,4.0,137
2021-09-12,5.0,75
2021-09-12,6.0,60
2021-09-12,7.0,10
2021-09-12,8.0,5
2021-09-12,9.0,2
2021-09-12,10.0,0
2021-09-13,1.0,60
2021-09-13,2.0,131684
2021-09-13,3.0,14477
2021-09-13,4.0,6220
2021-09-13,5.0,3065
2021-09-13,6.0,1903
2021-09-13,7.0,459
2021-09-13,8.0,142
2021-09-13,9.0,54
2021-09-13,10.0,15
2021-09-14,1.0,55
2021-09-14,2.0,118784
2021-09-14,3.0,11839
2021-09-14,4.0,4873
2021-09-14,5.0,2530
2021-09-14,6.0,1740
2021-09-14,7.0,409
2021-09-14,8.0,131
2021-09-14,9.0,58
2021-09-14,10.0,11
2021-09-15,1.0,44
2021-09-15,2.0,97234
2021-09-15,3.0,10896
2021-09-15,4.0,4928
2021-09-15,5.0,2532
2021-09-15,6.0,1540
2021-09-15,7.0,428
2021-09-15,8.0,136
2021-09-15,9.0,42
2021-09-15,10.0,14
2021-09-16,1.0,45
2021-09-16,2.0,68317
2021-09-16,3.0,14001
2021-09-16,4.0,5442
2021-09-16,5.0,2939
2021-09-16,6.0,1550
2021-09-16,7.0,424
2021-09-16,8.0,135
2021-09-16,9.0,56
2021-09-16,10.0,16
2021-09-17,1.0,33
2021-09-17,2.0,49193
2021-09-17,3.0,14147
2021-09-17,4.0,6163
2021-09-17,5.0,3224
2021-09-17,6.0,1624
2021-09-17,7.0,427
2021-09-17,8.0,121
2021-09-17,9.0,56
2021-09-17,10.0,8
2021-09-18,1.0,8
2021-09-18,2.0,17228
2021-09-18,3.0,4931
2021-09-18,4.0,2461
2021-09-18,5.0,1296
2021-09-18,6.0,701
2021-09-18,7.0,167
2021-09-18,8.0,54
2021-09-18,9.0,20
2021-09-18,10.0,0
2021-09-19,1.0,1
2021-09-19,2.0,924
2021-09-19,3.0,280
2021-09-19,4.0,197
2021-09-19,5.0,86
2021-09-19,6.0,46
2021-09-19,7.0,13
2021-09-19,8.0,2
2021-09-19,9.0,2
2021-09-19,10.0,0
2021-09-20,1.0,11
2021-09-20,2.0,32922
2021-09-20,3.0,12982
2021-09-20,4.0,5445
2021-09-20,5.0,2776
2021-09-20,6.0,1456
2021-09-20,7.0,389
2021-09-20,8.0,154
2021-09-20,9.0,49
2021-09-20,10.0,12
2021-09-21,1.0,13
2021-09-21,2.0,28237
2021-09-21,3.0,11398
2021-09-21,4.0,4994
2021-09-21,5.0,2694
2021-09-21,6.0,1307
2021-09-21,7.0,355
2021-09-21,8.0,111
2021-09-21,9.0,61
2021-09-21,10.0,7
2021-09-22,1.0,20
2021-09-22,2.0,25662
2021-09-22,3.0,12562
2021-09-22,4.0,5103
2021-09-22,5.0,3041
2021-09-22,6.0,1361
2021-09-22,7.0,390
2021-09-22,8.0,115
2021-09-22,9.0,51
2021-09-22,10.0,12
2021-09-23,1.0,10
2021-09-23,2.0,30157
2021-09-23,3.0,11271
2021-09-23,4.0,5101
2021-09-23,5.0,2815
2021-09-23,6.0,1406
2021-09-23,7.0,381
2021-09-23,8.0,109
2021-09-23,9.0,55
2021-09-23,10.0,13
2021-09-24,1.0,15
2021-09-24,2.0,21955
2021-09-24,3.0,13679
2021-09-24,4.0,6360
2021-09-24,5.0,3700
2021-09-24,6.0,1844
2021-09-24,7.0,554
2021-09-24,8.0,140
2021-09-24,9.0,63
2021-09-24,10.0,9
2021-09-25,1.0,4
2021-09-25,2.0,8640
2021-09-25,3.0,7144
2021-09-25,4.0,3070
2021-09-25,5.0,1589
2021-09-25,6.0,784
2021-09-25,7.0,228
2021-09-25,8.0,69
2021-09-25,9.0,24
2021-09-25,10.0,0
2021-09-26,1.0,1
2021-09-26,2.0,746
2021-09-26,3.0,501
2021-09-26,4.0,307
2021-09-26,5.0,134
2021-09-26,6.0,70
2021-09-26,7.0,18
2021-09-26,8.0,5
2021-09-26,9.0,0
2021-09-26,10.0,0
2021-09-27,1.0,11
2021-09-27,2.0,19969
2021-09-27,3.0,15256
2021-09-27,4.0,7421
2021-09-27,5.0,4024
2021-09-27,6.0,1879
2021-09-27,7.0,607
2021-09-27,8.0,216
2021-09-27,9.0,72
2021-09-27,10.0,15
2021-09-28,1.0,8
2021-09-28,2.0,17457
2021-09-28,3.0,12518
2021-09-28,4.0,6074
2021-09-28,5.0,3014
2021-09-28,6.0,1461
2021-09-28,7.0,481
2021-09-28,8.0,214
2021-09-28,9.0,61
2021-09-28,10.0,5
2021-09-29,1.0,6
2021-09-29,2.0,14902
2021-09-29,3.0,10143
2021-09-29,4.0,5140
2021-09-29,5.0,2651
2021-09-29,6.0,1207
2021-09-29,7.0,417
2021-09-29,8.0,143
2021-09-29,9.0,58
2021-09-29,10.0,13
2021-09-30,1.0,6
2021-09-30,2.0,14931
2021-09-30,3.0,12478
2021-09-30,4.0,5343
2021-09-30,5.0,2697
2021-09-30,6.0,1278
2021-09-30,7.0,448
2021-09-30,8.0,148
2021-09-30,9.0,45
2021-09-30,10.0,8
2021-10-01,1.0,10
2021-10-01,2.0,11247
2021-10-01,3.0,7492
2021-10-01,4.0,3881
2021-10-01,5.0,2141
2021-10-01,6.0,1096
2021-10-01,7.0,351
2021-10-01,8.0,105
2021-10-01,9.0,47
2021-10-01,10.0,5
2021-10-02,1.0,5
2021-10-02,2.0,11559
2021-10-02,3.0,12067
2021-10-02,4.0,6887
2021-10-02,5.0,3886
2021-10-02,6.0,1663
2021-10-02,7.0,460
2021-10-02,8.0,137
2021-10-02,9.0,46
2021-10-02,10.0,11
2021-10-03,2.0,384
2021-10-03,3.0,471
2021-10-03,4.0,237
2021-10-03,5.0,125
2021-10-03,6.0,58
2021-10-03,7.0,16
2021-10-03,8.0,7
2021-10-03,9.0,0
2021-10-03,10.0,0
