areaType,areaName,areaCode,date,newCases,cumCases,newFirstEpisodesBySpecimenDate,cumFirstEpisodesBySpecimenDate,newReinfectionsBySpecimenDate,cumReinfectionsBySpecimenDate
region,London,E12000007,2020/2/3,1,1,1,1,,
region,London,E12000007,2020/2/4,0,1,0,1,,
region,London,E12000007,2020/2/5,0,1,0,1,,
region,London,E12000007,2020/2/6,0,1,0,1,,
region,London,E12000007,2020/2/7,0,1,0,1,,
region,London,E12000007,2020/2/8,0,1,0,1,,
region,London,E12000007,2020/2/9,0,1,0,1,,
region,London,E12000007,2020/2/10,1,2,1,2,,
region,London,E12000007,2020/2/11,4,6,4,6,,
region,London,E12000007,2020/2/12,0,6,0,6,,
region,London,E12000007,2020/2/13,1,7,1,7,,
region,London,E12000007,2020/2/14,0,7,0,7,,
region,London,E12000007,2020/2/15,0,7,0,7,,
region,London,E12000007,2020/2/16,0,7,0,7,,
region,London,E12000007,2020/2/17,1,8,1,8,,
region,London,E12000007,2020/2/18,0,8,0,8,,
region,London,E12000007,2020/2/19,0,8,0,8,,
region,London,E12000007,2020/2/20,0,8,0,8,,
region,London,E12000007,2020/2/21,1,9,1,9,,
region,London,E12000007,2020/2/22,0,9,0,9,,
region,London,E12000007,2020/2/23,3,12,3,12,,
region,London,E12000007,2020/2/24,1,13,1,13,,
region,London,E12000007,2020/2/25,1,14,1,14,,
region,London,E12000007,2020/2/26,0,14,0,14,,
region,London,E12000007,2020/2/27,1,15,1,15,,
region,London,E12000007,2020/2/28,0,15,0,15,,
region,London,E12000007,2020/2/29,1,16,1,16,,
region,London,E12000007,2020/3/1,3,19,3,19,,
region,London,E12000007,2020/3/2,12,31,12,31,,
region,London,E12000007,2020/3/3,6,37,6,37,,
region,London,E12000007,2020/3/4,15,52,15,52,,
region,London,E12000007,2020/3/5,13,65,13,65,,
region,London,E12000007,2020/3/6,23,88,23,88,,
region,London,E12000007,2020/3/7,14,102,14,102,,
region,London,E12000007,2020/3/8,22,124,22,124,,
region,London,E12000007,2020/3/9,54,178,54,178,,
region,London,E12000007,2020/3/10,95,273,95,273,,
region,London,E12000007,2020/3/11,183,456,183,456,,
region,London,E12000007,2020/3/12,167,623,167,623,,
region,London,E12000007,2020/3/13,138,761,138,761,,
region,London,E12000007,2020/3/14,149,910,149,910,,
region,London,E12000007,2020/3/15,165,1075,165,1075,,
region,London,E12000007,2020/3/16,237,1312,237,1312,,
region,London,E12000007,2020/3/17,310,1622,310,1622,,
region,London,E12000007,2020/3/18,357,1979,357,1979,,
region,London,E12000007,2020/3/19,332,2311,332,2311,,
region,London,E12000007,2020/3/20,424,2735,424,2735,,
region,London,E12000007,2020/3/21,348,3083,348,3083,,
region,London,E12000007,2020/3/22,439,3522,439,3522,,
region,London,E12000007,2020/3/23,685,4207,685,4207,,
region,London,E12000007,2020/3/24,636,4843,636,4843,,
region,London,E12000007,2020/3/25,752,5595,752,5595,,
region,London,E12000007,2020/3/26,740,6335,740,6335,,
region,London,E12000007,2020/3/27,818,7153,818,7153,,
region,London,E12000007,2020/3/28,577,7730,577,7730,,
region,London,E12000007,2020/3/29,596,8326,596,8326,,
region,London,E12000007,2020/3/30,848,9174,848,9174,,
region,London,E12000007,2020/3/31,935,10109,935,10109,,
region,London,E12000007,2020/4/1,977,11086,977,11086,,
region,London,E12000007,2020/4/2,1063,12149,1063,12149,,
region,London,E12000007,2020/4/3,985,13134,985,13134,,
region,London,E12000007,2020/4/4,765,13899,765,13899,,
region,London,E12000007,2020/4/5,636,14535,636,14535,,
region,London,E12000007,2020/4/6,858,15393,858,15393,,
region,London,E12000007,2020/4/7,946,16339,946,16339,,
region,London,E12000007,2020/4/8,867,17206,867,17206,,
region,London,E12000007,2020/4/9,791,17997,791,17997,,
region,London,E12000007,2020/4/10,622,18619,622,18619,,
region,London,E12000007,2020/4/11,518,19137,518,19137,,
region,London,E12000007,2020/4/12,502,19639,502,19639,,
region,London,E12000007,2020/4/13,601,20240,601,20240,,
region,London,E12000007,2020/4/14,600,20840,600,20840,,
region,London,E12000007,2020/4/15,657,21497,657,21497,,
region,London,E12000007,2020/4/16,574,22071,574,22071,,
region,London,E12000007,2020/4/17,577,22648,577,22648,,
region,London,E12000007,2020/4/18,401,23049,401,23049,,
region,London,E12000007,2020/4/19,398,23447,398,23447,,
region,London,E12000007,2020/4/20,425,23872,425,23872,,
region,London,E12000007,2020/4/21,463,24335,463,24335,,
region,London,E12000007,2020/4/22,399,24734,399,24734,,
region,London,E12000007,2020/4/23,520,25254,520,25254,,
region,London,E12000007,2020/4/24,375,25629,375,25629,,
region,London,E12000007,2020/4/25,332,25961,332,25961,,
region,London,E12000007,2020/4/26,310,26271,310,26271,,
region,London,E12000007,2020/4/27,418,26689,418,26689,,
region,London,E12000007,2020/4/28,311,27000,311,27000,,
region,London,E12000007,2020/4/29,432,27432,432,27432,,
region,London,E12000007,2020/4/30,426,27858,426,27858,,
region,London,E12000007,2020/5/1,355,28213,355,28213,,
region,London,E12000007,2020/5/2,248,28461,248,28461,,
region,London,E12000007,2020/5/3,170,28631,170,28631,,
region,London,E12000007,2020/5/4,245,28876,245,28876,,
region,London,E12000007,2020/5/5,216,29092,216,29092,,
region,London,E12000007,2020/5/6,267,29359,267,29359,,
region,London,E12000007,2020/5/7,273,29632,273,29632,,
region,London,E12000007,2020/5/8,208,29840,208,29840,,
region,London,E12000007,2020/5/9,128,29968,128,29968,,
region,London,E12000007,2020/5/10,123,30091,123,30091,,
region,London,E12000007,2020/5/11,160,30251,160,30251,,
region,London,E12000007,2020/5/12,191,30442,191,30442,,
region,London,E12000007,2020/5/13,203,30645,203,30645,,
region,London,E12000007,2020/5/14,159,30804,159,30804,,
region,London,E12000007,2020/5/15,132,30936,132,30936,,
region,London,E12000007,2020/5/16,74,31010,74,31010,,
region,London,E12000007,2020/5/17,79,31089,79,31089,,
region,London,E12000007,2020/5/18,113,31202,113,31202,,
region,London,E12000007,2020/5/19,128,31330,128,31330,,
region,London,E12000007,2020/5/20,141,31471,141,31471,,
region,London,E12000007,2020/5/21,157,31628,157,31628,,
region,London,E12000007,2020/5/22,86,31714,86,31714,,
region,London,E12000007,2020/5/23,64,31778,64,31778,,
region,London,E12000007,2020/5/24,51,31829,51,31829,,
region,London,E12000007,2020/5/25,58,31887,58,31887,,
region,London,E12000007,2020/5/26,64,31951,64,31951,,
region,London,E12000007,2020/5/27,83,32034,83,32034,,
region,London,E12000007,2020/5/28,74,32108,74,32108,,
region,London,E12000007,2020/5/29,57,32165,57,32165,,
region,London,E12000007,2020/5/30,38,32203,38,32203,,
region,London,E12000007,2020/5/31,37,32240,37,32240,,
region,London,E12000007,2020/6/1,50,32290,50,32290,,
region,London,E12000007,2020/6/2,50,32340,50,32340,,
region,London,E12000007,2020/6/3,78,32418,78,32418,,
region,London,E12000007,2020/6/4,57,32475,57,32475,,
region,London,E12000007,2020/6/5,46,32521,46,32521,,
region,London,E12000007,2020/6/6,46,32567,46,32567,,
region,London,E12000007,2020/6/7,45,32612,45,32612,,
region,London,E12000007,2020/6/8,55,32667,55,32667,,
region,London,E12000007,2020/6/9,71,32738,71,32738,,
region,London,E12000007,2020/6/10,52,32790,52,32790,,
region,London,E12000007,2020/6/11,46,32836,46,32836,,
region,London,E12000007,2020/6/12,53,32889,53,32889,,
region,London,E12000007,2020/6/13,39,32928,39,32928,,
region,London,E12000007,2020/6/14,30,32958,30,32958,,
region,London,E12000007,2020/6/15,40,32998,40,32998,,
region,London,E12000007,2020/6/16,47,33045,47,33045,,
region,London,E12000007,2020/6/17,42,33087,42,33087,,
region,London,E12000007,2020/6/18,47,33134,47,33134,,
region,London,E12000007,2020/6/19,38,33172,38,33172,,
region,London,E12000007,2020/6/20,29,33201,29,33201,,
region,London,E12000007,2020/6/21,26,33227,26,33227,,
region,London,E12000007,2020/6/22,53,33280,53,33280,,
region,London,E12000007,2020/6/23,50,33330,50,33330,,
region,London,E12000007,2020/6/24,46,33376,46,33376,,
region,London,E12000007,2020/6/25,58,33434,58,33434,,
region,London,E12000007,2020/6/26,48,33482,48,33482,,
region,London,E12000007,2020/6/27,32,33514,32,33514,,
region,London,E12000007,2020/6/28,22,33536,22,33536,,
region,London,E12000007,2020/6/29,59,33595,58,33594,1,1
region,London,E12000007,2020/6/30,52,33647,52,33646,0,1
region,London,E12000007,2020/7/1,43,33690,42,33688,1,2
region,London,E12000007,2020/7/2,43,33733,40,33728,3,5
region,London,E12000007,2020/7/3,38,33771,37,33765,1,6
region,London,E12000007,2020/7/4,32,33803,32,33797,0,6
region,London,E12000007,2020/7/5,52,33855,51,33848,1,7
region,London,E12000007,2020/7/6,55,33910,54,33902,1,8
region,London,E12000007,2020/7/7,60,33970,60,33962,0,8
region,London,E12000007,2020/7/8,59,34029,57,34019,2,10
region,London,E12000007,2020/7/9,54,34083,53,34072,1,11
region,London,E12000007,2020/7/10,39,34122,39,34111,0,11
region,London,E12000007,2020/7/11,20,34142,20,34131,0,11
region,London,E12000007,2020/7/12,38,34180,38,34169,0,11
region,London,E12000007,2020/7/13,85,34265,85,34254,0,11
region,London,E12000007,2020/7/14,63,34328,63,34317,0,11
region,London,E12000007,2020/7/15,76,34404,76,34393,0,11
region,London,E12000007,2020/7/16,70,34474,70,34463,0,11
region,London,E12000007,2020/7/17,48,34522,48,34511,0,11
region,London,E12000007,2020/7/18,48,34570,47,34558,1,12
region,London,E12000007,2020/7/19,42,34612,41,34599,1,13
region,London,E12000007,2020/7/20,102,34714,99,34698,3,16
region,London,E12000007,2020/7/21,81,34795,81,34779,0,16
region,London,E12000007,2020/7/22,85,34880,82,34861,3,19
region,London,E12000007,2020/7/23,70,34950,70,34931,0,19
region,London,E12000007,2020/7/24,84,35034,81,35012,3,22
region,London,E12000007,2020/7/25,57,35091,57,35069,0,22
region,London,E12000007,2020/7/26,64,35155,64,35133,0,22
region,London,E12000007,2020/7/27,101,35256,100,35233,1,23
region,London,E12000007,2020/7/28,100,35356,99,35332,1,24
region,London,E12000007,2020/7/29,103,35459,102,35434,1,25
region,London,E12000007,2020/7/30,104,35563,102,35536,2,27
region,London,E12000007,2020/7/31,77,35640,75,35611,2,29
region,London,E12000007,2020/8/1,59,35699,59,35670,0,29
region,London,E12000007,2020/8/2,76,35775,75,35745,1,30
region,London,E12000007,2020/8/3,89,35864,89,35834,0,30
region,London,E12000007,2020/8/4,106,35970,104,35938,2,32
region,London,E12000007,2020/8/5,119,36089,114,36052,5,37
region,London,E12000007,2020/8/6,108,36197,105,36157,3,40
region,London,E12000007,2020/8/7,126,36323,124,36281,2,42
region,London,E12000007,2020/8/8,56,36379,55,36336,1,43
region,London,E12000007,2020/8/9,69,36448,68,36404,1,44
region,London,E12000007,2020/8/10,147,36595,145,36549,2,46
region,London,E12000007,2020/8/11,150,36745,149,36698,1,47
region,London,E12000007,2020/8/12,165,36910,163,36861,2,49
region,London,E12000007,2020/8/13,126,37036,126,36987,0,49
region,London,E12000007,2020/8/14,131,37167,128,37115,3,52
region,London,E12000007,2020/8/15,106,37273,106,37221,0,52
region,London,E12000007,2020/8/16,88,37361,87,37308,1,53
region,London,E12000007,2020/8/17,190,37551,190,37498,0,53
region,London,E12000007,2020/8/18,184,37735,183,37681,1,54
region,London,E12000007,2020/8/19,154,37889,154,37835,0,54
region,London,E12000007,2020/8/20,208,38097,206,38041,2,56
region,London,E12000007,2020/8/21,170,38267,169,38210,1,57
region,London,E12000007,2020/8/22,120,38387,120,38330,0,57
region,London,E12000007,2020/8/23,141,38528,141,38471,0,57
region,London,E12000007,2020/8/24,198,38726,198,38669,0,57
region,London,E12000007,2020/8/25,170,38896,169,38838,1,58
region,London,E12000007,2020/8/26,165,39061,164,39002,1,59
region,London,E12000007,2020/8/27,232,39293,231,39233,1,60
region,London,E12000007,2020/8/28,223,39516,221,39454,2,62
region,London,E12000007,2020/8/29,139,39655,138,39592,1,63
region,London,E12000007,2020/8/30,132,39787,132,39724,0,63
region,London,E12000007,2020/8/31,217,40004,217,39941,0,63
region,London,E12000007,2020/9/1,316,40320,315,40256,1,64
region,London,E12000007,2020/9/2,343,40663,337,40593,6,70
region,London,E12000007,2020/9/3,348,41011,346,40939,2,72
region,London,E12000007,2020/9/4,359,41370,358,41297,1,73
region,London,E12000007,2020/9/5,271,41641,270,41567,1,74
region,London,E12000007,2020/9/6,209,41850,209,41776,0,74
region,London,E12000007,2020/9/7,464,42314,463,42239,1,75
region,London,E12000007,2020/9/8,351,42665,349,42588,2,77
region,London,E12000007,2020/9/9,347,43012,344,42932,3,80
region,London,E12000007,2020/9/10,397,43409,396,43328,1,81
region,London,E12000007,2020/9/11,335,43744,332,43660,3,84
region,London,E12000007,2020/9/12,232,43976,232,43892,0,84
region,London,E12000007,2020/9/13,112,44088,112,44004,0,84
region,London,E12000007,2020/9/14,304,44392,301,44305,3,87
region,London,E12000007,2020/9/15,272,44664,268,44573,4,91
region,London,E12000007,2020/9/16,294,44958,293,44866,1,92
region,London,E12000007,2020/9/17,328,45286,325,45191,3,95
region,London,E12000007,2020/9/18,386,45672,382,45573,4,99
region,London,E12000007,2020/9/19,342,46014,342,45915,0,99
region,London,E12000007,2020/9/20,415,46429,413,46328,2,101
region,London,E12000007,2020/9/21,434,46863,431,46759,3,104
region,London,E12000007,2020/9/22,525,47388,523,47282,2,106
region,London,E12000007,2020/9/23,658,48046,657,47939,1,107
region,London,E12000007,2020/9/24,602,48648,600,48539,2,109
region,London,E12000007,2020/9/25,607,49255,606,49145,1,110
region,London,E12000007,2020/9/26,552,49807,552,49697,0,110
region,London,E12000007,2020/9/27,535,50342,534,50231,1,111
region,London,E12000007,2020/9/28,744,51086,740,50971,4,115
region,London,E12000007,2020/9/29,705,51791,699,51670,6,121
region,London,E12000007,2020/9/30,1006,52797,1003,52673,3,124
region,London,E12000007,2020/10/1,1076,53873,1075,53748,1,125
region,London,E12000007,2020/10/2,1040,54913,1038,54786,2,127
region,London,E12000007,2020/10/3,800,55713,797,55583,3,130
region,London,E12000007,2020/10/4,834,56547,834,56417,0,130
region,London,E12000007,2020/10/5,1298,57845,1297,57714,1,131
region,London,E12000007,2020/10/6,1168,59013,1168,58882,0,131
region,London,E12000007,2020/10/7,1425,60438,1423,60305,2,133
region,London,E12000007,2020/10/8,1481,61919,1481,61786,0,133
region,London,E12000007,2020/10/9,1362,63281,1356,63142,6,139
region,London,E12000007,2020/10/10,881,64162,881,64023,0,139
region,London,E12000007,2020/10/11,745,64907,745,64768,0,139
region,London,E12000007,2020/10/12,1590,66497,1585,66353,5,144
region,London,E12000007,2020/10/13,1440,67937,1434,67787,6,150
region,London,E12000007,2020/10/14,1638,69575,1636,69423,2,152
region,London,E12000007,2020/10/15,1740,71315,1737,71160,3,155
region,London,E12000007,2020/10/16,1685,73000,1679,72839,6,161
region,London,E12000007,2020/10/17,1117,74117,1114,73953,3,164
region,London,E12000007,2020/10/18,1308,75425,1304,75257,4,168
region,London,E12000007,2020/10/19,2359,77784,2359,77616,0,168
region,London,E12000007,2020/10/20,2336,80120,2332,79948,4,172
region,London,E12000007,2020/10/21,2376,82496,2376,82324,0,172
region,London,E12000007,2020/10/22,2200,84696,2200,84524,0,172
region,London,E12000007,2020/10/23,2043,86739,2042,86566,1,173
region,London,E12000007,2020/10/24,1458,88197,1457,88023,1,174
region,London,E12000007,2020/10/25,1302,89499,1301,89324,1,175
region,London,E12000007,2020/10/26,2561,92060,2558,91882,3,178
region,London,E12000007,2020/10/27,2111,94171,2107,93989,4,182
region,London,E12000007,2020/10/28,1996,96167,1995,95984,1,183
region,London,E12000007,2020/10/29,2030,98197,2029,98013,1,184
region,London,E12000007,2020/10/30,1895,100092,1894,99907,1,185
region,London,E12000007,2020/10/31,1403,101495,1403,101310,0,185
region,London,E12000007,2020/11/1,1226,102721,1222,102532,4,189
region,London,E12000007,2020/11/2,2965,105686,2962,105494,3,192
region,London,E12000007,2020/11/3,2162,107848,2158,107652,4,196
region,London,E12000007,2020/11/4,2084,109932,2081,109733,3,199
region,London,E12000007,2020/11/5,2115,112047,2112,111845,3,202
region,London,E12000007,2020/11/6,2145,114192,2144,113989,1,203
region,London,E12000007,2020/11/7,1667,115859,1667,115656,0,203
region,London,E12000007,2020/11/8,1792,117651,1789,117445,3,206
region,London,E12000007,2020/11/9,3128,120779,3125,120570,3,209
region,London,E12000007,2020/11/10,2776,123555,2774,123344,2,211
region,London,E12000007,2020/11/11,2961,126516,2958,126302,3,214
region,London,E12000007,2020/11/12,2890,129406,2887,129189,3,217
region,London,E12000007,2020/11/13,2744,132150,2741,131930,3,220
region,London,E12000007,2020/11/14,1960,134110,1960,133890,0,220
region,London,E12000007,2020/11/15,1830,135940,1828,135718,2,222
region,London,E12000007,2020/11/16,3117,139057,3115,138833,2,224
region,London,E12000007,2020/11/17,2597,141654,2596,141429,1,225
region,London,E12000007,2020/11/18,2488,144142,2486,143915,2,227
region,London,E12000007,2020/11/19,2212,146354,2209,146124,3,230
region,London,E12000007,2020/11/20,2152,148506,2148,148272,4,234
region,London,E12000007,2020/11/21,1514,150020,1512,149784,2,236
region,London,E12000007,2020/11/22,1508,151528,1508,151292,0,236
region,London,E12000007,2020/11/23,2430,153958,2424,153716,6,242
region,London,E12000007,2020/11/24,2179,156137,2178,155894,1,243
region,London,E12000007,2020/11/25,2265,158402,2265,158159,0,243
region,London,E12000007,2020/11/26,2092,160494,2092,160251,0,243
region,London,E12000007,2020/11/27,2234,162728,2230,162481,4,247
region,London,E12000007,2020/11/28,1654,164382,1654,164135,0,247
region,London,E12000007,2020/11/29,1670,166052,1669,165804,1,248
region,London,E12000007,2020/11/30,2720,168772,2716,168520,4,252
region,London,E12000007,2020/12/1,2489,171261,2488,171008,1,253
region,London,E12000007,2020/12/2,2839,174100,2833,173841,6,259
region,London,E12000007,2020/12/3,2487,176587,2485,176326,2,261
region,London,E12000007,2020/12/4,2964,179551,2960,179286,4,265
region,London,E12000007,2020/12/5,2277,181828,2276,181562,1,266
region,London,E12000007,2020/12/6,2445,184273,2445,184007,0,266
region,London,E12000007,2020/12/7,3749,188022,3746,187753,3,269
region,London,E12000007,2020/12/8,3759,191781,3754,191507,5,274
region,London,E12000007,2020/12/9,4462,196243,4458,195965,4,278
region,London,E12000007,2020/12/10,5080,201323,5074,201039,6,284
region,London,E12000007,2020/12/11,5538,206861,5535,206574,3,287
region,London,E12000007,2020/12/12,4749,211610,4740,211314,9,296
region,London,E12000007,2020/12/13,5571,217181,5568,216882,3,299
region,London,E12000007,2020/12/14,8438,225619,8435,225317,3,302
region,London,E12000007,2020/12/15,8974,234593,8970,234287,4,306
region,London,E12000007,2020/12/16,10165,244758,10155,244442,10,316
region,London,E12000007,2020/12/17,10317,255075,10306,254748,11,327
region,London,E12000007,2020/12/18,11002,266077,10990,265738,12,339
region,London,E12000007,2020/12/19,7288,273365,7284,273022,4,343
region,London,E12000007,2020/12/20,9078,282443,9070,282092,8,351
region,London,E12000007,2020/12/21,13495,295938,13483,295575,12,363
region,London,E12000007,2020/12/22,13569,309507,13556,309131,13,376
region,London,E12000007,2020/12/23,12532,322039,12522,321653,10,386
region,London,E12000007,2020/12/24,9594,331633,9587,331240,7,393
region,London,E12000007,2020/12/25,4413,336046,4409,335649,4,397
region,London,E12000007,2020/12/26,12085,348131,12074,347723,11,408
region,London,E12000007,2020/12/27,13364,361495,13356,361079,8,416
region,London,E12000007,2020/12/28,10880,372375,10873,371952,7,423
region,London,E12000007,2020/12/29,20265,392640,20243,392195,22,445
region,London,E12000007,2020/12/30,17658,410298,17638,409833,20,465
region,London,E12000007,2020/12/31,12667,422965,12654,422487,13,478
region,London,E12000007,2021/1/1,6889,429854,6885,429372,4,482
region,London,E12000007,2021/1/2,13941,443795,13923,443295,18,500
region,London,E12000007,2021/1/3,13397,457192,13392,456687,5,505
region,London,E12000007,2021/1/4,17652,474844,17627,474314,25,530
region,London,E12000007,2021/1/5,14895,489739,14876,489190,19,549
region,London,E12000007,2021/1/6,13885,503624,13864,503054,21,570
region,London,E12000007,2021/1/7,12354,515978,12344,515398,10,580
region,London,E12000007,2021/1/8,10770,526748,10760,526158,10,590
region,London,E12000007,2021/1/9,8960,535708,8948,535106,12,602
region,London,E12000007,2021/1/10,7641,543349,7637,542743,4,606
region,London,E12000007,2021/1/11,11844,555193,11821,554564,23,629
region,London,E12000007,2021/1/12,10081,565274,10058,564622,23,652
region,London,E12000007,2021/1/13,9510,574784,9502,574124,8,660
region,London,E12000007,2021/1/14,9158,583942,9144,583268,14,674
region,London,E12000007,2021/1/15,8397,592339,8387,591655,10,684
region,London,E12000007,2021/1/16,6311,598650,6306,597961,5,689
region,London,E12000007,2021/1/17,5523,604173,5513,603474,10,699
region,London,E12000007,2021/1/18,8516,612689,8496,611970,20,719
region,London,E12000007,2021/1/19,7213,619902,7203,619173,10,729
region,London,E12000007,2021/1/20,6377,626279,6366,625539,11,740
region,London,E12000007,2021/1/21,5944,632223,5934,631473,10,750
region,London,E12000007,2021/1/22,5740,637963,5728,637201,12,762
region,London,E12000007,2021/1/23,4259,642222,4253,641454,6,768
region,London,E12000007,2021/1/24,3199,645421,3194,644648,5,773
region,London,E12000007,2021/1/25,5104,650525,5096,649744,8,781
region,London,E12000007,2021/1/26,4293,654818,4281,654025,12,793
region,London,E12000007,2021/1/27,4314,659132,4303,658328,11,804
region,London,E12000007,2021/1/28,3972,663104,3961,662289,11,815
region,London,E12000007,2021/1/29,3498,666602,3491,665780,7,822
region,London,E12000007,2021/1/30,2715,669317,2711,668491,4,826
region,London,E12000007,2021/1/31,2288,671605,2286,670777,2,828
region,London,E12000007,2021/2/1,3376,674981,3364,674141,12,840
region,London,E12000007,2021/2/2,3020,678001,3015,677156,5,845
region,London,E12000007,2021/2/3,2779,680780,2771,679927,8,853
region,London,E12000007,2021/2/4,2538,683318,2528,682455,10,863
region,London,E12000007,2021/2/5,2186,685504,2176,684631,10,873
region,London,E12000007,2021/2/6,1591,687095,1586,686217,5,878
region,London,E12000007,2021/2/7,1383,688478,1379,687596,4,882
region,London,E12000007,2021/2/8,1860,690338,1848,689444,12,894
region,London,E12000007,2021/2/9,1704,692042,1698,691142,6,900
region,London,E12000007,2021/2/10,1575,693617,1569,692711,6,906
region,London,E12000007,2021/2/11,1485,695102,1479,694190,6,912
region,London,E12000007,2021/2/12,1315,696417,1308,695498,7,919
region,London,E12000007,2021/2/13,897,697314,895,696393,2,921
region,London,E12000007,2021/2/14,915,698229,912,697305,3,924
region,London,E12000007,2021/2/15,1427,699656,1422,698727,5,929
region,London,E12000007,2021/2/16,1230,700886,1224,699951,6,935
region,London,E12000007,2021/2/17,1129,702015,1126,701077,3,938
region,London,E12000007,2021/2/18,1144,703159,1137,702214,7,945
region,London,E12000007,2021/2/19,1060,704219,1053,703267,7,952
region,London,E12000007,2021/2/20,823,705042,819,704086,4,956
region,London,E12000007,2021/2/21,763,705805,760,704846,3,959
region,London,E12000007,2021/2/22,1046,706851,1039,705885,7,966
region,London,E12000007,2021/2/23,957,707808,952,706837,5,971
region,London,E12000007,2021/2/24,763,708571,756,707593,7,978
region,London,E12000007,2021/2/25,665,709236,664,708257,1,979
region,London,E12000007,2021/2/26,642,709878,637,708894,5,984
region,London,E12000007,2021/2/27,528,710406,525,709419,3,987
region,London,E12000007,2021/2/28,499,710905,496,709915,3,990
region,London,E12000007,2021/3/1,576,711481,567,710482,9,999
region,London,E12000007,2021/3/2,678,712159,672,711154,6,1005
region,London,E12000007,2021/3/3,596,712755,593,711747,3,1008
region,London,E12000007,2021/3/4,534,713289,528,712275,6,1014
region,London,E12000007,2021/3/5,515,713804,514,712789,1,1015
region,London,E12000007,2021/3/6,416,714220,414,713203,2,1017
region,London,E12000007,2021/3/7,425,714645,424,713627,1,1018
region,London,E12000007,2021/3/8,581,715226,575,714202,6,1024
region,London,E12000007,2021/3/9,616,715842,609,714811,7,1031
region,London,E12000007,2021/3/10,545,716387,544,715355,1,1032
region,London,E12000007,2021/3/11,472,716859,467,715822,5,1037
region,London,E12000007,2021/3/12,528,717387,524,716346,4,1041
region,London,E12000007,2021/3/13,383,717770,380,716726,3,1044
region,London,E12000007,2021/3/14,372,718142,368,717094,4,1048
region,London,E12000007,2021/3/15,617,718759,612,717706,5,1053
region,London,E12000007,2021/3/16,522,719281,518,718224,4,1057
region,London,E12000007,2021/3/17,477,719758,473,718697,4,1061
region,London,E12000007,2021/3/18,485,720243,484,719181,1,1062
region,London,E12000007,2021/3/19,452,720695,450,719631,2,1064
region,London,E12000007,2021/3/20,387,721082,386,720017,1,1065
region,London,E12000007,2021/3/21,479,721561,470,720487,9,1074
region,London,E12000007,2021/3/22,553,722114,546,721033,7,1081
region,London,E12000007,2021/3/23,489,722603,486,721519,3,1084
region,London,E12000007,2021/3/24,636,723239,625,722144,11,1095
region,London,E12000007,2021/3/25,471,723710,461,722605,10,1105
region,London,E12000007,2021/3/26,457,724167,447,723052,10,1115
region,London,E12000007,2021/3/27,322,724489,317,723369,5,1120
region,London,E12000007,2021/3/28,530,725019,518,723887,12,1132
region,London,E12000007,2021/3/29,428,725447,421,724308,7,1139
region,London,E12000007,2021/3/30,384,725831,380,724688,4,1143
region,London,E12000007,2021/3/31,322,726153,315,725003,7,1150
region,London,E12000007,2021/4/1,370,726523,359,725362,11,1161
region,London,E12000007,2021/4/2,271,726794,264,725626,7,1168
region,London,E12000007,2021/4/3,252,727046,248,725874,4,1172
region,London,E12000007,2021/4/4,221,727267,217,726091,4,1176
region,London,E12000007,2021/4/5,262,727529,254,726345,8,1184
region,London,E12000007,2021/4/6,359,727888,345,726690,14,1198
region,London,E12000007,2021/4/7,372,728260,357,727047,15,1213
region,London,E12000007,2021/4/8,330,728590,322,727369,8,1221
region,London,E12000007,2021/4/9,376,728966,366,727735,10,1231
region,London,E12000007,2021/4/10,293,729259,286,728021,7,1238
region,London,E12000007,2021/4/11,312,729571,307,728328,5,1243
region,London,E12000007,2021/4/12,353,729924,341,728669,12,1255
region,London,E12000007,2021/4/13,303,730227,292,728961,11,1266
region,London,E12000007,2021/4/14,295,730522,286,729247,9,1275
region,London,E12000007,2021/4/15,321,730843,309,729556,12,1287
region,London,E12000007,2021/4/16,332,731175,321,729877,11,1298
region,London,E12000007,2021/4/17,231,731406,222,730099,9,1307
region,London,E12000007,2021/4/18,395,731801,377,730476,18,1325
region,London,E12000007,2021/4/19,395,732196,375,730851,20,1345
region,London,E12000007,2021/4/20,377,732573,353,731204,24,1369
region,London,E12000007,2021/4/21,389,732962,363,731567,26,1395
region,London,E12000007,2021/4/22,327,733289,308,731875,19,1414
region,London,E12000007,2021/4/23,250,733539,241,732116,9,1423
region,London,E12000007,2021/4/24,247,733786,235,732351,12,1435
region,London,E12000007,2021/4/25,281,734067,272,732623,9,1444
region,London,E12000007,2021/4/26,325,734392,308,732931,17,1461
region,London,E12000007,2021/4/27,286,734678,276,733207,10,1471
region,London,E12000007,2021/4/28,307,734985,292,733499,15,1486
region,London,E12000007,2021/4/29,216,735201,203,733702,13,1499
region,London,E12000007,2021/4/30,240,735441,228,733930,12,1511
region,London,E12000007,2021/5/1,187,735628,177,734107,10,1521
region,London,E12000007,2021/5/2,183,735811,174,734281,9,1530
region,London,E12000007,2021/5/3,250,736061,243,734524,7,1537
region,London,E12000007,2021/5/4,316,736377,304,734828,12,1549
region,London,E12000007,2021/5/5,283,736660,274,735102,9,1558
region,London,E12000007,2021/5/6,300,736960,286,735388,14,1572
region,London,E12000007,2021/5/7,237,737197,230,735618,7,1579
region,London,E12000007,2021/5/8,191,737388,185,735803,6,1585
region,London,E12000007,2021/5/9,287,737675,270,736073,17,1602
region,London,E12000007,2021/5/10,362,738037,350,736423,12,1614
region,London,E12000007,2021/5/11,298,738335,286,736709,12,1626
region,London,E12000007,2021/5/12,233,738568,225,736934,8,1634
region,London,E12000007,2021/5/13,263,738831,250,737184,13,1647
region,London,E12000007,2021/5/14,251,739082,240,737424,11,1658
region,London,E12000007,2021/5/15,194,739276,186,737610,8,1666
region,London,E12000007,2021/5/16,224,739500,214,737824,10,1676
region,London,E12000007,2021/5/17,340,739840,329,738153,11,1687
region,London,E12000007,2021/5/18,329,740169,320,738473,9,1696
region,London,E12000007,2021/5/19,360,740529,342,738815,18,1714
region,London,E12000007,2021/5/20,329,740858,317,739132,12,1726
region,London,E12000007,2021/5/21,273,741131,264,739396,9,1735
region,London,E12000007,2021/5/22,249,741380,235,739631,14,1749
region,London,E12000007,2021/5/23,281,741661,271,739902,10,1759
region,London,E12000007,2021/5/24,380,742041,366,740268,14,1773
region,London,E12000007,2021/5/25,424,742465,407,740675,17,1790
region,London,E12000007,2021/5/26,485,742950,476,741151,9,1799
region,London,E12000007,2021/5/27,520,743470,504,741655,16,1815
region,London,E12000007,2021/5/28,430,743900,415,742070,15,1830
region,London,E12000007,2021/5/29,386,744286,381,742451,5,1835
region,London,E12000007,2021/5/30,401,744687,393,742844,8,1843
region,London,E12000007,2021/5/31,515,745202,501,743345,14,1857
region,London,E12000007,2021/6/1,713,745915,692,744037,21,1878
region,London,E12000007,2021/6/2,814,746729,802,744839,12,1890
region,London,E12000007,2021/6/3,798,747527,778,745617,20,1910
region,London,E12000007,2021/6/4,703,748230,693,746310,10,1920
region,London,E12000007,2021/6/5,598,748828,592,746902,6,1926
region,London,E12000007,2021/6/6,667,749495,651,747553,16,1942
region,London,E12000007,2021/6/7,1017,750512,997,748550,20,1962
region,London,E12000007,2021/6/8,1095,751607,1066,749616,29,1991
region,London,E12000007,2021/6/9,1077,752684,1056,750672,21,2012
region,London,E12000007,2021/6/10,997,753681,978,751650,19,2031
region,London,E12000007,2021/6/11,938,754619,919,752569,19,2050
region,London,E12000007,2021/6/12,772,755391,756,753325,16,2066
region,London,E12000007,2021/6/13,767,756158,753,754078,14,2080
region,London,E12000007,2021/6/14,1208,757366,1188,755266,20,2100
region,London,E12000007,2021/6/15,1301,758667,1268,756534,33,2133
region,London,E12000007,2021/6/16,1163,759830,1145,757679,18,2151
region,London,E12000007,2021/6/17,1300,761130,1273,758952,27,2178
region,London,E12000007,2021/6/18,1038,762168,1017,759969,21,2199
region,London,E12000007,2021/6/19,924,763092,904,760873,20,2219
region,London,E12000007,2021/6/20,971,764063,957,761830,14,2233
region,London,E12000007,2021/6/21,1654,765717,1630,763460,24,2257
region,London,E12000007,2021/6/22,1787,767504,1763,765223,24,2281
region,London,E12000007,2021/6/23,1971,769475,1949,767172,22,2303
region,London,E12000007,2021/6/24,1959,771434,1926,769098,33,2336
region,London,E12000007,2021/6/25,2057,773491,2025,771123,32,2368
region,London,E12000007,2021/6/26,1723,775214,1702,772825,21,2389
region,London,E12000007,2021/6/27,1890,777104,1867,774692,23,2412
region,London,E12000007,2021/6/28,2873,779977,2835,777527,38,2450
region,London,E12000007,2021/6/29,2996,782973,2961,780488,35,2485
region,London,E12000007,2021/6/30,3083,786056,3041,783529,42,2527
region,London,E12000007,2021/7/1,3098,789154,3049,786578,49,2576
region,London,E12000007,2021/7/2,2943,792097,2904,789482,39,2615
region,London,E12000007,2021/7/3,2683,794780,2645,792127,38,2653
region,London,E12000007,2021/7/4,2639,797419,2600,794727,39,2692
region,London,E12000007,2021/7/5,3863,801282,3801,798528,62,2754
region,London,E12000007,2021/7/6,4025,805307,3971,802499,54,2808
region,London,E12000007,2021/7/7,4503,809810,4452,806951,51,2859
region,London,E12000007,2021/7/8,3690,813500,3628,810579,62,2921
region,London,E12000007,2021/7/9,3654,817154,3605,814184,49,2970
region,London,E12000007,2021/7/10,3251,820405,3204,817388,47,3017
region,London,E12000007,2021/7/11,3283,823688,3245,820633,38,3055
region,London,E12000007,2021/7/12,4969,828657,4919,825552,50,3105
region,London,E12000007,2021/7/13,5310,833967,5238,830790,72,3177
region,London,E12000007,2021/7/14,6574,840541,6471,837261,103,3280
region,London,E12000007,2021/7/15,7818,848359,7722,844983,96,3376
region,London,E12000007,2021/7/16,7137,855496,7061,852044,76,3452
region,London,E12000007,2021/7/17,5082,860578,5016,857060,66,3518
region,London,E12000007,2021/7/18,4523,865101,4463,861523,60,3578
region,London,E12000007,2021/7/19,6138,871239,6059,867582,79,3657
region,London,E12000007,2021/7/20,5160,876399,5080,872662,80,3737
region,London,E12000007,2021/7/21,4785,881184,4729,877391,56,3793
region,London,E12000007,2021/7/22,4314,885498,4263,881654,51,3844
region,London,E12000007,2021/7/23,3934,889432,3895,885549,39,3883
region,London,E12000007,2021/7/24,3118,892550,3080,888629,38,3921
region,London,E12000007,2021/7/25,2882,895432,2846,891475,36,3957
region,London,E12000007,2021/7/26,4043,899475,3988,895463,55,4012
region,London,E12000007,2021/7/27,3907,903382,3853,899316,54,4066
region,London,E12000007,2021/7/28,3964,907346,3912,903228,52,4118
region,London,E12000007,2021/7/29,3902,911248,3854,907082,48,4166
region,London,E12000007,2021/7/30,3357,914605,3307,910389,50,4216
region,London,E12000007,2021/7/31,2671,917276,2630,913019,41,4257
region,London,E12000007,2021/8/1,2703,919979,2671,915690,32,4289
region,London,E12000007,2021/8/2,3988,923967,3939,919629,49,4338
region,London,E12000007,2021/8/3,4033,928000,3973,923602,60,4398
region,London,E12000007,2021/8/4,4294,932294,4242,927844,52,4450
region,London,E12000007,2021/8/5,4290,936584,4223,932067,67,4517
region,London,E12000007,2021/8/6,3726,940310,3668,935735,58,4575
region,London,E12000007,2021/8/7,3014,943324,2968,938703,46,4621
region,London,E12000007,2021/8/8,2917,946241,2879,941582,38,4659
region,London,E12000007,2021/8/9,3877,950118,3819,945401,58,4717
region,London,E12000007,2021/8/10,3929,954047,3867,949268,62,4779
region,London,E12000007,2021/8/11,4372,958419,4321,953589,51,4830
region,London,E12000007,2021/8/12,4018,962437,3956,957545,62,4892
region,London,E12000007,2021/8/13,3763,966200,3710,961255,53,4945
region,London,E12000007,2021/8/14,2948,969148,2911,964166,37,4982
region,London,E12000007,2021/8/15,2760,971908,2728,966894,32,5014
region,London,E12000007,2021/8/16,3927,975835,3872,970766,55,5069
region,London,E12000007,2021/8/17,3826,979661,3757,974523,69,5138
region,London,E12000007,2021/8/18,3804,983465,3729,978252,75,5213
region,London,E12000007,2021/8/19,3630,987095,3582,981834,48,5261
region,London,E12000007,2021/8/20,3168,990263,3126,984960,42,5303
region,London,E12000007,2021/8/21,2729,992992,2686,987646,43,5346
region,London,E12000007,2021/8/22,2723,995715,2678,990324,45,5391
region,London,E12000007,2021/8/23,3657,999372,3607,993931,50,5441
region,London,E12000007,2021/8/24,3515,1002887,3461,997392,54,5495
region,London,E12000007,2021/8/25,3529,1006416,3474,1000866,55,5550
region,London,E12000007,2021/8/26,3246,1009662,3207,1004073,39,5589
region,London,E12000007,2021/8/27,3145,1012807,3106,1007179,39,5628
region,London,E12000007,2021/8/28,2648,1015455,2602,1009781,46,5674
region,London,E12000007,2021/8/29,2286,1017741,2251,1012032,35,5709
region,London,E12000007,2021/8/30,2873,1020614,2833,1014865,40,5749
region,London,E12000007,2021/8/31,3811,1024425,3735,1018600,76,5825
region,London,E12000007,2021/9/1,3677,1028102,3621,1022221,56,5881
region,London,E12000007,2021/9/2,3812,1031914,3755,1025976,57,5938
region,London,E12000007,2021/9/3,3531,1035445,3482,1029458,49,5987
region,London,E12000007,2021/9/4,2758,1038203,2724,1032182,34,6021
region,London,E12000007,2021/9/5,2705,1040908,2657,1034839,48,6069
region,London,E12000007,2021/9/6,3892,1044800,3824,1038663,68,6137
region,London,E12000007,2021/9/7,3463,1048263,3411,1042074,52,6189
region,London,E12000007,2021/9/8,3215,1051478,3163,1045237,52,6241
region,London,E12000007,2021/9/9,2808,1054286,2765,1048002,43,6284
region,London,E12000007,2021/9/10,2572,1056858,2534,1050536,38,6322
region,London,E12000007,2021/9/11,2227,1059085,2191,1052727,36,6358
region,London,E12000007,2021/9/12,2064,1061149,2025,1054752,39,6397
region,London,E12000007,2021/9/13,2860,1064009,2820,1057572,40,6437
region,London,E12000007,2021/9/14,2643,1066652,2612,1060184,31,6468
region,London,E12000007,2021/9/15,2490,1069142,2455,1062639,35,6503
region,London,E12000007,2021/9/16,2443,1071585,2399,1065038,44,6547
region,London,E12000007,2021/9/17,2417,1074002,2382,1067420,35,6582
region,London,E12000007,2021/9/18,2165,1076167,2122,1069542,43,6625
region,London,E12000007,2021/9/19,2379,1078546,2344,1071886,35,6660
region,London,E12000007,2021/9/20,3178,1081724,3127,1075013,51,6711
region,London,E12000007,2021/9/21,2969,1084693,2920,1077933,49,6760
region,London,E12000007,2021/9/22,2871,1087564,2826,1080759,45,6805
region,London,E12000007,2021/9/23,2795,1090359,2741,1083500,54,6859
region,London,E12000007,2021/9/24,2437,1092796,2390,1085890,47,6906
region,London,E12000007,2021/9/25,2337,1095133,2310,1088200,27,6933
region,London,E12000007,2021/9/26,2558,1097691,2517,1090717,41,6974
region,London,E12000007,2021/9/27,3521,1101212,3465,1094182,56,7030
region,London,E12000007,2021/9/28,2844,1104056,2814,1096996,30,7060
region,London,E12000007,2021/9/29,2830,1106886,2799,1099795,31,7091
region,London,E12000007,2021/9/30,2651,1109537,2622,1102417,29,7120
region,London,E12000007,2021/10/1,2231,1111768,2202,1104619,29,7149
region,London,E12000007,2021/10/2,2202,1113970,2168,1106787,34,7183
region,London,E12000007,2021/10/3,2574,1116544,2537,1109324,37,7220
region,London,E12000007,2021/10/4,3363,1119907,3318,1112642,45,7265
region,London,E12000007,2021/10/5,3127,1123034,3080,1115722,47,7312
region,London,E12000007,2021/10/6,2863,1125897,2831,1118553,32,7344
region,London,E12000007,2021/10/7,2973,1128870,2935,1121488,38,7382
region,London,E12000007,2021/10/8,2704,1131574,2672,1124160,32,7414
region,London,E12000007,2021/10/9,2489,1134063,2448,1126608,41,7455
region,London,E12000007,2021/10/10,2785,1136848,2748,1129356,37,7492
region,London,E12000007,2021/10/11,3889,1140737,3846,1133202,43,7535
region,London,E12000007,2021/10/12,3429,1144166,3391,1136593,38,7573
region,London,E12000007,2021/10/13,3571,1147737,3531,1140124,40,7613
region,London,E12000007,2021/10/14,3470,1151207,3418,1143542,52,7665
region,London,E12000007,2021/10/15,3323,1154530,3269,1146811,54,7719
region,London,E12000007,2021/10/16,2806,1157336,2770,1149581,36,7755
region,London,E12000007,2021/10/17,3362,1160698,3314,1152895,48,7803
region,London,E12000007,2021/10/18,4569,1165267,4502,1157397,67,7870
region,London,E12000007,2021/10/19,4458,1169725,4382,1161779,76,7946
region,London,E12000007,2021/10/20,4362,1174087,4300,1166079,62,8008
region,London,E12000007,2021/10/21,3971,1178058,3916,1169995,55,8063
region,London,E12000007,2021/10/22,3526,1181584,3466,1173461,60,8123
region,London,E12000007,2021/10/23,2897,1184481,2857,1176318,40,8163
region,London,E12000007,2021/10/24,2838,1187319,2801,1179119,37,8200
region,London,E12000007,2021/10/25,4027,1191346,3958,1183077,69,8269
region,London,E12000007,2021/10/26,3513,1194859,3469,1186546,44,8313
region,London,E12000007,2021/10/27,3755,1198614,3703,1190249,52,8365
region,London,E12000007,2021/10/28,3618,1202232,3566,1193815,52,8417
region,London,E12000007,2021/10/29,3451,1205683,3393,1197208,58,8475
region,London,E12000007,2021/10/30,2911,1208594,2881,1200089,30,8505
region,London,E12000007,2021/10/31,3000,1211594,2937,1203026,63,8568
region,London,E12000007,2021/11/1,3918,1215512,3849,1206875,69,8637
region,London,E12000007,2021/11/2,3457,1218969,3400,1210275,57,8694
region,London,E12000007,2021/11/3,3289,1222258,3248,1213523,41,8735
region,London,E12000007,2021/11/4,3076,1225334,3041,1216564,35,8770
region,London,E12000007,2021/11/5,2783,1228117,2715,1219279,68,8838
region,London,E12000007,2021/11/6,2537,1230654,2496,1221775,41,8879
region,London,E12000007,2021/11/7,2813,1233467,2759,1224534,54,8933
region,London,E12000007,2021/11/8,3993,1237460,3916,1228450,77,9010
region,London,E12000007,2021/11/9,4009,1241469,3942,1232392,67,9077
region,London,E12000007,2021/11/10,4132,1245601,4059,1236451,73,9150
region,London,E12000007,2021/11/11,3926,1249527,3866,1240317,60,9210
region,London,E12000007,2021/11/12,3685,1253212,3619,1243936,66,9276
region,London,E12000007,2021/11/13,3235,1256447,3195,1247131,40,9316
region,London,E12000007,2021/11/14,3262,1259709,3211,1250342,51,9367
region,London,E12000007,2021/11/15,5149,1264858,5070,1255412,79,9446
region,London,E12000007,2021/11/16,4455,1269313,4386,1259798,69,9515
region,London,E12000007,2021/11/17,4501,1273814,4440,1264238,61,9576
region,London,E12000007,2021/11/18,4500,1278314,4426,1268664,74,9650
region,London,E12000007,2021/11/19,3944,1282258,3897,1272561,47,9697
region,London,E12000007,2021/11/20,3703,1285961,3645,1276206,58,9755
region,London,E12000007,2021/11/21,3831,1289792,3786,1279992,45,9800
region,London,E12000007,2021/11/22,5408,1295200,5335,1285327,73,9873
region,London,E12000007,2021/11/23,5290,1300490,5207,1290534,83,9956
region,London,E12000007,2021/11/24,5401,1305891,5306,1295840,95,10051
region,London,E12000007,2021/11/25,5186,1311077,5107,1300947,79,10130
region,London,E12000007,2021/11/26,4610,1315687,4542,1305489,68,10198
region,London,E12000007,2021/11/27,4334,1320021,4264,1309753,70,10268
region,London,E12000007,2021/11/28,4383,1324404,4309,1314062,74,10342
region,London,E12000007,2021/11/29,6857,1331261,6734,1320796,123,10465
region,London,E12000007,2021/11/30,6833,1338094,6718,1327514,115,10580
region,London,E12000007,2021/12/1,7050,1345144,6939,1334453,111,10691
region,London,E12000007,2021/12/2,6520,1351664,6402,1340855,118,10809
region,London,E12000007,2021/12/3,6093,1357757,5969,1346824,124,10933
region,London,E12000007,2021/12/4,5333,1363090,5228,1352052,105,11038
region,London,E12000007,2021/12/5,5522,1368612,5383,1357435,139,11177
region,London,E12000007,2021/12/6,8556,1377168,8248,1365683,308,11485
region,London,E12000007,2021/12/7,9085,1386253,8670,1374353,415,11900
region,London,E12000007,2021/12/8,10031,1396284,9513,1383866,518,12418
region,London,E12000007,2021/12/9,10331,1406615,9796,1393662,535,12953
region,London,E12000007,2021/12/10,10214,1416829,9691,1403353,523,13476
region,London,E12000007,2021/12/11,9887,1426716,9357,1412710,530,14006
region,London,E12000007,2021/12/12,12259,1438975,11599,1424309,660,14666
region,London,E12000007,2021/12/13,22845,1461820,21324,1445633,1521,16187
region,London,E12000007,2021/12/14,29569,1491389,27252,1472885,2317,18504
region,London,E12000007,2021/12/15,31011,1522400,28393,1501278,2618,21122
region,London,E12000007,2021/12/16,30051,1552451,27482,1528760,2569,23691
region,London,E12000007,2021/12/17,27165,1579616,24834,1553594,2331,26022
region,London,E12000007,2021/12/18,24959,1604575,22984,1576578,1975,27997
region,London,E12000007,2021/12/19,22608,1627183,20751,1597329,1857,29854
region,London,E12000007,2021/12/20,32670,1659853,29972,1627301,2698,32552
region,London,E12000007,2021/12/21,33942,1693795,31192,1658493,2750,35302
region,London,E12000007,2021/12/22,32164,1725959,29530,1688023,2634,37936
region,London,E12000007,2021/12/23,31069,1757028,28440,1716463,2629,40565
region,London,E12000007,2021/12/24,24102,1781130,22142,1738605,1960,42525
region,London,E12000007,2021/12/25,11173,1792303,10334,1748939,839,43364
region,London,E12000007,2021/12/26,18750,1811053,17324,1766263,1426,44790
region,London,E12000007,2021/12/27,28064,1839117,25719,1791982,2345,47135
region,London,E12000007,2021/12/28,28194,1867311,25771,1817753,2423,49558
region,London,E12000007,2021/12/29,36924,1904235,33788,1851541,3136,52694
region,London,E12000007,2021/12/30,29442,1933677,26899,1878440,2543,55237
region,London,E12000007,2021/12/31,22198,1955875,20256,1898696,1942,57179
region,London,E12000007,2022/1/1,13628,1969503,12417,1911113,1211,58390
region,London,E12000007,2022/1/2,21908,1991411,19914,1931027,1994,60384
region,London,E12000007,2022/1/3,26956,2018367,24494,1955521,2462,62846
region,London,E12000007,2022/1/4,32098,2050465,29045,1984566,3053,65899
region,London,E12000007,2022/1/5,25241,2075706,22918,2007484,2323,68222
region,London,E12000007,2022/1/6,22193,2097899,20172,2027656,2021,70243
region,London,E12000007,2022/1/7,15180,2113079,13855,2041511,1325,71568
region,London,E12000007,2022/1/8,12174,2125253,11128,2052639,1046,72614
region,London,E12000007,2022/1/9,12132,2137385,11102,2063741,1030,73644
region,London,E12000007,2022/1/10,16627,2154012,15229,2078970,1398,75042
region,London,E12000007,2022/1/11,14423,2168435,13249,2092219,1174,76216
region,London,E12000007,2022/1/12,12937,2181372,11774,2103993,1163,77379
region,London,E12000007,2022/1/13,11819,2193191,10862,2114855,957,78336
region,London,E12000007,2022/1/14,10513,2203704,9638,2124493,875,79211
region,London,E12000007,2022/1/15,9535,2213239,8777,2133270,758,79969
region,London,E12000007,2022/1/16,11246,2224485,10292,2143562,954,80923
region,London,E12000007,2022/1/17,15123,2239608,13837,2157399,1286,82209
region,London,E12000007,2022/1/18,13877,2253485,12692,2170091,1185,83394
region,London,E12000007,2022/1/19,13019,2266504,11879,2181970,1140,84534
region,London,E12000007,2022/1/20,12021,2278525,10929,2192899,1092,85626
region,London,E12000007,2022/1/21,10713,2289238,9773,2202672,940,86566
region,London,E12000007,2022/1/22,9642,2298880,8828,2211500,814,87380
region,London,E12000007,2022/1/23,11343,2310223,10335,2221835,1008,88388
region,London,E12000007,2022/1/24,14411,2324634,13022,2234857,1389,89777
region,London,E12000007,2022/1/25,13248,2337882,12020,2246877,1228,91005
region,London,E12000007,2022/1/26,13079,2350961,11946,2258823,1133,92138
region,London,E12000007,2022/1/27,11575,2362536,10538,2269361,1037,93175
region,London,E12000007,2022/1/28,9908,2372444,9025,2278386,883,94058
region,London,E12000007,2022/1/29,8727,2381171,7953,2286339,774,94832
region,London,E12000007,2022/1/30,9838,2391009,8892,2295231,946,95778
region,London,E12000007,2022/1/31,11951,2402960,10896,2306127,1055,96833
region,London,E12000007,2022/2/1,11074,2414034,10021,2316148,1053,97886
region,London,E12000007,2022/2/2,10708,2424742,9710,2325858,998,98884
region,London,E12000007,2022/2/3,9219,2433961,8405,2334263,814,99698
region,London,E12000007,2022/2/4,7542,2441503,6849,2341112,693,100391
region,London,E12000007,2022/2/5,6452,2447955,5850,2346962,602,100993
region,London,E12000007,2022/2/6,7069,2455024,6355,2353317,714,101707
region,London,E12000007,2022/2/7,9028,2464052,8162,2361479,866,102573
region,London,E12000007,2022/2/8,8388,2472440,7609,2369088,779,103352
region,London,E12000007,2022/2/9,7795,2480235,7050,2376138,745,104097
region,London,E12000007,2022/2/10,6452,2486687,5825,2381963,627,104724
region,London,E12000007,2022/2/11,5296,2491983,4841,2386804,455,105179
region,London,E12000007,2022/2/12,4345,2496328,3971,2390775,374,105553
region,London,E12000007,2022/2/13,4388,2500716,3988,2394763,400,105953
region,London,E12000007,2022/2/14,6057,2506773,5514,2400277,543,106496
region,London,E12000007,2022/2/15,5782,2512555,5283,2405560,499,106995
region,London,E12000007,2022/2/16,6052,2518607,5516,2411076,536,107531
region,London,E12000007,2022/2/17,5291,2523898,4822,2415898,469,108000
region,London,E12000007,2022/2/18,3409,2527307,3089,2418987,320,108320
region,London,E12000007,2022/2/19,4423,2531730,4029,2423016,394,108714
region,London,E12000007,2022/2/20,4620,2536350,4190,2427206,430,109144
region,London,E12000007,2022/2/21,5421,2541771,4890,2432096,531,109675
region,London,E12000007,2022/2/22,4645,2546416,4174,2436270,471,110146
region,London,E12000007,2022/2/23,4157,2550573,3802,2440072,355,110501
region,London,E12000007,2022/2/24,3464,2554037,3154,2443226,310,110811
region,London,E12000007,2022/2/25,3063,2557100,2802,2446028,261,111072
region,London,E12000007,2022/2/26,2663,2559763,2414,2448442,249,111321
region,London,E12000007,2022/2/27,3199,2562962,2874,2451316,325,111646
region,London,E12000007,2022/2/28,4866,2567828,4376,2455692,490,112136
region,London,E12000007,2022/3/1,4822,2572650,4398,2460090,424,112560
region,London,E12000007,2022/3/2,5184,2577834,4674,2464764,510,113070
region,London,E12000007,2022/3/3,4926,2582760,4476,2469240,450,113520
region,London,E12000007,2022/3/4,4607,2587367,4192,2473432,415,113935
region,London,E12000007,2022/3/5,4221,2591588,3850,2477282,371,114306
region,London,E12000007,2022/3/6,5014,2596602,4502,2481784,512,114818
region,London,E12000007,2022/3/7,6998,2603600,6283,2488067,715,115533
region,London,E12000007,2022/3/8,7217,2610817,6499,2494566,718,116251
region,London,E12000007,2022/3/9,7689,2618506,6839,2501405,850,117101
region,London,E12000007,2022/3/10,7326,2625832,6543,2507948,783,117884
region,London,E12000007,2022/3/11,6816,2632648,6149,2514097,667,118551
region,London,E12000007,2022/3/12,6278,2638926,5623,2519720,655,119206
region,London,E12000007,2022/3/13,7208,2646134,6438,2526158,770,119976
region,London,E12000007,2022/3/14,9890,2656024,8851,2535009,1039,121015
region,London,E12000007,2022/3/15,9359,2665383,8394,2543403,965,121980
region,London,E12000007,2022/3/16,9274,2674657,8257,2551660,1017,122997
region,London,E12000007,2022/3/17,8602,2683259,7677,2559337,925,123922
region,London,E12000007,2022/3/18,7735,2690994,6890,2566227,845,124767
region,London,E12000007,2022/3/19,6600,2697594,5900,2572127,700,125467
region,London,E12000007,2022/3/20,7629,2705223,6778,2578905,851,126318
region,London,E12000007,2022/3/21,10845,2716068,9593,2588498,1252,127570
region,London,E12000007,2022/3/22,10024,2726092,8877,2597375,1147,128717
region,London,E12000007,2022/3/23,9676,2735768,8602,2605977,1074,129791
region,London,E12000007,2022/3/24,8531,2744299,7560,2613537,971,130762
region,London,E12000007,2022/3/25,7565,2751864,6758,2620295,807,131569
region,London,E12000007,2022/3/26,6329,2758193,5672,2625967,657,132226
region,London,E12000007,2022/3/27,6888,2765081,6090,2632057,798,133024
region,London,E12000007,2022/3/28,9471,2774552,8309,2640366,1162,134186
region,London,E12000007,2022/3/29,8380,2782932,7380,2647746,1000,135186
region,London,E12000007,2022/3/30,7911,2790843,6952,2654698,959,136145
region,London,E12000007,2022/3/31,5756,2796599,5061,2659759,695,136840
region,London,E12000007,2022/4/1,5093,2801692,4498,2664257,595,137435
region,London,E12000007,2022/4/2,3773,2805465,3348,2667605,425,137860
region,London,E12000007,2022/4/3,3907,2809372,3447,2671052,460,138320
region,London,E12000007,2022/4/4,5262,2814634,4650,2675702,612,138932
region,London,E12000007,2022/4/5,4636,2819270,4130,2679832,506,139438
region,London,E12000007,2022/4/6,4201,2823471,3709,2683541,492,139930
region,London,E12000007,2022/4/7,3531,2827002,3095,2686636,436,140366
region,London,E12000007,2022/4/8,3220,2830222,2808,2689444,412,140778
region,London,E12000007,2022/4/9,2692,2832914,2364,2691808,328,141106
region,London,E12000007,2022/4/10,2858,2835772,2544,2694352,314,141420
region,London,E12000007,2022/4/11,3289,2839061,2864,2697216,425,141845
region,London,E12000007,2022/4/12,3067,2842128,2675,2699891,392,142237
region,London,E12000007,2022/4/13,2758,2844886,2417,2702308,341,142578
region,London,E12000007,2022/4/14,2411,2847297,2114,2704422,297,142875
region,London,E12000007,2022/4/15,1871,2849168,1649,2706071,222,143097
region,London,E12000007,2022/4/16,1760,2850928,1563,2707634,197,143294
region,London,E12000007,2022/4/17,1733,2852661,1513,2709147,220,143514
region,London,E12000007,2022/4/18,2445,2855106,2070,2711217,375,143889
region,London,E12000007,2022/4/19,2457,2857563,2050,2713267,407,144296
region,London,E12000007,2022/4/20,1992,2859555,1693,2714960,299,144595
region,London,E12000007,2022/4/21,1737,2861292,1479,2716439,258,144853
region,London,E12000007,2022/4/22,1525,2862817,1312,2717751,213,145066
region,London,E12000007,2022/4/23,1220,2864037,1042,2718793,178,145244
region,London,E12000007,2022/4/24,1384,2865421,1175,2719968,209,145453
region,London,E12000007,2022/4/25,1636,2867057,1356,2721324,280,145733
region,London,E12000007,2022/4/26,1332,2868389,1115,2722439,217,145950
region,London,E12000007,2022/4/27,1348,2869737,1132,2723571,216,146166
region,London,E12000007,2022/4/28,1162,2870899,989,2724560,173,146339
region,London,E12000007,2022/4/29,1051,2871950,880,2725440,171,146510
region,London,E12000007,2022/4/30,895,2872845,764,2726204,131,146641
region,London,E12000007,2022/5/1,939,2873784,811,2727015,128,146769
region,London,E12000007,2022/5/2,1368,2875152,1139,2728154,229,146998
region,London,E12000007,2022/5/3,1444,2876596,1203,2729357,241,147239
region,London,E12000007,2022/5/4,1363,2877959,1148,2730505,215,147454
region,London,E12000007,2022/5/5,1230,2879189,1008,2731513,222,147676
region,London,E12000007,2022/5/6,1029,2880218,864,2732377,165,147841
region,London,E12000007,2022/5/7,831,2881049,708,2733085,123,147964
region,London,E12000007,2022/5/8,1082,2882131,886,2733971,196,148160
region,London,E12000007,2022/5/9,1262,2883393,1051,2735022,211,148371
region,London,E12000007,2022/5/10,1214,2884607,1009,2736031,205,148576
region,London,E12000007,2022/5/11,1006,2885613,846,2736877,160,148736
region,London,E12000007,2022/5/12,938,2886551,789,2737666,149,148885
region,London,E12000007,2022/5/13,804,2887355,675,2738341,129,149014
region,London,E12000007,2022/5/14,753,2888108,613,2738954,140,149154
region,London,E12000007,2022/5/15,961,2889069,787,2739741,174,149328
region,London,E12000007,2022/5/16,1177,2890246,936,2740677,241,149569
region,London,E12000007,2022/5/17,1059,2891305,860,2741537,199,149768
region,London,E12000007,2022/5/18,971,2892276,800,2742337,171,149939
region,London,E12000007,2022/5/19,881,2893157,723,2743060,158,150097
region,London,E12000007,2022/5/20,719,2893876,593,2743653,126,150223
region,London,E12000007,2022/5/21,645,2894521,529,2744182,116,150339
region,London,E12000007,2022/5/22,733,2895254,616,2744798,117,150456
region,London,E12000007,2022/5/23,997,2896251,821,2745619,176,150632
region,London,E12000007,2022/5/24,844,2897095,684,2746303,160,150792
region,London,E12000007,2022/5/25,807,2897902,655,2746958,152,150944
region,London,E12000007,2022/5/26,766,2898668,638,2747596,128,151072
region,London,E12000007,2022/5/27,746,2899414,620,2748216,126,151198
region,London,E12000007,2022/5/28,688,2900102,580,2748796,108,151306
region,London,E12000007,2022/5/29,758,2900860,625,2749421,133,151439
region,London,E12000007,2022/5/30,942,2901802,792,2750213,150,151589
region,London,E12000007,2022/5/31,970,2902772,818,2751031,152,151741
region,London,E12000007,2022/6/1,894,2903666,749,2751780,145,151886
region,London,E12000007,2022/6/2,782,2904448,660,2752440,122,152008
region,London,E12000007,2022/6/3,868,2905316,735,2753175,133,152141
region,London,E12000007,2022/6/4,969,2906285,819,2753994,150,152291
region,London,E12000007,2022/6/5,1319,2907604,1097,2755091,222,152513
region,London,E12000007,2022/6/6,1622,2909226,1302,2756393,320,152833
region,London,E12000007,2022/6/7,1679,2910905,1385,2757778,294,153127
region,London,E12000007,2022/6/8,1676,2912581,1351,2759129,325,153452
region,London,E12000007,2022/6/9,1652,2914233,1353,2760482,299,153751
region,London,E12000007,2022/6/10,1467,2915700,1192,2761674,275,154026
region,London,E12000007,2022/6/11,1370,2917070,1106,2762780,264,154290
region,London,E12000007,2022/6/12,1785,2918855,1448,2764228,337,154627
region,London,E12000007,2022/6/13,2032,2920887,1638,2765866,394,155021
region,London,E12000007,2022/6/14,2056,2922943,1643,2767509,413,155434
region,London,E12000007,2022/6/15,1993,2924936,1589,2769098,404,155838
region,London,E12000007,2022/6/16,1817,2926753,1433,2770531,384,156222
region,London,E12000007,2022/6/17,1751,2928504,1422,2771953,329,156551
region,London,E12000007,2022/6/18,1826,2930330,1506,2773459,320,156871
region,London,E12000007,2022/6/19,2115,2932445,1722,2775181,393,157264
region,London,E12000007,2022/6/20,2499,2934944,1961,2777142,538,157802
region,London,E12000007,2022/6/21,2626,2937570,2081,2779223,545,158347
region,London,E12000007,2022/6/22,2631,2940201,2085,2781308,546,158893
region,London,E12000007,2022/6/23,2523,2942724,1959,2783267,564,159457
region,London,E12000007,2022/6/24,2186,2944910,1754,2785021,432,159889
region,London,E12000007,2022/6/25,2074,2946984,1617,2786638,457,160346
region,London,E12000007,2022/6/26,2471,2949455,1931,2788569,540,160886
region,London,E12000007,2022/6/27,3135,2952590,2398,2790967,737,161623
region,London,E12000007,2022/6/28,3121,2955711,2370,2793337,751,162374
region,London,E12000007,2022/6/29,3249,2958960,2446,2795783,803,163177
region,London,E12000007,2022/6/30,3174,2962134,2409,2798192,765,163942
region,London,E12000007,2022/7/1,3050,2965184,2329,2800521,721,164663
region,London,E12000007,2022/7/2,2827,2968011,2148,2802669,679,165342
region,London,E12000007,2022/7/3,3630,2971641,2768,2805437,862,166204
region,London,E12000007,2022/7/4,4330,2975971,3259,2808696,1071,167275
region,London,E12000007,2022/7/5,4056,2980027,3029,2811725,1027,168302
region,London,E12000007,2022/7/6,3979,2984006,2999,2814724,980,169282
region,London,E12000007,2022/7/7,3524,2987530,2650,2817374,874,170156
region,London,E12000007,2022/7/8,3103,2990633,2420,2819794,683,170839
region,London,E12000007,2022/7/9,2759,2993392,2148,2821942,611,171450
region,London,E12000007,2022/7/10,3212,2996604,2444,2824386,768,172218
region,London,E12000007,2022/7/11,3731,3000335,2801,2827187,930,173148
region,London,E12000007,2022/7/12,3354,3003689,2510,2829697,844,173992
region,London,E12000007,2022/7/13,3125,3006814,2351,2832048,774,174766
region,London,E12000007,2022/7/14,2697,3009511,2004,2834052,693,175459
region,London,E12000007,2022/7/15,2342,3011853,1748,2835800,594,176053
region,London,E12000007,2022/7/16,1877,3013730,1437,2837237,440,176493
region,London,E12000007,2022/7/17,2028,3015758,1541,2838778,487,176980
region,London,E12000007,2022/7/18,2324,3018082,1714,2840492,610,177590
region,London,E12000007,2022/7/19,1909,3019991,1416,2841908,493,178083
region,London,E12000007,2022/7/20,1958,3021949,1497,2843405,461,178544
region,London,E12000007,2022/7/21,1680,3023629,1275,2844680,405,178949
region,London,E12000007,2022/7/22,1529,3025158,1176,2845856,353,179302
region,London,E12000007,2022/7/23,1173,3026331,950,2846806,223,179525
region,London,E12000007,2022/7/24,1276,3027607,947,2847753,329,179854
region,London,E12000007,2022/7/25,1492,3029099,1139,2848892,353,180207
region,London,E12000007,2022/7/26,1364,3030463,1064,2849956,300,180507
region,London,E12000007,2022/7/27,1270,3031733,963,2850919,307,180814
region,London,E12000007,2022/7/28,1018,3032751,784,2851703,234,181048
region,London,E12000007,2022/7/29,966,3033717,739,2852442,227,181275
region,London,E12000007,2022/7/30,871,3034588,661,2853103,210,181485
region,London,E12000007,2022/7/31,989,3035577,739,2853842,250,181735
region,London,E12000007,2022/8/1,1064,3036641,803,2854645,261,181996
region,London,E12000007,2022/8/2,992,3037633,723,2855368,269,182265
region,London,E12000007,2022/8/3,930,3038563,724,2856092,206,182471
region,London,E12000007,2022/8/4,826,3039389,623,2856715,203,182674
region,London,E12000007,2022/8/5,707,3040096,540,2857255,167,182841
region,London,E12000007,2022/8/6,603,3040699,481,2857736,122,182963
region,London,E12000007,2022/8/7,693,3041392,538,2858274,155,183118
region,London,E12000007,2022/8/8,824,3042216,594,2858868,230,183348
region,London,E12000007,2022/8/9,747,3042963,557,2859425,190,183538
region,London,E12000007,2022/8/10,783,3043746,598,2860023,185,183723
region,London,E12000007,2022/8/11,692,3044438,505,2860528,187,183910
region,London,E12000007,2022/8/12,554,3044992,418,2860946,136,184046
region,London,E12000007,2022/8/13,453,3045445,349,2861295,104,184150
region,London,E12000007,2022/8/14,541,3045986,401,2861696,140,184290
region,London,E12000007,2022/8/15,700,3046686,521,2862217,179,184469
region,London,E12000007,2022/8/16,596,3047282,436,2862653,160,184629
region,London,E12000007,2022/8/17,519,3047801,373,2863026,146,184775
region,London,E12000007,2022/8/18,477,3048278,342,2863368,135,184910
region,London,E12000007,2022/8/19,437,3048715,328,2863696,109,185019
region,London,E12000007,2022/8/20,378,3049093,268,2863964,110,185129
region,London,E12000007,2022/8/21,414,3049507,315,2864279,99,185228
region,London,E12000007,2022/8/22,556,3050063,396,2864675,160,185388
region,London,E12000007,2022/8/23,494,3050557,345,2865020,149,185537
region,London,E12000007,2022/8/24,489,3051046,358,2865378,131,185668
region,London,E12000007,2022/8/25,373,3051419,279,2865657,94,185762
region,London,E12000007,2022/8/26,326,3051745,236,2865893,90,185852
region,London,E12000007,2022/8/27,323,3052068,238,2866131,85,185937
region,London,E12000007,2022/8/28,302,3052370,218,2866349,84,186021
region,London,E12000007,2022/8/29,438,3052808,302,2866651,136,186157
region,London,E12000007,2022/8/30,496,3053304,358,2867009,138,186295
region,London,E12000007,2022/8/31,501,3053805,352,2867361,149,186444
region,London,E12000007,2022/9/1,470,3054275,332,2867693,138,186582
region,London,E12000007,2022/9/2,376,3054651,274,2867967,102,186684
region,London,E12000007,2022/9/3,332,3054983,231,2868198,101,186785
region,London,E12000007,2022/9/4,437,3055420,309,2868507,128,186913
region,London,E12000007,2022/9/5,499,3055919,348,2868855,151,187064
region,London,E12000007,2022/9/6,390,3056309,271,2869126,119,187183
region,London,E12000007,2022/9/7,443,3056752,297,2869423,146,187329
region,London,E12000007,2022/9/8,367,3057119,252,2869675,115,187444
region,London,E12000007,2022/9/9,364,3057483,261,2869936,103,187547
region,London,E12000007,2022/9/10,311,3057794,228,2870164,83,187630
region,London,E12000007,2022/9/11,459,3058253,305,2870469,154,187784
region,London,E12000007,2022/9/12,515,3058768,360,2870829,155,187939
region,London,E12000007,2022/9/13,485,3059253,353,2871182,132,188071
region,London,E12000007,2022/9/14,485,3059738,339,2871521,146,188217
region,London,E12000007,2022/9/15,462,3060200,342,2871863,120,188337
region,London,E12000007,2022/9/16,359,3060559,245,2872108,114,188451
region,London,E12000007,2022/9/17,324,3060883,242,2872350,82,188533
region,London,E12000007,2022/9/18,418,3061301,291,2872641,127,188660
region,London,E12000007,2022/9/19,583,3061884,404,2873045,179,188839
region,London,E12000007,2022/9/20,690,3062574,473,2873518,217,189056
region,London,E12000007,2022/9/21,649,3063223,439,2873957,210,189266
region,London,E12000007,2022/9/22,632,3063855,458,2874415,174,189440
region,London,E12000007,2022/9/23,543,3064398,389,2874804,154,189594
region,London,E12000007,2022/9/24,529,3064927,387,2875191,142,189736
region,London,E12000007,2022/9/25,611,3065538,424,2875615,187,189923
region,London,E12000007,2022/9/26,724,3066262,502,2876117,222,190145
region,London,E12000007,2022/9/27,676,3066938,466,2876583,210,190355
region,London,E12000007,2022/9/28,691,3067629,496,2877079,195,190550
region,London,E12000007,2022/9/29,647,3068276,484,2877563,163,190713
region,London,E12000007,2022/9/30,608,3068884,482,2878045,126,190839
region,London,E12000007,2022/10/1,612,3069496,469,2878514,143,190982
region,London,E12000007,2022/10/2,823,3070319,582,2879096,241,191223
region,London,E12000007,2022/10/3,951,3071270,668,2879764,283,191506
region,London,E12000007,2022/10/4,946,3072216,659,2880423,287,191793
region,London,E12000007,2022/10/5,880,3073096,635,2881058,245,192038
region,London,E12000007,2022/10/6,902,3073998,641,2881699,261,192299
region,London,E12000007,2022/10/7,811,3074809,577,2882276,234,192533
region,London,E12000007,2022/10/8,621,3075430,453,2882729,168,192701
region,London,E12000007,2022/10/9,775,3076205,548,2883277,227,192928
region,London,E12000007,2022/10/10,936,3077141,638,2883915,298,193226
region,London,E12000007,2022/10/11,863,3078004,602,2884517,261,193487
region,London,E12000007,2022/10/12,851,3078855,566,2885083,285,193772
region,London,E12000007,2022/10/13,672,3079527,454,2885537,218,193990
region,London,E12000007,2022/10/14,716,3080243,494,2886031,222,194212
region,London,E12000007,2022/10/15,570,3080813,404,2886435,166,194378
region,London,E12000007,2022/10/16,720,3081533,503,2886938,217,194595
region,London,E12000007,2022/10/17,938,3082471,644,2887582,294,194889
region,London,E12000007,2022/10/18,797,3083268,534,2888116,263,195152
region,London,E12000007,2022/10/19,764,3084032,518,2888634,246,195398
region,London,E12000007,2022/10/20,586,3084618,380,2889014,206,195604
region,London,E12000007,2022/10/21,572,3085190,382,2889396,190,195794
region,London,E12000007,2022/10/22,439,3085629,302,2889698,137,195931
region,London,E12000007,2022/10/23,527,3086156,338,2890036,189,196120
region,London,E12000007,2022/10/24,657,3086813,428,2890464,229,196349
region,London,E12000007,2022/10/25,512,3087325,331,2890795,181,196530
region,London,E12000007,2022/10/26,578,3087903,388,2891183,190,196720
region,London,E12000007,2022/10/27,495,3088398,344,2891527,151,196871
region,London,E12000007,2022/10/28,453,3088851,309,2891836,144,197015
region,London,E12000007,2022/10/29,391,3089242,261,2892097,130,197145
region,London,E12000007,2022/10/30,457,3089699,305,2892402,152,197297
region,London,E12000007,2022/10/31,550,3090249,358,2892760,192,197489
region,London,E12000007,2022/11/1,456,3090705,294,2893054,162,197651
region,London,E12000007,2022/11/2,424,3091129,287,2893341,137,197788
region,London,E12000007,2022/11/3,388,3091517,237,2893578,151,197939
region,London,E12000007,2022/11/4,325,3091842,218,2893796,107,198046
region,London,E12000007,2022/11/5,280,3092122,186,2893982,94,198140
region,London,E12000007,2022/11/6,378,3092500,245,2894227,133,198273
region,London,E12000007,2022/11/7,477,3092977,308,2894535,169,198442
region,London,E12000007,2022/11/8,403,3093380,260,2894795,143,198585
region,London,E12000007,2022/11/9,364,3093744,245,2895040,119,198704
region,London,E12000007,2022/11/10,322,3094066,199,2895239,123,198827
region,London,E12000007,2022/11/11,325,3094391,202,2895441,123,198950
region,London,E12000007,2022/11/12,242,3094633,155,2895596,87,199037
region,London,E12000007,2022/11/13,310,3094943,186,2895782,124,199161
region,London,E12000007,2022/11/14,454,3095397,284,2896066,170,199331
region,London,E12000007,2022/11/15,390,3095787,249,2896315,141,199472
region,London,E12000007,2022/11/16,391,3096178,248,2896563,143,199615
region,London,E12000007,2022/11/17,365,3096543,214,2896777,151,199766
region,London,E12000007,2022/11/18,352,3096895,231,2897008,121,199887
region,London,E12000007,2022/11/19,300,3097195,187,2897195,113,200000
region,London,E12000007,2022/11/20,335,3097530,202,2897397,133,200133
region,London,E12000007,2022/11/21,478,3098008,280,2897677,198,200331
region,London,E12000007,2022/11/22,422,3098430,250,2897927,172,200503
region,London,E12000007,2022/11/23,451,3098881,282,2898209,169,200672
region,London,E12000007,2022/11/24,407,3099288,239,2898448,168,200840
region,London,E12000007,2022/11/25,351,3099639,230,2898678,121,200961
region,London,E12000007,2022/11/26,298,3099937,187,2898865,111,201072
region,London,E12000007,2022/11/27,404,3100341,258,2899123,146,201218
region,London,E12000007,2022/11/28,535,3100876,307,2899430,228,201446
region,London,E12000007,2022/11/29,539,3101415,356,2899786,183,201629
region,London,E12000007,2022/11/30,462,3101877,265,2900051,197,201826
region,London,E12000007,2022/12/1,411,3102288,249,2900300,162,201988
region,London,E12000007,2022/12/2,411,3102699,246,2900546,165,202153
region,London,E12000007,2022/12/3,346,3103045,217,2900763,129,202282
region,London,E12000007,2022/12/4,431,3103476,260,2901023,171,202453
region,London,E12000007,2022/12/5,602,3104078,353,2901376,249,202702
region,London,E12000007,2022/12/6,609,3104687,369,2901745,240,202942
region,London,E12000007,2022/12/7,588,3105275,348,2902093,240,203182
region,London,E12000007,2022/12/8,505,3105780,318,2902411,187,203369
region,London,E12000007,2022/12/9,452,3106232,304,2902715,148,203517
region,London,E12000007,2022/12/10,396,3106628,255,2902970,141,203658
region,London,E12000007,2022/12/11,491,3107119,296,2903266,195,203853
region,London,E12000007,2022/12/12,723,3107842,434,2903700,289,204142
region,London,E12000007,2022/12/13,719,3108561,424,2904124,295,204437
region,London,E12000007,2022/12/14,662,3109223,407,2904531,255,204692
region,London,E12000007,2022/12/15,671,3109894,398,2904929,273,204965
region,London,E12000007,2022/12/16,633,3110527,419,2905348,214,205179
region,London,E12000007,2022/12/17,482,3111009,291,2905639,191,205370
region,London,E12000007,2022/12/18,611,3111620,386,2906025,225,205595
region,London,E12000007,2022/12/19,869,3112489,564,2906589,305,205900
region,London,E12000007,2022/12/20,765,3113254,498,2907087,267,206167
region,London,E12000007,2022/12/21,717,3113971,485,2907572,232,206399
region,London,E12000007,2022/12/22,653,3114624,428,2908000,225,206624
region,London,E12000007,2022/12/23,561,3115185,376,2908376,185,206809
region,London,E12000007,2022/12/24,417,3115602,279,2908655,138,206947
region,London,E12000007,2022/12/25,326,3115928,245,2908900,81,207028
region,London,E12000007,2022/12/26,406,3116334,255,2909155,151,207179
region,London,E12000007,2022/12/27,524,3116858,320,2909475,204,207383
region,London,E12000007,2022/12/28,615,3117473,388,2909863,227,207610
region,London,E12000007,2022/12/29,602,3118075,383,2910246,219,207829
region,London,E12000007,2022/12/30,481,3118556,318,2910564,163,207992
region,London,E12000007,2022/12/31,339,3118895,233,2910797,106,208098
region,London,E12000007,2023/1/1,323,3119218,214,2911011,109,208207
region,London,E12000007,2023/1/2,410,3119628,248,2911259,162,208369
region,London,E12000007,2023/1/3,544,3120172,331,2911590,213,208582
region,London,E12000007,2023/1/4,489,3120661,298,2911888,191,208773
region,London,E12000007,2023/1/5,421,3121082,252,2912140,169,208942
region,London,E12000007,2023/1/6,344,3121426,203,2912343,141,209083
region,London,E12000007,2023/1/7,248,3121674,180,2912523,68,209151
region,London,E12000007,2023/1/8,301,3121975,191,2912714,110,209261
region,London,E12000007,2023/1/9,301,3122276,186,2912900,115,209376
region,London,E12000007,2023/1/10,274,3122550,169,2913069,105,209481
region,London,E12000007,2023/1/11,275,3122825,177,2913246,98,209579
region,London,E12000007,2023/1/12,244,3123069,138,2913384,106,209685
region,London,E12000007,2023/1/13,187,3123256,119,2913503,68,209753
region,London,E12000007,2023/1/14,138,3123394,84,2913587,54,209807
region,London,E12000007,2023/1/15,197,3123591,121,2913708,76,209883
region,London,E12000007,2023/1/16,215,3123806,134,2913842,81,209964
region,London,E12000007,2023/1/17,190,3123996,112,2913954,78,210042
region,London,E12000007,2023/1/18,190,3124186,121,2914075,69,210111
region,London,E12000007,2023/1/19,195,3124381,117,2914192,78,210189
region,London,E12000007,2023/1/20,158,3124539,105,2914297,53,210242
region,London,E12000007,2023/1/21,116,3124655,66,2914363,50,210292
region,London,E12000007,2023/1/22,170,3124825,95,2914458,75,210367
region,London,E12000007,2023/1/23,263,3125088,146,2914604,117,210484
region,London,E12000007,2023/1/24,281,3125369,169,2914773,112,210596
region,London,E12000007,2023/1/25,253,3125622,145,2914918,108,210704
region,London,E12000007,2023/1/26,270,3125892,157,2915075,113,210817
region,London,E12000007,2023/1/27,241,3126133,154,2915229,87,210904
region,London,E12000007,2023/1/28,197,3126330,124,2915353,73,210977
region,London,E12000007,2023/1/29,245,3126575,127,2915480,118,211095
region,London,E12000007,2023/1/30,335,3126910,183,2915663,152,211247
region,London,E12000007,2023/1/31,335,3127245,207,2915870,128,211375
region,London,E12000007,2023/2/1,382,3127627,224,2916094,158,211533
region,London,E12000007,2023/2/2,346,3127973,219,2916313,127,211660
region,London,E12000007,2023/2/3,330,3128303,192,2916505,138,211798
region,London,E12000007,2023/2/4,233,3128536,136,2916641,97,211895
region,London,E12000007,2023/2/5,353,3128889,192,2916833,161,212056
region,London,E12000007,2023/2/6,392,3129281,218,2917051,174,212230
region,London,E12000007,2023/2/7,339,3129620,198,2917249,141,212371
region,London,E12000007,2023/2/8,376,3129996,212,2917461,164,212535
region,London,E12000007,2023/2/9,346,3130342,201,2917662,145,212680
region,London,E12000007,2023/2/10,331,3130673,194,2917856,137,212817
region,London,E12000007,2023/2/11,306,3130979,183,2918039,123,212940
region,London,E12000007,2023/2/12,305,3131284,180,2918219,125,213065
region,London,E12000007,2023/2/13,524,3131808,296,2918515,228,213293
region,London,E12000007,2023/2/14,515,3132323,297,2918812,218,213511
region,London,E12000007,2023/2/15,446,3132769,272,2919084,174,213685
region,London,E12000007,2023/2/16,442,3133211,271,2919355,171,213856
region,London,E12000007,2023/2/17,446,3133657,251,2919606,195,214051
region,London,E12000007,2023/2/18,383,3134040,244,2919850,139,214190
region,London,E12000007,2023/2/19,456,3134496,253,2920103,203,214393
region,London,E12000007,2023/2/20,541,3135037,325,2920428,216,214609
region,London,E12000007,2023/2/21,519,3135556,301,2920729,218,214827
region,London,E12000007,2023/2/22,475,3136031,257,2920986,218,215045
region,London,E12000007,2023/2/23,365,3136396,214,2921200,151,215196
region,London,E12000007,2023/2/24,338,3136734,190,2921390,148,215344
region,London,E12000007,2023/2/25,282,3137016,165,2921555,117,215461
region,London,E12000007,2023/2/26,344,3137360,188,2921743,156,215617
region,London,E12000007,2023/2/27,499,3137859,293,2922036,206,215823
region,London,E12000007,2023/2/28,440,3138299,242,2922278,198,216021
region,London,E12000007,2023/3/1,394,3138693,225,2922503,169,216190
region,London,E12000007,2023/3/2,406,3139099,243,2922746,163,216353
region,London,E12000007,2023/3/3,344,3139443,196,2922942,148,216501
region,London,E12000007,2023/3/4,315,3139758,191,2923133,124,216625
region,London,E12000007,2023/3/5,386,3140144,211,2923344,175,216800
region,London,E12000007,2023/3/6,512,3140656,309,2923653,203,217003
region,London,E12000007,2023/3/7,458,3141114,273,2923926,185,217188
region,London,E12000007,2023/3/8,401,3141515,236,2924162,165,217353
region,London,E12000007,2023/3/9,458,3141973,267,2924429,191,217544
region,London,E12000007,2023/3/10,382,3142355,228,2924657,154,217698
region,London,E12000007,2023/3/11,296,3142651,182,2924839,114,217812
region,London,E12000007,2023/3/12,421,3143072,246,2925085,175,217987
region,London,E12000007,2023/3/13,549,3143621,345,2925430,204,218191
region,London,E12000007,2023/3/14,519,3144140,287,2925717,232,218423
region,London,E12000007,2023/3/15,414,3144554,266,2925983,148,218571
region,London,E12000007,2023/3/16,424,3144978,237,2926220,187,218758
region,London,E12000007,2023/3/17,349,3145327,206,2926426,143,218901
region,London,E12000007,2023/3/18,310,3145637,190,2926616,120,219021
region,London,E12000007,2023/3/19,376,3146013,231,2926847,145,219166
region,London,E12000007,2023/3/20,409,3146422,248,2927095,161,219327
region,London,E12000007,2023/3/21,416,3146838,255,2927350,161,219488
region,London,E12000007,2023/3/22,402,3147240,233,2927583,169,219657
region,London,E12000007,2023/3/23,344,3147584,205,2927788,139,219796
region,London,E12000007,2023/3/24,339,3147923,215,2928003,124,219920
region,London,E12000007,2023/3/25,277,3148200,189,2928192,88,220008
region,London,E12000007,2023/3/26,278,3148478,172,2928364,106,220114
region,London,E12000007,2023/3/27,334,3148812,203,2928567,131,220245
region,London,E12000007,2023/3/28,306,3149118,191,2928758,115,220360
region,London,E12000007,2023/3/29,308,3149426,186,2928944,122,220482
region,London,E12000007,2023/3/30,273,3149699,169,2929113,104,220586
region,London,E12000007,2023/3/31,229,3149928,146,2929259,83,220669
region,London,E12000007,2023/4/1,184,3150112,115,2929374,69,220738
region,London,E12000007,2023/4/2,226,3150338,133,2929507,93,220831
region,London,E12000007,2023/4/3,201,3150539,132,2929639,69,220900
region,London,E12000007,2023/4/4,198,3150737,119,2929758,79,220979
region,London,E12000007,2023/4/5,181,3150918,108,2929866,73,221052
region,London,E12000007,2023/4/6,182,3151100,118,2929984,64,221116
region,London,E12000007,2023/4/7,171,3151271,102,2930086,69,221185
region,London,E12000007,2023/4/8,130,3151401,76,2930162,54,221239
region,London,E12000007,2023/4/9,153,3151554,106,2930268,47,221286
region,London,E12000007,2023/4/10,171,3151725,98,2930366,73,221359
region,London,E12000007,2023/4/11,233,3151958,146,2930512,87,221446
region,London,E12000007,2023/4/12,163,3152121,98,2930610,65,221511
region,London,E12000007,2023/4/13,191,3152312,112,2930722,79,221590
region,London,E12000007,2023/4/14,166,3152478,104,2930826,62,221652
region,London,E12000007,2023/4/15,123,3152601,75,2930901,48,221700
region,London,E12000007,2023/4/16,192,3152793,120,2931021,72,221772
region,London,E12000007,2023/4/17,206,3152999,123,2931144,83,221855
region,London,E12000007,2023/4/18,195,3153194,119,2931263,76,221931
region,London,E12000007,2023/4/19,201,3153395,125,2931388,76,222007
region,London,E12000007,2023/4/20,170,3153565,112,2931500,58,222065
region,London,E12000007,2023/4/21,142,3153707,83,2931583,59,222124
region,London,E12000007,2023/4/22,144,3153851,90,2931673,54,222178
region,London,E12000007,2023/4/23,182,3154033,108,2931781,74,222252
region,London,E12000007,2023/4/24,192,3154225,117,2931898,75,222327
region,London,E12000007,2023/4/25,186,3154411,114,2932012,72,222399
region,London,E12000007,2023/4/26,167,3154578,104,2932116,63,222462
region,London,E12000007,2023/4/27,188,3154766,124,2932240,64,222526
region,London,E12000007,2023/4/28,143,3154909,87,2932327,56,222582
region,London,E12000007,2023/4/29,142,3155051,89,2932416,53,222635
region,London,E12000007,2023/4/30,130,3155181,89,2932505,41,222676
region,London,E12000007,2023/5/1,206,3155387,110,2932615,96,222772
region,London,E12000007,2023/5/2,193,3155580,111,2932726,82,222854
region,London,E12000007,2023/5/3,167,3155747,99,2932825,68,222922
region,London,E12000007,2023/5/4,183,3155930,112,2932937,71,222993
region,London,E12000007,2023/5/5,137,3156067,95,2933032,42,223035
region,London,E12000007,2023/5/6,99,3156166,62,2933094,37,223072
region,London,E12000007,2023/5/7,132,3156298,73,2933167,59,223131
region,London,E12000007,2023/5/8,158,3156456,97,2933264,61,223192
region,London,E12000007,2023/5/9,152,3156608,85,2933349,67,223259
region,London,E12000007,2023/5/10,155,3156763,92,2933441,63,223322
region,London,E12000007,2023/5/11,139,3156902,92,2933533,47,223369
region,London,E12000007,2023/5/12,114,3157016,73,2933606,41,223410
region,London,E12000007,2023/5/13,89,3157105,54,2933660,35,223445
region,London,E12000007,2023/5/14,143,3157248,88,2933748,55,223500
region,London,E12000007,2023/5/15,151,3157399,100,2933848,51,223551
region,London,E12000007,2023/5/16,131,3157530,85,2933933,46,223597
region,London,E12000007,2023/5/17,130,3157660,76,2934009,54,223651
region,London,E12000007,2023/5/18,124,3157784,79,2934088,45,223696
region,London,E12000007,2023/5/19,99,3157883,60,2934148,39,223735
region,London,E12000007,2023/5/20,89,3157972,52,2934200,37,223772
region,London,E12000007,2023/5/21,123,3158095,71,2934271,52,223824
region,London,E12000007,2023/5/22,133,3158228,83,2934354,50,223874
region,London,E12000007,2023/5/23,107,3158335,66,2934420,41,223915
region,London,E12000007,2023/5/24,119,3158454,68,2934488,51,223966
region,London,E12000007,2023/5/25,111,3158565,66,2934554,45,224011
region,London,E12000007,2023/5/26,74,3158639,50,2934604,24,224035
region,London,E12000007,2023/5/27,55,3158694,30,2934634,25,224060
region,London,E12000007,2023/5/28,70,3158764,44,2934678,26,224086
region,London,E12000007,2023/5/29,93,3158857,65,2934743,28,224114
region,London,E12000007,2023/5/30,89,3158946,52,2934795,37,224151
region,London,E12000007,2023/5/31,107,3159053,75,2934870,32,224183
region,London,E12000007,2023/6/1,88,3159141,47,2934917,41,224224
region,London,E12000007,2023/6/2,70,3159211,46,2934963,24,224248
region,London,E12000007,2023/6/3,63,3159274,28,2934991,35,224283
region,London,E12000007,2023/6/4,66,3159340,37,2935028,29,224312
region,London,E12000007,2023/6/5,112,3159452,70,2935098,42,224354
region,London,E12000007,2023/6/6,93,3159545,51,2935149,42,224396
region,London,E12000007,2023/6/7,97,3159642,55,2935204,42,224438
region,London,E12000007,2023/6/8,76,3159718,45,2935249,31,224469
region,London,E12000007,2023/6/9,60,3159778,34,2935283,26,224495
region,London,E12000007,2023/6/10,50,3159828,25,2935308,25,224520
region,London,E12000007,2023/6/11,68,3159896,37,2935345,31,224551
region,London,E12000007,2023/6/12,70,3159966,43,2935388,27,224578
region,London,E12000007,2023/6/13,62,3160028,37,2935425,25,224603
region,London,E12000007,2023/6/14,63,3160091,41,2935466,22,224625
region,London,E12000007,2023/6/15,47,3160138,27,2935493,20,224645
region,London,E12000007,2023/6/16,45,3160183,33,2935526,12,224657
region,London,E12000007,2023/6/17,55,3160238,32,2935558,23,224680
region,London,E12000007,2023/6/18,38,3160276,24,2935582,14,224694
region,London,E12000007,2023/6/19,62,3160338,33,2935615,29,224723
region,London,E12000007,2023/6/20,53,3160391,29,2935644,24,224747
region,London,E12000007,2023/6/21,54,3160445,36,2935680,18,224765
region,London,E12000007,2023/6/22,51,3160496,31,2935711,20,224785
region,London,E12000007,2023/6/23,45,3160541,32,2935743,13,224798
region,London,E12000007,2023/6/24,34,3160575,22,2935765,12,224810
region,London,E12000007,2023/6/25,46,3160621,23,2935788,23,224833
region,London,E12000007,2023/6/26,36,3160657,22,2935810,14,224847
region,London,E12000007,2023/6/27,40,3160697,24,2935834,16,224863
region,London,E12000007,2023/6/28,44,3160741,30,2935864,14,224877
region,London,E12000007,2023/6/29,38,3160779,26,2935890,12,224889
region,London,E12000007,2023/6/30,26,3160805,16,2935906,10,224899
region,London,E12000007,2023/7/1,26,3160831,10,2935916,16,224915
region,London,E12000007,2023/7/2,38,3160869,19,2935935,19,224934
region,London,E12000007,2023/7/3,43,3160912,21,2935956,22,224956
region,London,E12000007,2023/7/4,38,3160950,21,2935977,17,224973
region,London,E12000007,2023/7/5,41,3160991,11,2935988,30,225003
region,London,E12000007,2023/7/6,38,3161029,26,2936014,12,225015
region,London,E12000007,2023/7/7,44,3161073,27,2936041,17,225032
region,London,E12000007,2023/7/8,34,3161107,19,2936060,15,225047
region,London,E12000007,2023/7/9,45,3161152,20,2936080,25,225072
region,London,E12000007,2023/7/10,53,3161205,31,2936111,22,225094
region,London,E12000007,2023/7/11,66,3161271,41,2936152,25,225119
region,London,E12000007,2023/7/12,55,3161326,34,2936186,21,225140
region,London,E12000007,2023/7/13,47,3161373,24,2936210,23,225163
region,London,E12000007,2023/7/14,48,3161421,27,2936237,21,225184
region,London,E12000007,2023/7/15,49,3161470,23,2936260,26,225210
region,London,E12000007,2023/7/16,56,3161526,35,2936295,21,225231
region,London,E12000007,2023/7/17,64,3161590,32,2936327,32,225263
region,London,E12000007,2023/7/18,69,3161659,37,2936364,32,225295
region,London,E12000007,2023/7/19,71,3161730,40,2936404,31,225326
region,London,E12000007,2023/7/20,55,3161785,32,2936436,23,225349
region,London,E12000007,2023/7/21,60,3161845,38,2936474,22,225371
region,London,E12000007,2023/7/22,46,3161891,28,2936502,18,225389
region,London,E12000007,2023/7/23,49,3161940,29,2936531,20,225409
region,London,E12000007,2023/7/24,63,3162003,33,2936564,30,225439
region,London,E12000007,2023/7/25,77,3162080,42,2936606,35,225474
region,London,E12000007,2023/7/26,50,3162130,27,2936633,23,225497
region,London,E12000007,2023/7/27,79,3162209,48,2936681,31,225528
region,London,E12000007,2023/7/28,58,3162267,33,2936714,25,225553
region,London,E12000007,2023/7/29,73,3162340,42,2936756,31,225584
region,London,E12000007,2023/7/30,83,3162423,55,2936811,28,225612
region,London,E12000007,2023/7/31,88,3162511,48,2936859,40,225652
region,London,E12000007,2023/8/1,91,3162602,56,2936915,35,225687
region,London,E12000007,2023/8/2,81,3162683,47,2936962,34,225721
region,London,E12000007,2023/8/3,79,3162762,41,2937003,38,225759
region,London,E12000007,2023/8/4,97,3162859,65,2937068,32,225791
region,London,E12000007,2023/8/5,66,3162925,40,2937108,26,225817
region,London,E12000007,2023/8/6,106,3163031,58,2937166,48,225865
region,London,E12000007,2023/8/7,118,3163149,59,2937225,59,225924
region,London,E12000007,2023/8/8,112,3163261,59,2937284,53,225977
region,London,E12000007,2023/8/9,110,3163371,62,2937346,48,226025
region,London,E12000007,2023/8/10,115,3163486,70,2937416,45,226070
region,London,E12000007,2023/8/11,113,3163599,67,2937483,46,226116
region,London,E12000007,2023/8/12,105,3163704,61,2937544,44,226160
region,London,E12000007,2023/8/13,120,3163824,71,2937615,49,226209
region,London,E12000007,2023/8/14,148,3163972,84,2937699,64,226273
region,London,E12000007,2023/8/15,134,3164106,78,2937777,56,226329
region,London,E12000007,2023/8/16,127,3164233,74,2937851,53,226382
region,London,E12000007,2023/8/17,146,3164379,86,2937937,60,226442
region,London,E12000007,2023/8/18,118,3164497,76,2938013,42,226484
region,London,E12000007,2023/8/19,93,3164590,57,2938070,36,226520
region,London,E12000007,2023/8/20,120,3164710,64,2938134,56,226576
region,London,E12000007,2023/8/21,129,3164839,73,2938207,56,226632
region,London,E12000007,2023/8/22,143,3164982,83,2938290,60,226692
region,London,E12000007,2023/8/23,127,3165109,73,2938363,54,226746
region,London,E12000007,2023/8/24,157,3165266,82,2938445,75,226821
region,London,E12000007,2023/8/25,130,3165396,84,2938529,46,226867
region,London,E12000007,2023/8/26,114,3165510,63,2938592,51,226918
region,London,E12000007,2023/8/27,106,3165616,65,2938657,41,226959
region,London,E12000007,2023/8/28,136,3165752,82,2938739,54,227013
region,London,E12000007,2023/8/29,181,3165933,108,2938847,73,227086
region,London,E12000007,2023/8/30,193,3166126,102,2938949,91,227177
region,London,E12000007,2023/8/31,193,3166319,110,2939059,83,227260
region,London,E12000007,2023/9/1,171,3166490,107,2939166,64,227324
region,London,E12000007,2023/9/2,194,3166684,123,2939289,71,227395
region,London,E12000007,2023/9/3,198,3166882,105,2939394,93,227488
region,London,E12000007,2023/9/4,248,3167130,146,2939540,102,227590
region,London,E12000007,2023/9/5,244,3167374,136,2939676,108,227698
region,London,E12000007,2023/9/6,216,3167590,114,2939790,102,227800
region,London,E12000007,2023/9/7,188,3167778,90,2939880,98,227898
region,London,E12000007,2023/9/8,167,3167945,107,2939987,60,227958
region,London,E12000007,2023/9/9,152,3168097,103,2940090,49,228007
region,London,E12000007,2023/9/10,162,3168259,87,2940177,75,228082
region,London,E12000007,2023/9/11,212,3168471,118,2940295,94,228176
region,London,E12000007,2023/9/12,197,3168668,119,2940414,78,228254
region,London,E12000007,2023/9/13,202,3168870,111,2940525,91,228345
region,London,E12000007,2023/9/14,169,3169039,90,2940615,79,228424
region,London,E12000007,2023/9/15,148,3169187,100,2940715,48,228472
region,London,E12000007,2023/9/16,159,3169346,74,2940789,85,228557
region,London,E12000007,2023/9/17,191,3169537,110,2940899,81,228638
region,London,E12000007,2023/9/18,204,3169741,118,2941017,86,228724
region,London,E12000007,2023/9/19,201,3169942,101,2941118,100,228824
region,London,E12000007,2023/9/20,201,3170143,110,2941228,91,228915
region,London,E12000007,2023/9/21,192,3170335,114,2941342,78,228993
region,London,E12000007,2023/9/22,167,3170502,106,2941448,61,229054
region,London,E12000007,2023/9/23,138,3170640,77,2941525,61,229115
region,London,E12000007,2023/9/24,199,3170839,106,2941631,93,229208
region,London,E12000007,2023/9/25,268,3171107,160,2941791,108,229316
region,London,E12000007,2023/9/26,269,3171376,136,2941927,133,229449
region,London,E12000007,2023/9/27,252,3171628,145,2942072,107,229556
region,London,E12000007,2023/9/28,226,3171854,127,2942199,99,229655
region,London,E12000007,2023/9/29,183,3172037,106,2942305,77,229732
region,London,E12000007,2023/9/30,151,3172188,95,2942400,56,229788
region,London,E12000007,2023/10/1,210,3172398,114,2942514,96,229884
region,London,E12000007,2023/10/2,231,3172629,114,2942628,117,230001
region,London,E12000007,2023/10/3,242,3172871,129,2942757,113,230114
region,London,E12000007,2023/10/4,225,3173096,127,2942884,98,230212
region,London,E12000007,2023/10/5,184,3173280,92,2942976,92,230304
region,London,E12000007,2023/10/6,178,3173458,105,2943081,73,230377
region,London,E12000007,2023/10/7,145,3173603,81,2943162,64,230441
region,London,E12000007,2023/10/8,173,3173776,105,2943267,68,230509
region,London,E12000007,2023/10/9,226,3174002,131,2943398,95,230604
region,London,E12000007,2023/10/10,165,3174167,89,2943487,76,230680
region,London,E12000007,2023/10/11,222,3174389,119,2943606,103,230783
region,London,E12000007,2023/10/12,138,3174527,92,2943698,46,230829
region,London,E12000007,2023/10/13,144,3174671,87,2943785,57,230886
region,London,E12000007,2023/10/14,120,3174791,69,2943854,51,230937
region,London,E12000007,2023/10/15,129,3174920,70,2943924,59,230996
region,London,E12000007,2023/10/16,130,3175050,81,2944005,49,231045
region,London,E12000007,2023/10/17,147,3175197,89,2944094,58,231103
region,London,E12000007,2023/10/18,134,3175331,78,2944172,56,231159
region,London,E12000007,2023/10/19,129,3175460,72,2944244,57,231216
region,London,E12000007,2023/10/20,106,3175566,64,2944308,42,231258
region,London,E12000007,2023/10/21,94,3175660,51,2944359,43,231301
region,London,E12000007,2023/10/22,89,3175749,49,2944408,40,231341
region,London,E12000007,2023/10/23,71,3175820,42,2944450,29,231370
region,London,E12000007,2023/10/24,48,3175868,25,2944475,23,231393
