id,Alpha_increase,Delta,R0,i0_q,r0_q,start_week_delta,t_alpha_delta
9002,2.316315417499528,44.0,1.9468335419480685,0.001352023360648067,0.15089013252156727,1.0,5.0
9003,2.409711424129878,33.0,2.057584017501812,0.008031665609782575,0.3759509874191923,7.0,1.0
9004,2.392815646645942,49.0,1.6757513357310172,0.0032808223544603045,0.235443797107876,4.0,13.0
9005,2.2052845256887235,55.0,1.5105811814517334,0.009181703679253809,0.13437585561667834,6.0,0.0
9006,2.3989116069812555,39.0,1.3460700803280323,0.009342737478141874,0.2602560627703684,5.0,5.0
9007,2.2831401800879982,60.0,1.8320272463066583,0.00878925922115412,0.227556819094359,6.0,0.0
9008,2.2173708165687587,39.0,2.3772423607505493,0.0012011872078077851,0.27777534080162125,3.0,5.0
9009,2.2854099238864083,44.0,1.227966311428281,0.006501114600058119,0.16096409086273222,5.0,9.0
9010,2.233995595638095,42.0,1.8370778261030696,0.003143950324559498,0.32677087373682095,4.0,9.0
9011,1.9349493064195928,30.0,1.5926837416339628,0.004787599786321102,0.12518598551150617,6.0,13.0
9012,2.2204751673525225,46.0,1.4858646608358295,0.012272884389288988,0.12726840332268755,7.0,0.0
9013,2.1026942817182115,34.0,1.3979768191987372,0.008007369457301114,0.11077226023825057,7.0,3.0
9014,2.035311079342922,52.0,1.4391761722282004,0.00793085381242955,0.1797148354999263,4.0,0.0
9015,2.184654414205591,43.0,2.1883622654046238,0.005169990741247936,0.28809006060583525,3.0,0.0
9016,2.382443296996309,52.0,1.8011142704525351,0.008027480068215073,0.33761835831847414,4.0,8.0
9017,2.1990245383796574,44.0,2.0389430525779555,0.004148637517568958,0.38345380766444503,4.0,12.0
9018,2.3180024720757615,63.0,1.7878536178840663,0.005857984937620233,0.3131412683760539,4.0,0.0
9019,2.3971981604677755,41.0,1.8593529788107908,0.00203345140491306,0.1408520504730519,1.0,8.0
9020,2.255003551028815,44.0,1.8780145344970078,0.004559323443790591,0.28117774958486264,7.0,9.0
9021,2.1724467458381227,37.0,1.5317804637790156,0.008123336974753231,0.17723307995522553,7.0,7.0
9022,2.204135578759594,35.0,1.7510798750648375,0.0048277265284259316,0.18623577384213827,6.0,3.0
9023,2.2976258658441764,38.0,1.2872325727194132,0.006436949953106147,0.2631393218930652,5.0,0.0
9024,2.4317061824209687,57.0,2.097468286727304,0.0016396345654636005,0.17084757383024818,2.0,1.0
9025,2.1242385106266926,43.0,1.5088474208524658,0.0028543544509871824,0.15740858026610804,4.0,9.0
9026,2.4100742965368793,49.0,2.188489925302919,0.003693916739637513,0.1883495148605858,3.0,0.0
9027,2.1308429002958267,59.0,1.6247789840657967,0.007333723548432261,0.230979840580981,4.0,0.0
9028,2.2004058951452667,41.0,1.788199043587457,0.0031328641840612154,0.3125684844149821,4.0,1.0
9029,2.2523626790511337,35.0,1.7443703842573464,0.0015649913627476478,0.25327938648506965,4.0,18.0
9030,2.4630640456211483,44.0,1.8366601184163092,0.005837975827525284,0.15941059185640483,2.0,0.0
9031,2.2210279298914464,58.0,1.4658811085186987,0.009902059682659645,0.1117619885952324,6.0,4.0
9032,2.2798778050058797,37.0,1.8554306670962546,0.003809279014356632,0.2280823950336246,6.0,14.0
9033,1.9422666398830406,49.0,1.9368069402384662,0.006318004807350328,0.1471231854317538,3.0,10.0
9034,2.139784662244745,35.0,2.085401647963467,0.005368983245045752,0.2405027605771655,3.0,1.0
9035,2.30665099102923,51.0,1.6643743773220327,0.005197341347775273,0.24586173216295215,4.0,5.0
9036,2.2600168182179194,30.0,2.225192378639099,0.0009942662368934516,0.2549664754367107,2.0,9.0
9037,2.435825768504664,49.0,1.5910271467861927,0.0045520672196314145,0.21333941376908597,4.0,6.0
9038,2.0843608264736235,59.0,1.9248306358634966,0.001045580846715098,0.14167189974247368,0.0,20.0
9039,2.279994908718616,47.0,1.5372383499693918,0.004398636199947943,0.3270350270355896,5.0,10.0
9040,2.0105860325967075,30.0,1.947244021208194,0.0018635521089675978,0.10772241172110131,3.0,7.0
9041,2.249546171954756,49.0,1.7941583889977446,0.004305252882235185,0.14594032493096692,2.0,6.0
9042,2.01114453560617,35.0,1.4384212354397412,0.004296751793049287,0.17718107578751063,4.0,4.0
9043,2.256097166912242,42.0,1.929776810218054,0.0026278641019591266,0.14096356450293052,2.0,7.0
9044,2.458008263272819,62.0,1.9424311919539692,0.01709160487679662,0.35541809916679706,7.0,2.0
9045,2.263365111566649,38.0,1.9484765504989523,0.007092234743086906,0.3122677608723252,7.0,13.0
9046,2.085852285714179,44.0,2.009159873384704,0.0044081091038984405,0.1737110394665735,3.0,20.0
9047,2.416477978020576,57.0,1.7096817129214443,0.005879846965653899,0.28294944717283105,4.0,6.0
9048,2.414065422622571,54.0,1.5671830502357669,0.012347767946595761,0.15477957833898437,6.0,2.0
9049,2.4020587713601067,49.0,1.6313120644728853,0.006802828623528119,0.2435913281726203,4.0,1.0
9050,2.328870886905612,63.0,1.814720078169213,0.008039837823196082,0.11537372267433846,3.0,0.0
9051,1.9995966026310896,39.0,1.8523751665227044,0.004020423568544096,0.12510933630187238,3.0,18.0
9052,2.4946583859809106,36.0,2.0279581465571708,0.00451399789813793,0.16462872336203077,3.0,9.0
9053,2.287599190997396,50.0,1.7977704398905996,0.00666735180404648,0.23723557619861155,6.0,7.0
9054,2.4409084929079965,50.0,1.6338718596987023,0.008430157102114144,0.27281185048757056,4.0,7.0
9055,1.7128942082621146,44.0,1.8420464266159273,0.0018327709455054336,0.14167152764468358,2.0,0.0
9056,2.0247553161622442,54.0,1.848972411420375,0.006793434347641169,0.11197685259731872,3.0,2.0
9057,2.22875752481999,51.0,2.0682821037504864,0.003000110746848291,0.1724854017848615,3.0,3.0
9058,2.4332623446050055,43.0,1.4555911360447915,0.008424777994555238,0.2995508518512581,5.0,8.0
9059,2.329478598845283,39.0,1.5275721370137796,0.007049490153535976,0.21221259070630918,4.0,10.0
9060,2.313843714907534,54.0,2.1441286404771702,0.0015278393285991696,0.19965440891095987,2.0,8.0
9061,2.1141951145812587,43.0,2.217065103194821,0.0019487977214895965,0.24057040316952857,3.0,3.0
9062,1.855704830842732,56.0,2.046171723552742,0.0029571196832937343,0.20368555664294882,2.0,12.0
9063,1.9803545504022724,41.0,1.8737020504875588,0.0037013468136316593,0.12849751632510736,3.0,4.0
9064,2.1222952971683355,33.0,1.7695305596006896,0.007659838971069029,0.25687656084108096,7.0,8.0
9065,2.3872712223769685,56.0,2.2568187611811235,0.0015407771320524752,0.2998260002804611,1.0,2.0
9066,2.385922089121106,57.0,1.8514887876415003,0.005192947609761936,0.31272646264463816,4.0,4.0
9067,2.0277970534823178,36.0,1.5538745231202458,0.006346990957320022,0.14413715394536783,7.0,3.0
9068,2.1398899509138953,37.0,1.6002659877690772,0.002717143930001402,0.20130678203549715,4.0,7.0
9069,2.4352428080410147,45.0,1.4802178908485688,0.00889409638546442,0.3424823758245456,5.0,7.0
9070,2.3606388381786094,44.0,2.011165137425904,0.0033770329817268954,0.37350877656046777,4.0,6.0
9071,1.9876543732841,51.0,1.3859900819894269,0.006510261726246861,0.14027049875742154,4.0,9.0
9072,2.1594583367097075,38.0,1.2978268731331617,0.0045387287066052774,0.1087303602457947,4.0,0.0
9073,2.356040624818448,51.0,1.3641343951451763,0.0067675861556002895,0.12486683973375552,4.0,9.0
9074,1.930406454523157,45.0,1.358944271059692,0.006312694535992425,0.10227469662325422,4.0,13.0
9075,2.2341010976634905,57.0,2.037881482675958,0.004353029927510258,0.24553484987001362,2.0,2.0
9076,2.1502850131758433,33.0,1.317609592344458,0.005711630219246316,0.10914785559748652,4.0,0.0
9077,1.9763507810029248,33.0,1.801754006565969,0.003145389240231523,0.2101085228976707,6.0,9.0
9078,2.2639599828625467,40.0,2.156978214424871,0.0024812052879741933,0.31405335604305407,6.0,10.0
9079,2.2989948506562614,58.0,2.0374107187109702,0.005912660604141421,0.1520458611982566,3.0,5.0
9080,2.173948129369044,33.0,1.4770940342883512,0.005356807841684031,0.194381886302331,4.0,1.0
9081,2.442638776466764,37.0,1.905499141304394,0.0036720875743414772,0.19335679327983313,2.0,1.0
9082,2.3685978686511544,46.0,2.1121589730498522,0.0036690028019549514,0.2992489648649395,6.0,7.0
9083,2.13670140879175,55.0,1.555727457684986,0.008723859590222639,0.3449627977794091,5.0,1.0
9084,1.983146252127131,37.0,1.699041648034633,0.005531133508483889,0.22038994702602796,7.0,20.0
9085,2.1554180478986606,57.0,1.9436343574212096,0.0034725369409640194,0.18231748139464454,2.0,11.0
9086,2.413440186585163,44.0,1.3562466993260875,0.004898372782926742,0.25256191545692724,5.0,13.0
9087,2.152920219475051,39.0,2.013853501390026,0.001043745246848761,0.22132354968916046,1.0,12.0
9088,1.8477347167515104,62.0,1.809057358206024,0.004684945303331105,0.1264988222199375,2.0,4.0
9089,2.053497929342715,60.0,2.0313307424473708,0.0010231957003805753,0.19615105617065126,0.0,20.0
9090,2.334848437101486,42.0,2.1132807147876504,0.005641718022159939,0.3229463438848481,6.0,11.0
9091,2.221496513677601,47.0,2.0516487040046663,0.0020984002418989907,0.21389719391786807,2.0,0.0
9092,2.4186584716968533,60.0,2.000470867467975,0.006195707548429394,0.37305812940261746,4.0,4.0
9093,2.2743776820707944,35.0,2.0582032269653032,0.00497626376801098,0.30587443902681866,6.0,17.0
9094,2.3493009853471034,55.0,1.645992245896278,0.014481492697147082,0.2578796086636724,7.0,3.0
9095,2.3641490788571864,38.0,1.6603155523000372,0.0064144789512563605,0.2956274158684183,4.0,4.0
9096,2.394314120338177,46.0,1.175481159013816,0.006375709887910983,0.11475114777629974,5.0,16.0
9097,2.170034245659296,28.0,1.317851689245854,0.002979943768623784,0.2184641223446006,5.0,10.0
9098,2.1961998777274974,44.0,2.0891288445462486,0.0025479601127273207,0.30329478567626267,6.0,10.0
9099,2.146700735948175,36.0,1.363656946331236,0.002139337630874063,0.20933909315151072,5.0,31.0
9100,2.0133158083159026,40.0,1.5006218014838946,0.005153473988253369,0.20579987797084487,4.0,4.0
9101,2.054161291372326,63.0,2.0396019765221785,0.006082778664187848,0.1762642771037538,3.0,0.0
9102,2.050231787202171,39.0,1.5238696381415495,0.003959548491334664,0.19593143772082083,4.0,5.0
9103,2.017293017632104,44.0,1.7460142199321527,0.0042597649680861886,0.25763299404372164,7.0,2.0
9104,1.9690948029371664,60.0,1.8652090337291398,0.0012500709007324108,0.13679368805310171,0.0,8.0
9105,2.2352256683641496,51.0,2.0808346562525353,0.005784290719722207,0.3294405576609913,6.0,3.0
9106,2.2669646527855623,46.0,1.5423345495047907,0.00797476259155598,0.16326853724068796,6.0,0.0
9107,2.369358464637172,50.0,2.0148257057805044,0.005606640199781723,0.16123860095024756,3.0,15.0
9108,2.1952040751540713,35.0,1.6375205241247728,0.0028159118174370247,0.2437674346388934,4.0,3.0
9109,2.384359579467356,44.0,1.7058020164085634,0.010255519974949915,0.2305833786726014,6.0,4.0
9110,2.2809716044129256,46.0,1.7416817236023046,0.005140032194462962,0.12109962951239793,2.0,2.0
9111,2.283588683525013,49.0,1.8015062544866132,0.006253647156510892,0.35652468312602414,4.0,1.0
9112,1.9539652810894794,41.0,1.3906560531919798,0.002703650187826759,0.15268513753152732,4.0,7.0
9113,2.273032376197754,38.0,1.7964450794397162,0.0030023105863137755,0.3039484811821635,4.0,2.0
9114,2.132287134519923,44.0,1.3983817307312798,0.004796796286171108,0.2369572910051167,5.0,15.0
9115,2.4148698049628163,46.0,1.901525200521441,0.00841876965700465,0.33615059123197955,7.0,6.0
9116,2.3758236642776325,44.0,2.1390992288283783,0.0008218337894340128,0.2650173687300261,1.0,3.0
9117,2.121601061985073,53.0,1.5104826914420104,0.009108750542414754,0.1373020872730376,6.0,1.0
9118,2.4123537781342375,43.0,2.1192877736306723,0.0012129416456421824,0.20218544803875793,2.0,7.0
9119,2.290372637059114,54.0,2.060806159552325,0.0036777512228182915,0.15170191622958357,3.0,6.0
9120,2.3901896192362506,49.0,1.4010491818753938,0.007222478832718549,0.15811186899023427,4.0,4.0
9121,2.115546100658389,53.0,1.4245693496866805,0.005905039499632841,0.26251075675292884,5.0,5.0
9122,2.3159098192035423,51.0,1.8039615259546347,0.004213676866345181,0.34757304947594725,4.0,3.0
9123,2.3464139726614013,45.0,1.5672847471473705,0.006073384193134356,0.27483805161707237,4.0,1.0
9124,2.2197276331284144,39.0,1.6753208748481851,0.002187099554444299,0.24473043609380057,4.0,30.0
9125,2.345303166347305,60.0,2.0981676357158934,0.003813272228558692,0.21674234581525068,2.0,2.0
9126,2.2511735680530296,43.0,2.0109208647604717,0.0019399503395928627,0.1595646436868634,3.0,9.0
9127,2.390252336930397,54.0,2.27067022646748,0.002526760731885113,0.30327451195116084,2.0,4.0
9128,2.1740455145917132,38.0,1.655505065385114,0.0043092264520541365,0.12875475362384137,6.0,4.0
9129,2.2530868675299165,54.0,1.5286554756670656,0.007768516591113092,0.18808852008988658,4.0,0.0
9130,2.2767310091936954,44.0,1.573138250478546,0.0036278785058365794,0.3505448940540429,5.0,4.0
9131,2.088464487238713,38.0,1.5672785747219042,0.003134903609806685,0.21870477713341796,4.0,2.0
9132,2.452567149235536,53.0,2.1375204882501047,0.002104509620918533,0.22700565396726047,2.0,30.0
9133,2.1773506525552246,42.0,1.9599556025586253,0.0027920839061632507,0.2745735475412586,6.0,3.0
9134,2.2130301812139535,39.0,1.722207693636694,0.007996996063462613,0.21050341737313077,7.0,12.0
9135,2.0204948587791276,49.0,1.7901534319737777,0.0028755237978269994,0.12546519205562784,2.0,8.0
9136,2.4414753687504844,59.0,1.7620438590973708,0.008116942924164013,0.3159232196973374,4.0,11.0
9137,2.383933821574284,53.0,1.9203891941122726,0.00853240225735374,0.15501422094566433,3.0,0.0
9138,2.2246214632410717,59.0,2.0368139180811697,0.00742113230525087,0.3976886426399479,4.0,5.0
9139,2.243385021717581,49.0,1.9652468477345082,0.0035775417890420744,0.14488998076671936,3.0,25.0
9140,2.298588449309353,44.0,1.5882991546357075,0.004497621670143495,0.2576640442038955,4.0,2.0
9141,2.252663352874328,52.0,2.1737975017315203,0.003567082506246229,0.3100808679747978,2.0,1.0
9142,2.086985996926418,41.0,1.6420881701631602,0.0025368317569534043,0.25538675035733954,4.0,4.0
9143,2.2132240491382817,39.0,1.485148779765772,0.010279364008058818,0.17014425781039663,7.0,1.0
9144,2.071983694234942,45.0,1.4114063490664064,0.003229213389204897,0.2577890268187537,5.0,0.0
9145,2.0421617339763958,58.0,1.8802031502079681,0.0018308316704939956,0.14917494582737362,1.0,34.0
9146,1.985929221528078,43.0,1.8111072834723867,0.0034103314963955683,0.11182728710573474,2.0,2.0
9147,2.0876231044833564,56.0,1.9230026451337836,0.005555024399157803,0.1421728098342833,3.0,21.0
9148,2.0099619457380795,56.0,1.9827927821139708,0.004744059995611518,0.12869437795440672,3.0,4.0
9149,2.2988859649754,42.0,2.0608223033077646,0.0015047438901980821,0.20246785487775215,2.0,17.0
9150,2.1910455767046386,49.0,2.00414070020089,0.0071119132079874425,0.29845235452003593,6.0,2.0
9151,2.355647915258716,53.0,1.5354905018088887,0.0055559338816568256,0.31959312774102755,5.0,9.0
9152,2.3385283326631305,62.0,1.3940425689153357,0.012931712584689458,0.14454458319750504,4.0,5.0
9153,2.3175284657262862,40.0,2.012006150771342,0.002069093142082007,0.20736308498708944,2.0,12.0
9154,2.104447364974016,33.0,1.9538562713765677,0.0036421353753444143,0.14035647219229166,3.0,8.0
9155,2.2652662523371534,42.0,1.4673752734465215,0.011472561178251284,0.11737028368559785,6.0,4.0
9156,2.2234735016826885,36.0,1.7275935919192777,0.0037644687096210364,0.1705881903436637,6.0,29.0
9157,2.2862846610020635,44.0,1.8916037723966306,0.0060636506539508365,0.16704929052510956,3.0,7.0
9158,2.206946656616248,53.0,1.4657971537655474,0.006316339239167902,0.16441902860161142,4.0,0.0
9159,2.0837224011423254,41.0,1.5313676035246135,0.009776936392291182,0.10943270721567508,6.0,2.0
9160,2.032742373594053,39.0,1.8938330230994873,0.0026925315244290017,0.13924286113634027,2.0,3.0
9161,2.214829376797721,45.0,1.8289454708847994,0.002084638299594037,0.10918875191277423,2.0,19.0
9162,2.202776518310344,27.0,1.3920549143153995,0.0015152796902325634,0.21351471556550702,5.0,35.0
9163,2.402516666594415,53.0,2.0511877612352363,0.006241141847270201,0.3574170892142048,6.0,4.0
9164,2.1725053629582987,41.0,1.7111945521578882,0.006601389696965943,0.2340825749635776,6.0,3.0
9165,2.4546047910885735,57.0,2.1054818009230294,0.005836175029780136,0.24871249278501,2.0,0.0
9166,2.3636966064422795,38.0,1.707752181838792,0.0026443281202786885,0.2840063822151346,4.0,8.0
9167,2.262793937048081,61.0,1.9844839238460465,0.0021215071710902977,0.2094520013963625,0.0,0.0
9168,2.369908364049922,49.0,2.0411389070113874,0.0008740066829599853,0.20107481923187565,1.0,0.0
9169,2.2741455358386147,37.0,1.6871286446112355,0.0030225481330799497,0.38184311703603696,5.0,3.0
9170,2.335556760250497,37.0,1.856581219189421,0.004097119887573509,0.22100897811881445,6.0,6.0
9171,2.0891023159109667,48.0,1.522564951534923,0.007778602619493764,0.1479191436546352,6.0,1.0
9172,2.3015424048625017,41.0,1.6724213045278242,0.011528368612721974,0.22277434296226548,7.0,4.0
9173,2.4039770474198767,47.0,1.7704579627608203,0.003846718081584366,0.10137847736863602,2.0,2.0
9174,2.288584907605671,61.0,2.35486201156617,0.005818684327258843,0.27793767721999674,3.0,5.0
9175,1.9414131199543356,34.0,1.6768158468746661,0.006887169118063198,0.2180248413960469,7.0,7.0
9176,1.9472000221670687,36.0,1.588516208893908,0.0028474783563691977,0.23694146490417772,4.0,12.0
9177,2.270874751464673,39.0,1.562528024112389,0.007162613190293588,0.11874203211979016,6.0,6.0
9178,2.0546487633445665,32.0,2.0889248622691357,0.002695296041983706,0.308551344563924,6.0,7.0
9179,2.28208642084159,39.0,1.7499891240219905,0.005811231772965872,0.20288953674550292,6.0,1.0
9180,2.2604561149587026,38.0,1.5760514888967205,0.0037339446304967445,0.335352211461741,5.0,1.0
9181,1.9800127740468945,36.0,2.1669547281102837,0.00344128174479351,0.33829142761944736,6.0,1.0
9182,2.3903404432151785,50.0,1.8358942053314904,0.010515560644575905,0.30985119689517066,7.0,1.0
9183,2.4371099699212704,63.0,1.8335354385048088,0.002376223275142266,0.1720294642598053,1.0,5.0
9184,1.855473438379101,42.0,1.8320550730786385,0.0015277289727643405,0.12740490113494868,2.0,29.0
9185,2.3907832419613766,48.0,1.52315288556873,0.0035434102447045035,0.3339737008802494,5.0,8.0
9186,2.1233628797166655,46.0,1.658577981923648,0.005286642233417528,0.27125018781268473,4.0,5.0
9187,2.208805608813318,61.0,2.073869430913832,0.0032143107363644704,0.19673977385903188,2.0,3.0
9188,1.8905130448596557,43.0,1.9214579635173892,0.003396445969846029,0.19587573644094777,2.0,3.0
9189,2.4132550647476236,42.0,1.634969074476716,0.00909766214810158,0.18471008958075646,7.0,9.0
9190,2.1958397624665866,41.0,1.467644742508853,0.003489666190297452,0.15360018470154668,4.0,1.0
9191,2.3616769127309487,48.0,2.0642335069401043,0.006356331966209584,0.36584332637614553,6.0,4.0
9192,2.2762207287801544,41.0,2.1426006450357806,0.004548469706644303,0.3442057273330682,6.0,0.0
9193,1.9659418010647003,29.0,1.3080672288085229,0.004433333734764752,0.10819019306376135,4.0,0.0
9194,2.3358657989423985,53.0,1.8192289896338552,0.004220359354938652,0.1584557054758792,2.0,5.0
9195,2.0412171787474733,43.0,1.4156800003586314,0.004219442177382969,0.14845344927525908,4.0,1.0
9196,2.260567213339695,44.0,2.5953419561974567,0.002546900729114626,0.32424007950496075,3.0,3.0
9197,2.181576170345297,36.0,2.5090466645517826,0.0011483996383285576,0.30335371160950386,3.0,7.0
9198,2.2654864186825736,44.0,1.8350455327404935,0.008511601208472419,0.15395495659434533,3.0,0.0
9199,2.295661098579077,44.0,1.380857348390364,0.007838802293577262,0.1531703112774699,4.0,11.0
9200,2.348081334242672,41.0,1.9517282196517975,0.002650109225886514,0.3450007089810406,4.0,4.0
9201,2.2937944985078245,46.0,1.6575644646535685,0.002734995747733922,0.2634539550193337,4.0,7.0
9202,2.374557802545491,60.0,1.9065034937401333,0.003629930511037866,0.14688440310738463,2.0,10.0
9203,2.053572067460817,28.0,1.7341947123560986,0.003689032959293385,0.19207176546835625,7.0,25.0
9204,1.9728363887660822,44.0,1.8799400099205843,0.005424992222346326,0.13322811598062662,3.0,7.0
9205,2.2787377088573404,37.0,2.0301206827384597,0.005848895670793277,0.30018664458347116,6.0,3.0
9206,2.452077374694001,46.0,1.7513471071316205,0.00272118460256975,0.3725507980743821,5.0,6.0
9207,2.3332778427666043,31.0,1.68535012770956,0.0013720362633001758,0.35208531143307387,5.0,9.0
9208,2.2451681566100343,32.0,1.717629970430896,0.003596690242317556,0.19613220568334627,7.0,30.0
9209,2.1268239456403797,31.0,1.6394878946552378,0.004340601546420818,0.17822307952053687,7.0,20.0
9210,2.126950366323841,51.0,1.3783895630850644,0.004531568711655577,0.130058257370073,4.0,1.0
9211,2.0368992048324968,56.0,1.79479956666564,0.0028933116291768833,0.1450005636200215,1.0,3.0
9212,2.396630430936742,60.0,2.1415951865827867,0.0029345584638738377,0.263951334931245,2.0,8.0
9213,2.301727653965075,42.0,1.4426369996015143,0.006616171524460805,0.15586246870237364,4.0,0.0
9214,2.265742946472268,27.0,1.5926119514710444,0.002787028919081365,0.2322115594915638,4.0,7.0
9215,1.9257173449788938,55.0,1.8648192831788624,0.006261310101751833,0.12828656058651164,3.0,4.0
9216,1.9715882316897269,50.0,1.7785663669403926,0.005257058962736455,0.29474562946090377,4.0,4.0
9217,2.3475971048839837,43.0,1.4829806969079498,0.006267757651226897,0.19479949275746744,4.0,6.0
9218,2.069988366658252,39.0,1.538648568774045,0.001968889494152809,0.29840826313282853,5.0,8.0
9219,1.9025535611218856,58.0,2.0494872716894856,0.006048462763727189,0.17754695985054914,3.0,12.0
9220,2.2557106564413147,54.0,1.316874829678282,0.013330284184536044,0.2580997387392287,5.0,0.0
9221,2.2080518205493425,37.0,2.135637074663124,0.0007523340006649348,0.25205853760052266,1.0,3.0
9222,2.270079604621096,51.0,2.1278530192319263,0.006197679826283104,0.18245460218017334,3.0,1.0
9223,2.189723535646199,46.0,2.1814626073012198,0.003852208551329899,0.23624695400144716,3.0,16.0
9224,2.0033786724516887,59.0,2.158255117265641,0.0037831766320139595,0.24429324439090636,3.0,2.0
9225,2.405811506572353,57.0,1.4838441226992078,0.009102493517338398,0.1776315062157561,4.0,3.0
9226,2.346471788732386,46.0,1.8004115982397313,0.011825421795658427,0.2893706683108463,6.0,2.0
9227,1.8494868651204384,33.0,2.039084879197714,0.001425745871032219,0.16185555228530743,3.0,5.0
9228,2.3689303700843722,49.0,2.1396754316988744,0.002126462735470282,0.2026803507223283,3.0,10.0
9229,2.276563089434133,37.0,1.8417796281139338,0.005484566131772367,0.24964079428111927,7.0,8.0
9230,2.1792684812983816,56.0,2.3557160877381014,0.003757532326220933,0.2526783671388114,3.0,1.0
9231,2.024225131348223,32.0,1.9784598323601996,0.003978144079774416,0.3060087223608455,7.0,6.0
9232,2.3511905386138534,50.0,1.8778515810460499,0.009578289452013292,0.32151844168340366,7.0,8.0
9233,2.158915065542191,54.0,1.5955537473350923,0.006158074944384143,0.28821196848662173,4.0,1.0
9234,2.4358690023292855,49.0,2.4714198758624653,0.003882348492578116,0.2889187505245954,3.0,4.0
9235,2.407702719633035,44.0,1.6352914590421783,0.006829091226236158,0.14810885263632867,6.0,9.0
9236,2.1842025548898993,48.0,2.077252511256317,0.003598101133578128,0.1767636955139508,3.0,11.0
9237,2.215691504420732,43.0,1.5650341003989972,0.0024442157714863137,0.31881329076997045,5.0,10.0
9238,1.9562421723684014,46.0,1.6102641128351305,0.00615097358108716,0.13095164821527489,6.0,12.0
9239,1.9995586557872476,56.0,1.3355731158941115,0.009270832399068042,0.2634466822335598,5.0,0.0
9240,1.9539679625326787,26.0,1.5251431796180328,0.0032986630189807704,0.1128229631016915,6.0,1.0
9241,2.104518271442981,48.0,2.231778955335825,0.0017245336653031198,0.2590734723248014,3.0,3.0
9242,2.228233587969002,42.0,1.3298814101211194,0.006340571580891125,0.22315888820696447,5.0,1.0
9243,2.162588626772603,38.0,1.605820777614669,0.002172566798266995,0.23197824716414497,4.0,5.0
9244,2.193896721773693,63.0,2.365228619626279,0.0036133639915403833,0.25169672455010955,3.0,0.0
9245,2.39499031425864,51.0,2.1153610417432813,0.0019717172571340224,0.23578991529370374,1.0,1.0
9246,2.3206097663566823,39.0,1.618475364707,0.0048495847136466345,0.35616173354545505,5.0,1.0
9247,2.1542642819530533,27.0,2.017676121988575,0.0013654981240503845,0.24042511406856695,6.0,38.0
9248,2.261313855611633,54.0,1.6180441782470312,0.006564309634567452,0.2583599180449732,4.0,7.0
9249,2.313633211298494,49.0,2.280794365558674,0.0028429648158122683,0.22455087172575725,3.0,11.0
9250,2.2813755219034166,60.0,2.36769201348508,0.0015129026137225537,0.2804788697040637,1.0,6.0
9251,2.0559636318191097,44.0,1.5063742513583316,0.005955224272763057,0.11080879844584528,6.0,9.0
9252,2.0271017414803874,45.0,1.7124922534950977,0.003076484728424399,0.3180088842918419,4.0,0.0
9253,2.3596817914436126,58.0,2.3554421195940205,0.0027739071272998663,0.30023600676797313,2.0,0.0
9254,2.2740836321612234,45.0,2.0451716902342545,0.0009677330623548322,0.23221233020864515,0.0,0.0
9255,2.1648453473959264,45.0,1.865494645304061,0.005624413628642754,0.37197381804632346,4.0,0.0
9256,2.2430293066853966,52.0,1.5597929333513751,0.006091634457837133,0.3295815717500193,5.0,2.0
9257,2.332694950402537,45.0,2.357099211416835,0.0007003298970338944,0.27826151077424793,2.0,6.0
9258,2.1006148893699317,32.0,1.559132475015754,0.0035351686337917352,0.19858465656314583,4.0,5.0
9259,2.427633749452929,49.0,1.6246474779317197,0.004533993640340745,0.3289778987538762,5.0,15.0
9260,2.2322885956659317,42.0,2.074374003728405,0.0013465943696126088,0.20238413654814932,2.0,2.0
9261,2.210525068581027,46.0,1.455449789675247,0.0033895648879903872,0.15574368505368058,4.0,7.0
9262,2.408478722414609,56.0,2.1179705888353553,0.0067169586030344655,0.2243763055759662,3.0,8.0
9263,2.269825123125666,45.0,1.9220784572991731,0.005588261977755984,0.29914542330565824,6.0,8.0
9264,1.8898477548408705,60.0,1.8867438199849356,0.003854089869273554,0.1687339601294026,2.0,11.0
9265,2.3533345370991943,50.0,1.8192651072284958,0.004298418150219556,0.30850742990390123,4.0,28.0
9266,1.9741044819431954,45.0,2.083820040562209,0.0017551190022872842,0.16567800422895446,3.0,2.0
9267,2.3497367636534987,39.0,1.6875243575107906,0.009352762919874543,0.1942572634241186,7.0,5.0
9268,2.142177963034403,44.0,1.7511611518112093,0.003923444296302882,0.32481313182951294,4.0,7.0
9269,2.186818592768328,40.0,1.8932188223824296,0.004313616111520865,0.3693487844234826,4.0,0.0
9270,2.0187666000330733,46.0,1.9619992460056839,0.007367158035068299,0.17074428830211927,3.0,0.0
9271,2.391078124992752,39.0,2.1928955767953346,0.0025371453376779127,0.33801633633601463,6.0,10.0
9272,2.364405373670509,53.0,2.5463614870704085,0.0017616892665606632,0.32716138852146853,2.0,12.0
9273,2.4025650818887607,38.0,1.7553889686518742,0.0030844273641408818,0.30096165510290784,4.0,2.0
9274,2.2061572678541506,49.0,1.8435716406361047,0.0072554767683855916,0.23164962829406688,6.0,13.0
9275,2.4120484462157084,60.0,1.7588625558536763,0.008118264526840351,0.11777154896465127,2.0,0.0
9276,2.1458294060499226,39.0,1.7332987729598393,0.005715225809043901,0.3316109067450244,4.0,2.0
9277,2.060832268712,40.0,1.194845024634073,0.0038957880939447906,0.17096718490171228,5.0,5.0
9278,2.212733520881184,50.0,1.6126324707771638,0.007734373485150793,0.15865706439133997,7.0,6.0
9279,2.3088468974569323,49.0,2.1140278016298253,0.0018696551128641497,0.21337545581180753,2.0,25.0
9280,2.175045029326968,48.0,1.7777982653924704,0.009630480260737921,0.22944262372586696,6.0,2.0
9281,2.3499024976830785,44.0,2.065393137849557,0.0013108675689867556,0.16430759868832193,2.0,4.0
9282,2.2820309977199673,46.0,2.068138054491279,0.002686587369409621,0.21362260315012072,2.0,13.0
9283,2.1837834619595835,41.0,1.6438701486268141,0.0038539740749800105,0.14328341051049032,6.0,4.0
9284,2.339594279983282,44.0,2.5414072823402205,0.0006922017250646571,0.31954824396788606,2.0,11.0
9285,2.275481002632402,39.0,1.609683072389034,0.003788317435250304,0.3278843019016081,5.0,11.0
9286,2.1706256667472794,42.0,1.8031709280974892,0.003346903779815293,0.31925520413692043,4.0,6.0
9287,2.39501599924358,37.0,2.1431168489757617,0.005662277451472356,0.34372627902592723,7.0,19.0
9288,2.427136757809418,46.0,2.1684660207823585,0.002121256884435168,0.2326578185661968,2.0,23.0
9289,2.495668629727917,36.0,1.9445659404296713,0.003111155393879913,0.3738272231349745,4.0,2.0
9290,2.0579834934070984,41.0,1.5482209187208391,0.006893906282126963,0.2514318139439745,4.0,6.0
9291,1.829466991182451,38.0,2.1662874572173747,0.0011607800486755086,0.22715282178347806,3.0,3.0
9292,2.2637303215387443,51.0,2.2269430542229056,0.005397003318367098,0.24753930822669068,3.0,2.0
9293,2.326972814882248,46.0,2.502088302606095,0.004875993459457608,0.3002002624689621,3.0,0.0
9294,2.3639231055780243,44.0,1.416288530753233,0.0068830200189227315,0.15412637767807463,4.0,16.0
9295,2.212936343282463,47.0,1.8010186230479506,0.0045644723649939664,0.23052698250238887,6.0,6.0
9296,2.3554005851958806,40.0,1.7887411175951364,0.004686812730146168,0.3408304084643724,4.0,9.0
9297,1.896180734267178,44.0,1.9973234183561746,0.002837670497546895,0.14667946277049268,3.0,16.0
9298,2.423008163014338,58.0,1.9214148314101596,0.004532257311858916,0.10909788548952642,3.0,3.0
9299,2.0776952261185113,54.0,1.7215227479090882,0.00671175485343623,0.22028222246961796,6.0,0.0
9300,1.9724546604050444,40.0,1.802818490410128,0.0017847147709173674,0.1046926054579298,2.0,35.0
9301,2.141680274140032,49.0,2.0386294879502342,0.004790634729121359,0.22871973700532758,3.0,1.0
9302,2.278120794750025,57.0,2.144289625944669,0.004125531989504754,0.19311721451544378,3.0,23.0
9303,2.1621914098903505,45.0,1.2736336318242332,0.008153078588242529,0.13578960677942112,4.0,0.0
9304,2.355545216854267,33.0,2.1577722463063673,0.0022525985111930347,0.2434019915463856,2.0,2.0
9305,2.234166024501086,37.0,1.7769156891812146,0.00211491430514372,0.3890409950445,5.0,4.0
9306,2.2650391038994675,43.0,2.0361060458256235,0.0022894714643841192,0.18150376852210692,3.0,6.0
9307,2.300463064992407,40.0,2.2292242696021747,0.004437695189363414,0.37130045764947367,7.0,5.0
9308,1.9892148711659463,53.0,1.5898927227708435,0.008016414816979272,0.13968672548381472,6.0,0.0
9309,2.2365222370163065,45.0,1.6308881197947154,0.007324350204435481,0.21721377769676384,7.0,6.0
9310,2.2001954894555493,53.0,1.4973149917203226,0.004704725404185834,0.18359555040789957,4.0,6.0
9311,2.052934337468724,41.0,1.8358125873790456,0.0051214065170228276,0.23434816931368382,6.0,30.0
9312,2.3304814749124145,44.0,2.019486387706113,0.008876564488819402,0.3252823909288508,7.0,7.0
9313,2.413624607537076,44.0,1.8680086216943073,0.005999413994865264,0.14578282172178597,3.0,7.0
9314,2.2580897081469447,49.0,2.281305158280211,0.004585739089738749,0.3801768072364239,6.0,1.0
9315,2.0916945340754065,47.0,2.0476832589246077,0.004032265344172472,0.16906423953862182,3.0,5.0
9316,2.1036961989089753,50.0,1.5523044704727604,0.005774123446031136,0.16000514620286685,6.0,3.0
9317,2.187240751215625,49.0,2.4441665993537867,0.0042158209309726205,0.30729607265841113,3.0,0.0
9318,2.057591555247795,41.0,2.1615528811123643,0.0014075895290370781,0.22883012377675072,3.0,3.0
9319,2.048724801945997,38.0,1.592130684159385,0.005681052121165644,0.14334659140079772,6.0,26.0
9320,2.1993277814227326,36.0,1.9160195177915733,0.003009171360649477,0.37177434135877935,4.0,4.0
9321,2.053695053374413,39.0,1.5225762461238674,0.006533792985489397,0.12699633571926167,6.0,4.0
9322,2.0632081327043106,61.0,2.227626156111075,0.0047532320936031006,0.2764166433605223,2.0,0.0
9323,1.8680206447523457,37.0,1.7017957693658192,0.005669242412094199,0.18460972423165128,6.0,0.0
9324,2.2761036944216526,33.0,1.8069657613956402,0.003075360331959766,0.31925376686214574,4.0,10.0
9325,2.3475600246444763,53.0,1.6620371190465113,0.0064442003750509215,0.14568014088935669,6.0,4.0
9326,2.3171705973267307,63.0,2.095341438313786,0.0028132484571342896,0.2600999286682541,2.0,4.0
9327,2.0980470297782237,49.0,2.152619497862849,0.006201976923489112,0.2164940085667152,3.0,3.0
9328,2.1937699654789364,48.0,1.3815910477703117,0.005541169141635235,0.16696033253176717,4.0,2.0
9329,2.0883431913349813,30.0,1.9467075448081235,0.0012958185586174821,0.17553937809987963,2.0,18.0
9330,2.206651493652088,44.0,1.93532482243791,0.0024657739008555985,0.10949078185252144,3.0,0.0
9331,2.21960978410028,49.0,1.9863292937403885,0.0014616097370119974,0.20561666650167018,0.0,1.0
9332,2.0745832890571694,33.0,1.9531654053746117,0.0045408330363901055,0.30718699737464705,7.0,9.0
9333,2.174501565787975,47.0,2.0561275024597117,0.00628965378927114,0.2240045345635705,3.0,0.0
9334,2.3076519354868696,61.0,2.011047555712028,0.005057678962267956,0.23488793814663433,2.0,3.0
9335,2.332938398302562,49.0,1.5187738408204718,0.004009752747836819,0.3206946100055959,5.0,3.0
9336,2.3124633511911696,51.0,1.5468492093776538,0.00426811057927424,0.3492333445100572,5.0,2.0
9337,2.4822084287977186,40.0,1.9543071840591182,0.002707754182182857,0.12496058439409363,3.0,8.0
9338,2.450699322298059,62.0,1.9280740811689208,0.004362543958528636,0.20169980624690087,1.0,1.0
9339,2.3647594511837324,44.0,1.7468020903580785,0.003992070685857741,0.13104488947080203,2.0,1.0
9340,1.7996636452856545,30.0,1.615459388068075,0.003579044701313824,0.12842479010831004,6.0,39.0
9341,2.097306175217555,28.0,1.5172929552723613,0.0032372538827531417,0.22853251297596142,4.0,0.0
9342,2.1891919177387082,41.0,1.8345234852004175,0.001353862517221951,0.13849461079184305,1.0,1.0
9343,2.2000330547803193,49.0,1.5853475596608289,0.006612287389353812,0.27514141050055246,4.0,6.0
9344,2.486814834846198,59.0,1.9742425064094717,0.007439320692589223,0.18117182313538027,3.0,0.0
9345,2.170141538987745,45.0,1.770441124893777,0.004712628877356068,0.21658408932486983,7.0,7.0
9346,2.3547887251697914,38.0,1.5306514052161235,0.00557086626524288,0.10958006271940088,6.0,7.0
9347,2.3049474489980795,40.0,1.767100680397952,0.003870844108771913,0.12565956568819225,2.0,0.0
9348,2.192570144324504,39.0,1.7332703377533687,0.007726056113955048,0.21855997174553501,7.0,0.0
9349,2.119754028246072,41.0,1.8254937538747416,0.007443269351050859,0.2735007975789056,7.0,5.0
9350,2.468905234030092,41.0,1.9451850872051109,0.005601889779710767,0.2868250503078575,6.0,5.0
9351,2.4782530798796536,41.0,1.9867630278264834,0.001992239872232812,0.33665867294131646,4.0,7.0
9352,2.286306218046725,45.0,1.9776117635965502,0.005256660556900317,0.3137943466100859,6.0,0.0
9353,2.371691720484278,37.0,1.2830813558071408,0.0037072790467737402,0.19239328549450566,5.0,24.0
9354,2.3067201364559864,45.0,1.7100582541485556,0.005475559127762052,0.21213995238351496,7.0,8.0
9355,2.2145982310379697,44.0,1.8130777509005735,0.005067643745006821,0.1367270526466932,3.0,2.0
9356,2.016364419780265,30.0,1.3060767921116172,0.0054187877367808225,0.11925763047365781,4.0,7.0
9357,2.28315566010524,39.0,1.9097411397119555,0.002467068397494566,0.1552492495076645,2.0,6.0
9358,2.2260812977450293,38.0,1.5392906805187554,0.007690788757949654,0.16533696716025517,6.0,3.0
9359,1.9968954741965532,41.0,1.7120008270096794,0.0041544652294892796,0.19614818004163032,6.0,6.0
9360,2.123532414515604,52.0,2.0173776495252653,0.00533370185128551,0.37685433183249706,4.0,1.0
9361,2.3429015951870973,59.0,1.759473590362424,0.005226088984185376,0.31741953290272207,4.0,1.0
9362,2.2448360399210565,46.0,1.6450890931396596,0.0061056099514110885,0.26050310966988094,4.0,15.0
9363,2.2516826506909795,40.0,1.722376026960093,0.0029450922303285052,0.27339417291043805,4.0,8.0
9364,2.288291394790918,55.0,1.6087147301927816,0.011784716938307929,0.19274614282767585,7.0,0.0
9365,2.251188891031842,43.0,1.7096272647944397,0.0023368386327110675,0.24975356301822693,4.0,15.0
9366,1.9426601616551766,61.0,2.229747295985119,0.005275510216614595,0.2411724889404463,3.0,20.0
9367,2.405212647021285,44.0,1.4333640247484474,0.010596198415778387,0.11347042567775406,7.0,7.0
9368,2.1747759438500136,45.0,1.9683788308807757,0.0032287985659803058,0.14573127991885423,3.0,25.0
9369,2.2795795690324385,42.0,2.0912505263384076,0.005329351159500522,0.1889476359690769,3.0,0.0
9370,1.7718434246099044,29.0,1.4120823078270344,0.003777255702667534,0.18446161953917878,4.0,7.0
9371,2.2031974438614434,37.0,1.4859267545566692,0.0048945681962508075,0.23251293569052953,4.0,0.0
9372,2.4821576339797446,41.0,2.005523209396998,0.005802749272699886,0.2860454091046677,7.0,17.0
9373,1.9964039572696006,52.0,1.5974418231955423,0.005582348266199189,0.23042338784642857,4.0,35.0
9374,2.3030871940221442,40.0,1.7448639253432279,0.0013616136904765494,0.24274401653957428,4.0,13.0
9375,2.2058046837427443,43.0,1.8269545818847654,0.004499960786843907,0.25230418190883913,6.0,3.0
9376,2.3601617610743575,44.0,1.2842094078972377,0.010036301535523429,0.22254575274477634,5.0,6.0
9377,2.4301489592115364,43.0,1.8414627264795593,0.0056707158992284614,0.33001196980892145,4.0,12.0
9378,1.951134486238035,33.0,2.0034212261411284,0.004376662068841287,0.30437765393280863,6.0,2.0
9379,1.9872797287253152,39.0,1.8213648186116735,0.003923204032951619,0.24079533801806027,6.0,9.0
9380,2.2715845581778287,56.0,1.6377013739241466,0.004636732708601951,0.28462963134550867,4.0,0.0
9381,2.4418664345674297,56.0,2.2673257969811256,0.004694935824204052,0.37605011399505794,6.0,6.0
9382,2.321811978160806,39.0,1.6256607677759913,0.004806631609684299,0.34619824126356646,5.0,13.0
9383,1.8017367412748642,45.0,2.053134228319375,0.001376667194887217,0.21343982462332303,1.0,1.0
9384,2.122377537920307,53.0,2.4141456977869478,0.004049784394375438,0.2665416590074119,3.0,19.0
9385,2.29940712440939,57.0,1.461741884403263,0.008990625060390285,0.1785958443803467,4.0,5.0
9386,2.250455192978894,52.0,1.7338399505332964,0.001596823092729615,0.125849803984421,1.0,3.0
9387,2.3196015719341627,48.0,1.6594167914146458,0.010659043552443792,0.2101342835369378,6.0,1.0
9388,2.302798850893132,63.0,2.1439160608397883,0.0038579352434405887,0.2581296520263214,3.0,0.0
9389,2.38480687683358,45.0,1.5247022308268854,0.004739825029826677,0.3109231862660747,5.0,0.0
9390,2.229158135576925,37.0,2.0057447406062088,0.0028057838161477306,0.2239764450141042,2.0,6.0
9391,2.3549753533042623,46.0,1.909782371874408,0.00493121210351204,0.331767384241279,4.0,2.0
9392,2.4364460658928486,35.0,2.2887580931722007,0.003449151499801706,0.3515941340455667,6.0,6.0
9393,2.2764157188064886,43.0,1.3830436533880215,0.007338892541658423,0.16963993962030252,4.0,8.0
9394,2.3601034829353895,53.0,2.2042655259224686,0.003452533467408628,0.24108453656022152,3.0,0.0
9395,2.1474638544614333,45.0,1.5243787720019468,0.006152450341910142,0.20256892827787282,4.0,4.0
9396,2.2717533179792007,51.0,2.1692034197179924,0.0021985658060039645,0.2730920042048219,1.0,3.0
9397,2.2281036129147034,47.0,1.8472938553604012,0.006145406018018683,0.15612033045604573,3.0,3.0
9398,2.403072257649381,52.0,2.1528556779392853,0.01014505970571713,0.3767989240532839,6.0,2.0
9399,2.491296629484991,48.0,1.328620505311124,0.006304723393476927,0.2258158929274169,5.0,20.0
9400,2.343566763670545,51.0,2.104398891223201,0.007879056806941469,0.22253351118419093,3.0,6.0
9401,2.201282108017743,61.0,2.044425981025343,0.004302083684660864,0.18218315056560852,3.0,2.0
9402,1.8394265655764248,45.0,1.807229232401056,0.002880843268325707,0.12641463086937685,2.0,17.0
9403,2.2640156356161323,42.0,1.6252365857909123,0.009909353863110485,0.19557300414689538,6.0,6.0
9404,2.410520877078787,59.0,2.371506924282778,0.001568747596960021,0.286001289503362,1.0,4.0
9405,2.410626124845406,53.0,1.8300584970463136,0.005067996543798766,0.3402508274879435,4.0,3.0
9406,2.31658630081347,41.0,1.6935308372518738,0.009052485979150158,0.20713675915241947,6.0,0.0
9407,2.2966792901517534,46.0,1.685204753883367,0.006542820215688782,0.23090163169273692,6.0,4.0
9408,2.258764124582804,45.0,1.516136160507621,0.008360412999164074,0.13827090017002636,6.0,9.0
9409,2.327700414966453,44.0,2.274331000450604,0.0013941860496674975,0.29294298166049426,1.0,5.0
9410,2.139778423757066,40.0,2.1727660041250423,0.0031569424540743743,0.2656672722642837,2.0,3.0
9411,2.336003384243271,45.0,1.935866354418132,0.007419565480579018,0.2716199747356335,6.0,4.0
9412,2.2586699642338925,44.0,1.686633813314405,0.003968151366653654,0.1422556206883381,6.0,11.0
9413,2.2527610182305575,38.0,1.9119507026585854,0.0024889763726527775,0.32342980952874373,4.0,3.0
9414,2.195548864990796,48.0,1.8691696489630707,0.001964065966412579,0.15798658658497858,2.0,9.0
9415,2.447947524069844,45.0,1.407168370882797,0.0027028117802314574,0.22195791683047214,5.0,15.0
9416,2.2363941722408,61.0,1.5076904709035297,0.012171106047978983,0.2239591984242334,4.0,5.0
9417,2.374154106341205,55.0,2.0657583387276213,0.003364415574373725,0.14001825475220078,3.0,4.0
9418,2.362053440403427,43.0,2.0699743764547405,0.0022533024519150683,0.17301207742843114,3.0,4.0
9419,2.1897855358802834,39.0,1.9058045419359395,0.006561834693093244,0.292090815112557,6.0,8.0
9420,2.3061242894731246,45.0,1.6093678574099726,0.007314041813826467,0.13063134075956256,6.0,1.0
9421,2.33710950679273,54.0,1.2750867774197734,0.00862315318801138,0.23182456322025424,5.0,1.0
9422,1.8451178028953465,43.0,1.9575134585470262,0.0028405750045406774,0.15609176058022423,3.0,9.0
9423,2.448767402939013,50.0,2.0673148033559503,0.004310189098586589,0.3690984780600585,4.0,1.0
9424,2.4165972242683016,39.0,1.8428005496340385,0.0007338659919353493,0.11116201214296288,0.0,4.0
9425,2.4131408607552705,40.0,1.8339073559577879,0.006315789509072541,0.2245137324641359,6.0,9.0
9426,2.316642441567228,60.0,2.4446076401788974,0.0042061928781277555,0.28455771007823893,3.0,20.0
9427,1.9756645103340016,28.0,1.4567931800615654,0.005217903792467385,0.11406515640554156,7.0,6.0
9428,2.3251312983137336,50.0,1.8096080242036132,0.007379648534354058,0.3389255038383125,4.0,9.0
9429,1.771394522233613,28.0,2.0313796478059256,0.0011281843668709637,0.2647731911524607,6.0,1.0
9430,2.0465953195730022,27.0,1.7358461579718896,0.0024545681755101575,0.2987556130664169,4.0,3.0
9431,1.7859056071044044,44.0,1.4735134872754387,0.0031114541002321135,0.16098956469541678,4.0,8.0
9432,1.9690684728126784,63.0,1.910038342457403,0.007528357655494531,0.12225360790028744,3.0,8.0
9433,1.9870515404289988,49.0,1.437402013305327,0.007115874099615641,0.1727595264554201,4.0,21.0
9434,2.351574945341123,53.0,2.0843540142411356,0.004580901951477076,0.27403517422344453,2.0,2.0
9435,2.183343341784787,46.0,1.8187107567492156,0.004480595206872495,0.20961629132929527,6.0,5.0
9436,2.240015412645336,48.0,2.096810403499812,0.004678647469635821,0.32008746127867177,6.0,10.0
9437,2.124515916480667,49.0,2.1516933026144853,0.0026326709829465255,0.232832075075841,2.0,4.0
9438,2.407967412172357,37.0,1.4455769792278843,0.0079776036000413,0.3206047192515109,5.0,1.0
9439,1.862298465707399,52.0,1.9592801556603106,0.00134182406664266,0.18497547398347786,0.0,0.0
9440,2.1269090442642957,44.0,1.639730648726889,0.0059748920986784845,0.17771529615366086,6.0,2.0
9441,2.2504760966107815,50.0,2.353351154157742,0.003013863462194813,0.2539647222924279,3.0,33.0
9442,2.252963732646253,44.0,1.6295927601155067,0.004871913268002778,0.28281201784155474,4.0,5.0
9443,2.29638756015801,49.0,1.4460873652498987,0.00958585176814846,0.18041769457149612,4.0,0.0
9444,1.9598122897987786,27.0,1.9049351445276417,0.003053624106608122,0.26363762303143196,6.0,3.0
9445,2.2440602368573854,50.0,1.5819769957526677,0.003592467650193616,0.2334743052838718,4.0,9.0
9446,2.3017874216662753,53.0,1.8117017029335407,0.008441421453363372,0.34982045222401065,4.0,0.0
9447,1.9743074966612082,40.0,1.7063569605166042,0.005635581791876182,0.20722277602490305,7.0,6.0
9448,1.9064888001295983,44.0,1.3374974622649263,0.006425783424599239,0.13021294641198927,4.0,6.0
9449,2.3335445131787043,45.0,1.7937244929113256,0.0043484707813128175,0.15641705146663293,2.0,6.0
9450,2.4110187757545885,44.0,1.7704303167157953,0.008541998864193974,0.31745929612175555,4.0,2.0
9451,2.1526666397759064,36.0,1.8063546190792092,0.004710703227547668,0.21788726913499512,7.0,3.0
9452,2.01896462700898,43.0,1.5323729593326054,0.007920681464425362,0.13042346302668037,6.0,0.0
9453,2.141738176294352,41.0,2.408536322229987,0.0018671743005426334,0.31324661991186503,3.0,4.0
9454,2.4383775616542542,46.0,2.2746688193916325,0.0021573247555649326,0.22996180529272095,3.0,18.0
9455,2.204006506390571,44.0,1.9141411431865494,0.006348241871602722,0.3094647071480216,7.0,0.0
9456,2.1749353986868254,43.0,2.666242828769444,0.002091615208025311,0.3351676239479736,3.0,20.0
9457,2.347170460219357,44.0,2.334462993500003,0.0021852273741257825,0.2800289912377667,2.0,1.0
9458,2.2172159578132464,58.0,2.0081451897173426,0.0024435691884267113,0.15664944639523398,2.0,5.0
9459,2.1724471501990177,36.0,1.7485990564446388,0.0027512367511154908,0.3037436846704443,4.0,3.0
9460,2.271141387428675,40.0,1.8210374476306042,0.0041636786284713,0.13581587853556154,3.0,1.0
9461,2.2074524303792096,42.0,1.8568385887897951,0.010264604401324004,0.29861563696380533,7.0,1.0
9462,2.066773966662184,38.0,1.8420657101526146,0.0034679756411329574,0.19417046984638658,2.0,0.0
9463,2.139069403320903,39.0,2.07438952548394,0.0033484044976164356,0.33353758975072134,6.0,3.0
9464,2.3334037101783864,44.0,2.009793559642069,0.006974089081906109,0.324465883572226,7.0,9.0
9465,2.2691022190767334,47.0,1.9656759017908954,0.004338714906528743,0.18624045679754198,3.0,6.0
9466,2.0859546796701554,47.0,1.4745532661568423,0.007139059935931136,0.1966096994903792,4.0,3.0
9467,1.8600066330955356,46.0,1.5653449011075367,0.006086374552822134,0.11753131058907162,6.0,12.0
9468,2.244844785732298,44.0,1.6536222421398847,0.006455550702339943,0.27415992050108967,4.0,2.0
9469,2.2738422838618795,44.0,2.2751572309015318,0.0038363098335718183,0.2841104739585453,3.0,8.0
9470,2.0660260080702866,43.0,1.750336939609317,0.004992496757713274,0.21369773123090752,6.0,0.0
9471,2.3917446102628985,54.0,1.460284778895512,0.007606397216316551,0.20987703431021,4.0,3.0
9472,2.0679661382635315,52.0,1.9794497710665797,0.001497289398129991,0.2183410817238806,1.0,4.0
9473,2.1188078605858163,41.0,1.555791109272125,0.004963119769191619,0.12013505197474388,6.0,0.0
9474,1.9886715942179494,57.0,1.5325003505698045,0.005113816847356768,0.24149964045350394,4.0,0.0
9475,2.3103895690864116,50.0,1.868392974406449,0.00970767464233152,0.13766982099263217,3.0,0.0
9476,2.277749808309251,41.0,1.806243887016058,0.006622331262169283,0.28946316181069587,7.0,2.0
9477,2.2324025068762765,40.0,1.934627781215891,0.0022184418840741596,0.14605151868783933,2.0,10.0
9478,1.9009384366153799,41.0,1.8786445719272231,0.005151488040908061,0.29429092461867157,7.0,0.0
9479,2.3252465607819417,39.0,1.3569968908067103,0.01082040706206091,0.13856129456766342,4.0,0.0
9480,2.180244151780138,56.0,1.8530459232465344,0.0021030887528315635,0.1551016914304179,1.0,0.0
9481,2.1236168871763867,49.0,1.8151307346915013,0.00632005290872506,0.29609026864659144,7.0,1.0
9482,2.4754810821045803,54.0,1.71995931657748,0.006885135788381362,0.3056169320847491,4.0,3.0
9483,2.4028214843695923,47.0,1.6412044718982437,0.002925766179964746,0.24240615338023644,4.0,10.0
9484,2.10158378455185,40.0,1.5019574200873975,0.010496662701583523,0.14316976734620349,7.0,7.0
9485,2.3304703134167957,54.0,2.0903002890419433,0.007399147376305072,0.34248394630041523,6.0,2.0
9486,2.252067108897025,38.0,1.4871767071870696,0.004536492579410394,0.22792635896223093,4.0,1.0
9487,2.185047301547617,38.0,1.8392233388768355,0.003314107743329229,0.32919101738779744,4.0,1.0
9488,2.1239603018682334,47.0,2.023339052595221,0.0047945022892445285,0.15774945903112936,3.0,18.0
9489,2.223891397484151,45.0,1.784460100479851,0.0030788791241985547,0.29158455737328937,4.0,7.0
9490,2.2772724096022796,46.0,1.7232312424307752,0.008854818841424502,0.2810609357958302,7.0,1.0
9491,2.3213091744084298,49.0,1.9451258119026644,0.005184245287029807,0.11303991658189624,3.0,5.0
9492,2.096092621773153,41.0,1.8887750734792357,0.002948877998765105,0.24875020448862567,6.0,2.0
9493,2.4144989085689317,52.0,1.896069785505939,0.006535011285873536,0.10040742473725828,3.0,8.0
9494,2.376064487596294,59.0,1.8212006413974546,0.008937895426650118,0.3465331432725246,4.0,2.0
9495,2.140176898019449,40.0,2.166338413416141,0.0009653413504419487,0.2263596170533705,2.0,36.0
9496,2.0026915357649324,40.0,1.779756913565538,0.00501899076503075,0.3111468659101734,4.0,2.0
9497,2.0892625342855364,50.0,1.4660985131458957,0.01634612160816339,0.15501320024775223,7.0,0.0
9498,2.413502555971784,59.0,2.6112126334215935,0.00544413675719833,0.35488568103348,3.0,7.0
9499,2.4078886948050306,50.0,1.6155039696556819,0.005244156406039425,0.2564879714529598,4.0,11.0
9500,2.118950291951511,53.0,1.6406790379236575,0.006080909583270589,0.20926858953820923,6.0,2.0
9501,2.046475044428942,49.0,1.5663569253320708,0.009179903379445764,0.20497448373734126,7.0,2.0
9502,2.244819408701192,43.0,1.9437237376099632,0.003448149067148702,0.1405737325853539,3.0,3.0
9503,2.412313376257964,33.0,2.3102976176147063,0.000751267005067172,0.30141764967505413,1.0,3.0
9504,2.353980490819296,51.0,1.7054906084338728,0.006693257976492253,0.23727710359844265,6.0,5.0
9505,2.287189494223948,44.0,1.9812805624511654,0.005701821176574047,0.17167350244778093,3.0,3.0
9506,2.460440734058135,50.0,2.418289924000849,0.0023219931518866635,0.25620019605433964,3.0,7.0
9507,2.3366042993410563,44.0,1.6052899570302497,0.005039489528760096,0.2317118702492174,4.0,26.0
9508,2.2994996906313814,55.0,1.7027959926528309,0.007340680495996567,0.3780894200045141,5.0,4.0
9509,2.1211994412460613,39.0,1.9296871414170778,0.0038723690431946532,0.2117633244926559,2.0,2.0
9510,2.2900285154868456,37.0,1.5635400767765362,0.004711346532778023,0.10459127318148335,6.0,14.0
9511,2.1041885430878615,41.0,2.1984926865380805,0.002779341534505626,0.23474953003722282,3.0,11.0
9512,2.2750933224627685,38.0,1.5843483686636588,0.0067689045712638184,0.1533482683310498,6.0,0.0
9513,2.3792189936687684,51.0,1.8504510651186863,0.000941841649574944,0.11824373832278967,1.0,9.0
9514,2.0362480103207243,42.0,1.621546771664894,0.006400716205681974,0.22961247737360196,7.0,1.0
9515,2.277125417621555,41.0,1.6691433857571836,0.006807820172875904,0.17696685424737188,6.0,12.0
9516,2.0628454447631324,53.0,1.9069416090149724,0.004209630859068792,0.11603051044063582,3.0,5.0
9517,2.2395851708355585,50.0,2.496062648587865,0.003050532476109832,0.3485570856950533,3.0,0.0
9518,2.130752580675894,50.0,2.286171007736601,0.0030854130282165233,0.25006258281348775,3.0,1.0
9519,2.3298654241018353,58.0,1.3480920467112973,0.014162016896706178,0.26503258988574246,5.0,4.0
9520,2.271037319495666,51.0,2.240328383103622,0.0037483247019120657,0.21376108803344185,3.0,27.0
9521,2.190743681128544,48.0,1.4333790405235187,0.005347554660251542,0.3182126860053077,5.0,0.0
9522,1.9738691281743783,43.0,1.7274615102402113,0.006106123975621602,0.31156305667809436,4.0,2.0
9523,2.3563193630499404,56.0,2.1336021664305607,0.00695846774770676,0.20699919154018076,3.0,7.0
9524,2.014887651077709,44.0,1.6481413437805719,0.007950496033421637,0.2757448057646176,4.0,1.0
9525,2.2569596037741,38.0,2.225012012415122,0.0006049921858365184,0.24068820745840835,1.0,0.0
9526,1.9784481605449962,38.0,1.3792846082807815,0.004870365167959848,0.2497458989749345,5.0,10.0
9527,2.3209057268028324,45.0,1.6279795010175457,0.00798605557804655,0.14873454481850196,7.0,7.0
9528,2.227332556750105,46.0,1.7502127254560007,0.0013685655306059574,0.10238110677851187,1.0,5.0
9529,2.3272772625276668,56.0,2.1549051981611576,0.003186491093172057,0.29188718846695644,2.0,2.0
9530,2.1226255592991277,54.0,2.1178958433125663,0.0011948717700850462,0.2242591115580113,0.0,0.0
9531,2.29021871926639,53.0,1.758369764473094,0.005301009150041974,0.14415124236958418,2.0,0.0
9532,1.7339468660611657,37.0,1.9557518397238665,0.0027927505361007663,0.15125076556205075,3.0,6.0
9533,2.1911451425132693,44.0,2.0187909230109415,0.0032081760356981208,0.1479739355793327,3.0,31.0
9534,2.310607378784839,54.0,1.932376610508925,0.006126815655641065,0.1568070124235401,3.0,12.0
9535,1.992623405919995,51.0,1.921592067255058,0.007342285801582447,0.2709274888707359,6.0,2.0
9536,2.333063531978659,44.0,1.7990299718785492,0.006886000187288077,0.25111660326869756,7.0,10.0
9537,2.0225029543732638,33.0,1.7089837693663976,0.005176447969046139,0.17426868329571993,6.0,13.0
9538,2.297850464714816,49.0,2.0662985861019894,0.0026615047243247806,0.1334088104825595,3.0,3.0
9539,2.267875671675248,50.0,1.5785735752356687,0.005420149173514039,0.2118741304778791,4.0,0.0
9540,2.3941525998858264,60.0,1.5154715637118221,0.00992263524367258,0.2957674247000598,5.0,0.0
9541,2.0887309387799124,55.0,1.9327818207195846,0.0019282607179336225,0.13030809204288213,2.0,3.0
9542,1.8828004022905531,40.0,1.5474736847968413,0.007994530386333873,0.1473769915703134,7.0,3.0
9543,2.4373975122817706,44.0,2.1076947428916952,0.002065610463870759,0.14195194394939023,3.0,12.0
9544,2.4038236052172324,45.0,2.0770709874220135,0.003866079934036434,0.17042155387503208,3.0,7.0
9545,2.245261507689021,43.0,1.5322710775987374,0.007493239586811578,0.14200158420492548,7.0,4.0
9546,2.1794358971681143,53.0,1.7230036325994493,0.005519367716203124,0.2649167344604814,4.0,3.0
9547,2.195351857877301,46.0,1.61663679019086,0.006469175259061365,0.14734350362075294,7.0,5.0
9548,2.3793240195519463,50.0,1.6463744752170726,0.008148660563284884,0.2673885591621874,4.0,1.0
9549,2.1585977148976703,44.0,1.9746252586208137,0.005611363088766704,0.29661030882584055,6.0,3.0
9550,2.4737748324493873,57.0,1.7074064065066834,0.010490192188137867,0.20849473667888296,7.0,7.0
9551,2.1225827363971677,49.0,2.283748633867236,0.003395884772982828,0.2289104140918583,3.0,5.0
9552,2.304706466706235,36.0,1.6291382844195608,0.009084857004701874,0.21969706223023738,7.0,5.0
9553,2.092646328487924,43.0,2.0296643145041187,0.0037864249640781663,0.1674844945376775,3.0,1.0
9554,2.0645237985982807,27.0,1.7290152430161634,0.004557234374279861,0.21795767118653894,7.0,10.0
9555,2.428356718350851,48.0,1.5615205392591966,0.005341051489465938,0.31538508956576283,5.0,14.0
9556,2.219928122215442,53.0,2.0229559910454746,0.003918699423841632,0.1581542539290451,3.0,5.0
9557,1.9522088636243002,54.0,1.426739993659184,0.00853197431597765,0.17644138359408654,4.0,1.0
9558,2.375964699766096,54.0,1.8219965689420372,0.003973382660031619,0.34738114027669303,4.0,5.0
9559,2.042813506430274,41.0,1.6922011281737976,0.007878676690915194,0.2345285890609181,7.0,7.0
9560,1.909954538790756,49.0,1.4688247094577866,0.0072312697417480625,0.18078649694564392,4.0,14.0
9561,2.326242728055469,53.0,1.844348052179529,0.011424238526620164,0.2720633055685182,7.0,8.0
9562,2.4392922740723693,54.0,1.8725328004279842,0.0012799764883597519,0.13813813287763851,1.0,9.0
9563,2.3446652367163603,55.0,1.859836892924435,0.003993748336806634,0.15233415903665698,2.0,8.0
9564,2.0062741516897047,59.0,2.1046443142602125,0.005083891469136177,0.1906422397294541,3.0,1.0
9565,2.246247609798127,50.0,1.689441602564856,0.004845401647849206,0.3099004889657777,4.0,1.0
9566,2.3786586141794754,55.0,1.4851552747508732,0.010995635732143677,0.20644141151457307,4.0,8.0
9567,1.9610694650555702,41.0,1.3992023161796205,0.007832067020457625,0.19218749062809704,4.0,4.0
9568,2.3251850425581715,58.0,1.9740674146574873,0.0070994801241422495,0.30542045416397784,6.0,4.0
9569,2.353696963448855,43.0,1.9562324603808383,0.005033974349165084,0.3921598237203123,4.0,6.0
9570,2.247241122069842,50.0,1.454420412945517,0.007541030209135539,0.2290231387366406,4.0,0.0
9571,1.813122057733667,32.0,1.448792749248452,0.0024680553345464143,0.16308482130158777,4.0,13.0
9572,2.400038351272018,61.0,1.935353379845835,0.006601730981725261,0.3545563928664047,4.0,8.0
9573,2.181823054967622,55.0,2.1193823682945476,0.0064970497347643956,0.3333472358218307,6.0,0.0
9574,1.8583932326852806,40.0,1.1580223051276255,0.004986321969905027,0.15692223686801296,5.0,3.0
9575,2.155414866759309,49.0,1.4913308754752779,0.003628578207705164,0.3060981441038318,5.0,6.0
9576,2.2348890308152756,48.0,1.6572195286674154,0.006569211337838301,0.1355628996622645,6.0,8.0
9577,2.467890250348424,50.0,1.9142058916767013,0.004734123724192775,0.13155827481769475,2.0,0.0
9578,2.339029637169493,38.0,1.5298931838012737,0.0035399903174553934,0.20329491167337715,4.0,3.0
9579,2.4599774206553358,52.0,1.7218261544132887,0.0051437788968721875,0.302545723240044,4.0,1.0
9580,2.3122217892682637,43.0,1.6745885211926923,0.0023926806610872157,0.22604827265189517,4.0,15.0
9581,2.309424425146535,36.0,1.5190692012050235,0.005233438938465703,0.21890692333120926,4.0,18.0
9582,2.409630709738738,49.0,1.9886928427601682,0.0049268143097683905,0.24338083831268065,2.0,2.0
9583,2.2884282645315523,50.0,2.0945100621576693,0.0017679676388348369,0.2274185107646211,1.0,3.0
9584,2.335407189859521,44.0,2.1425741558479534,0.000664905179270201,0.23643431622115949,1.0,12.0
9585,2.2383513062450655,46.0,1.7196307255489767,0.0025133993400712085,0.11693071570164804,1.0,5.0
9586,2.1197927266148175,32.0,1.3942597402056713,0.0034235570286915945,0.2742345093945531,5.0,3.0
9587,2.296797084955427,50.0,1.9833287144830856,0.005025614760343268,0.19683322109576917,2.0,2.0
9588,2.3722220311056574,58.0,2.361111971387774,0.0028244932024551247,0.2991291044180765,2.0,3.0
9589,2.222859583769908,31.0,1.5763709930737213,0.005571677054211924,0.2739319895664309,4.0,1.0
9590,2.130408727673089,41.0,1.5914371915633485,0.0024665538075074856,0.35401784483541093,5.0,0.0
9591,2.1334604730863123,37.0,1.716150261098764,0.0038473928722812406,0.14435893804442151,6.0,16.0
9592,2.3376758401711397,53.0,1.5377676469099406,0.005012226274511712,0.33231146699904757,5.0,7.0
9593,2.387384398113978,36.0,2.331767802590919,0.0033037568893144655,0.38168114407952003,6.0,6.0
9594,2.263724397408756,37.0,2.012548037478292,0.0013219458551945729,0.23395173279094847,1.0,0.0
9595,2.3930835812831406,44.0,1.9366657251055386,0.004938943280386345,0.2575443018061256,6.0,15.0
9596,2.1621861560657947,38.0,1.4928098765468012,0.0075430025448937855,0.21882401673076374,4.0,3.0
9597,2.062843946738353,57.0,1.9153907950337337,0.0033013027630046194,0.17505419324465024,2.0,21.0
9598,2.4424077909661572,50.0,2.5721793959028814,0.0027854058699084195,0.3599284295181015,3.0,5.0
9599,2.3796851715024285,44.0,1.420079751937985,0.00400325786924591,0.2565437039999385,5.0,18.0
9600,2.2650135526691693,53.0,2.0710938760721582,0.004899304936418981,0.31258852047128877,6.0,3.0
9601,2.2161523986386045,53.0,2.1332526954278896,0.0051160783657018365,0.20863872825035268,3.0,4.0
9602,2.2740529791102952,43.0,1.858140102821508,0.003990051688834878,0.13523871774214463,2.0,7.0
9603,2.041690936631809,28.0,1.9660383852074497,0.0007750794588452306,0.16049534517299457,2.0,24.0
9604,2.143476155529397,38.0,2.2084610051120763,0.003006743335476029,0.21052737355311354,3.0,1.0
9605,2.3576893134346055,54.0,1.8868354463987707,0.007623653687328759,0.2797025158061728,6.0,4.0
9606,2.356448338150045,50.0,1.5937937335333379,0.0051337156670589815,0.3164204568074825,5.0,2.0
9607,2.393609902951222,54.0,1.711473685561752,0.004885323944649423,0.2563942977101678,4.0,8.0
9608,2.4783151004281487,54.0,1.694156550051064,0.010430924509673775,0.3915578454263957,5.0,5.0
9609,2.042023609549636,37.0,1.7167949098518358,0.005533536779285082,0.19096157253838256,6.0,4.0
9610,2.395623818719159,42.0,1.397388949878277,0.007358807812230318,0.14413501928709258,4.0,1.0
9611,2.165682182262506,54.0,2.46348868797569,0.003909320447128399,0.30981656674567404,3.0,3.0
9612,2.1982474684979776,30.0,1.479384141516847,0.0028290552280503672,0.2860986125580478,5.0,17.0
9613,2.3478297943452064,47.0,1.8320548693534284,0.0032717867009912044,0.10747062371263476,2.0,2.0
9614,2.384108387352951,44.0,2.092108207798407,0.0015682033750534998,0.235952655414156,1.0,1.0
9615,2.318371938573591,44.0,1.5955028784808638,0.003045822689328351,0.23682395761554023,4.0,7.0
9616,2.3767211192031312,44.0,1.652490339784245,0.004624487050917657,0.2408984971681822,4.0,10.0
9617,2.171861711770218,61.0,2.4067818263662435,0.0006278999812596967,0.29373699449463236,0.0,7.0
9618,2.359094020253208,41.0,1.430285855033702,0.00812057064058779,0.2036228494471364,4.0,1.0
9619,2.445938656123662,42.0,1.3877249366694864,0.002854597574690686,0.21768978346118767,5.0,12.0
9620,2.0513303272870473,41.0,1.9687059731843772,0.002031612556964008,0.17718089902129303,2.0,7.0
9621,2.3895151805529986,52.0,2.110999536831225,0.004499131221133987,0.39372970294201703,4.0,12.0
9622,2.468134088831323,60.0,1.8420689006565547,0.004561714432909715,0.11522577611211332,2.0,2.0
9623,2.283853122058013,46.0,2.0954147233534277,0.0020912517418501288,0.20452198437471356,3.0,5.0
9624,1.8831690691141816,42.0,1.8889748406175553,0.0044805670309962875,0.1438580565366356,3.0,3.0
9625,2.247996264813076,48.0,1.6297277869420155,0.005339435895543078,0.21952030029860398,4.0,2.0
9626,2.1540514309603753,40.0,1.6230285543036964,0.006400218924469826,0.2819013872004249,4.0,0.0
9627,2.0516273232584172,37.0,1.6977107955852755,0.004347743079912116,0.16741221831071157,6.0,4.0
9628,1.9514643298482122,53.0,1.3971731646892713,0.009554244977145554,0.14308619728580035,4.0,4.0
9629,2.1058682353104916,32.0,1.423209133000693,0.0038439059665375894,0.14094758022955003,4.0,27.0
9630,2.2085177445219744,50.0,1.7242116191653223,0.007516306036354351,0.22291555363467264,6.0,2.0
9631,2.1507966387233894,45.0,1.481359812225932,0.0033412019897772925,0.31882886516044395,5.0,2.0
9632,2.323336575602937,43.0,1.640124734270931,0.0071147642566321105,0.19363558265007802,6.0,6.0
9633,2.131126002489051,42.0,1.333253319332864,0.005154312396002961,0.27375908992374975,5.0,4.0
9634,2.2347517494891154,42.0,2.523563690437792,0.0011247820561088218,0.29888692550211443,3.0,2.0
9635,2.406847852630521,49.0,1.9748732009768217,0.003190842114290763,0.2112293699942356,2.0,6.0
9636,2.021963996105124,46.0,2.2893102037793156,0.001578322459544327,0.286477406024626,2.0,20.0
9637,2.383469076676271,59.0,1.389469236184571,0.015013815517842432,0.3027074180329806,5.0,0.0
9638,2.0730156127584842,43.0,1.5484708033008063,0.00918589833493012,0.1942537572664102,7.0,5.0
9639,2.3816382125468003,43.0,1.499650140884896,0.00616750942363575,0.28800812436975876,5.0,4.0
9640,2.289717461732151,46.0,1.3990100498970193,0.012441157137820704,0.18260114889492454,4.0,0.0
9641,2.417306196204091,41.0,2.490080662412878,0.003310697682813686,0.33120618268154645,3.0,3.0
9642,2.385064083961227,49.0,2.1294067943136246,0.006955455704767235,0.3608868034587295,6.0,2.0
9643,1.9442303492040296,42.0,2.3567837018654503,0.0032584596144856763,0.26708382546781934,3.0,2.0
9644,2.362951733240543,62.0,1.9173732497705327,0.008203301947400132,0.15302838630024337,3.0,2.0
9645,2.0084903121354105,59.0,1.8074353728570525,0.0043537192869672016,0.1505326157003129,2.0,0.0
9646,2.412308766278238,49.0,1.756632639410969,0.009814010196729533,0.2751660076459194,7.0,7.0
9647,2.225064833651786,44.0,1.9499229764718824,0.0005615825874008028,0.1350966540287601,1.0,4.0
9648,2.2634767732694243,42.0,1.9762317946902652,0.005549350605470849,0.1738400174625646,3.0,2.0
9649,2.4055157490052603,62.0,1.631277618242053,0.014063694975519693,0.21624134018304697,7.0,1.0
9650,2.143986167548464,60.0,1.974665238562765,0.002498709046833845,0.22225959193429387,1.0,3.0
9651,2.4510210146371763,53.0,1.8349513111123448,0.008909418567651088,0.351179780767046,4.0,4.0
9652,2.2021243427582102,34.0,1.8002354597143557,0.006205372146900961,0.2627430338906281,7.0,18.0
9653,2.266120720226542,54.0,1.6549174493808931,0.006495499465506661,0.2564345978929611,4.0,25.0
9654,2.274246361697709,49.0,1.565756503468293,0.005125479299195003,0.2059092148807477,4.0,3.0
9655,2.4347614513894653,49.0,1.5247558138947588,0.004600947619741833,0.23067093276713851,4.0,8.0
9656,2.183897210128523,55.0,1.902967512279878,0.004984034665400162,0.15282500144354907,3.0,4.0
9657,2.2028615720967233,53.0,1.9540584118651518,0.0014450847580653394,0.1756304355015876,1.0,38.0
9658,2.2284049866414377,46.0,1.5592280891173262,0.005657321514490226,0.3320885761847282,5.0,4.0
9659,2.3495431765403767,42.0,1.5714561769710367,0.0023579568963008465,0.19041401375948233,4.0,14.0
9660,2.3716805988826692,44.0,1.9439655250053653,0.004378908726728347,0.15485307544685256,3.0,3.0
9661,2.2914857582840877,44.0,1.9591453417295894,0.0034301706218098737,0.2517582208585789,6.0,10.0
9662,2.32725518507915,50.0,2.2425355850933344,0.0019418686025570136,0.28172382026012777,2.0,6.0
9663,2.232921035948407,41.0,1.7865553092701543,0.006120066097142815,0.2138293645810092,6.0,14.0
9664,2.2202608359737295,53.0,2.06397963735705,0.0005145416272847054,0.17924325677398129,1.0,3.0
9665,2.127774274723915,44.0,2.3835970473965515,0.0023893654839041954,0.26717289791527715,3.0,1.0
9666,2.2326415103253123,50.0,2.089664771636317,0.0019661479958101706,0.2604470369156005,1.0,5.0
9667,1.973094078277717,44.0,1.6975957025571977,0.009720269468716534,0.26068352560990765,7.0,0.0
9668,2.2800092184908585,47.0,1.2124189310775584,0.004785485480073258,0.15069366902342585,5.0,4.0
9669,2.36791387907854,44.0,2.2300249120701645,0.0039080823716305,0.32044151648190977,6.0,10.0
9670,2.4974243797161164,33.0,1.6320837522283318,0.0031605605165332578,0.3452781726040211,5.0,9.0
9671,2.480524807255309,52.0,1.4399923951052993,0.008090252111735313,0.2731473649270605,5.0,6.0
9672,2.118412861575089,50.0,1.8290268196238724,0.0055904560211689144,0.16092204290893847,2.0,0.0
9673,1.9450915329848535,38.0,1.1162927269618321,0.007045267345083241,0.10303306241207699,5.0,5.0
9674,2.1892007670597193,48.0,2.136262112840411,0.0016953347822420244,0.24598474452444016,1.0,10.0
9675,2.0427475053951163,55.0,1.9882538197506248,0.006596777160667022,0.1465310364601702,3.0,6.0
9676,2.178753448306366,35.0,1.9595359172583942,0.00198212105016427,0.12156686428297571,3.0,11.0
9677,2.0996790200928026,43.0,1.764538934699604,0.003858477397248727,0.2266288484625426,7.0,9.0
9678,1.8216158345318723,43.0,1.9688889129997496,0.002875004204887937,0.16678147956040515,3.0,3.0
9679,2.306804506947892,50.0,1.5896716504093311,0.004287731345899044,0.22516177996201733,4.0,14.0
9680,2.061461305201664,55.0,2.1728050143479742,0.00325202796022029,0.19589823804099515,3.0,9.0
9681,1.78665788911793,50.0,1.8663718206699371,0.0034607177071927053,0.10006089791792898,3.0,9.0
9682,2.305312115323791,56.0,1.9287332955854064,0.0060543208209777235,0.37239032926230814,4.0,5.0
9683,2.3800645117518338,43.0,1.912137438026729,0.0012847852559928915,0.16150027539200468,1.0,6.0
9684,2.4425566057671535,60.0,1.836475447407447,0.009868302751412563,0.3312148609346403,4.0,0.0
9685,2.263952077140273,45.0,1.8168746945595158,0.005657462916314331,0.3702354971766317,4.0,3.0
9686,2.034959656079228,30.0,1.6967932709547742,0.0033042343283325253,0.15907629863117836,6.0,1.0
9687,2.21311351941676,31.0,1.8996497644614305,0.004099781536053891,0.27410230962775484,6.0,2.0
9688,2.231872914412433,56.0,2.2548488302767447,0.003535196220194222,0.2600875902915976,2.0,10.0
9689,2.1430899634301044,36.0,2.0001809105444064,0.0037535977472941155,0.28063581734429494,7.0,17.0
9690,1.8562868612701058,44.0,1.5704844399650428,0.004437788335011851,0.15066963142091547,7.0,2.0
9691,2.3621199988304116,35.0,1.7666759633924285,0.004381903285977905,0.33230979871307975,4.0,5.0
9692,2.3654309762594767,60.0,1.9149030150746944,0.006501208316332137,0.14652287319571847,3.0,6.0
9693,1.9080409795821904,49.0,1.9333886475942519,0.0012391035464371877,0.14805432488932752,1.0,5.0
9694,2.442005120913625,42.0,2.1669060607321744,0.005886851395834463,0.20442509451719595,3.0,4.0
9695,2.013118305901505,39.0,1.6905533371788923,0.00620101405262403,0.22452471841187596,6.0,4.0
9696,1.9410140363311452,55.0,1.9774217436072914,0.004572187046297098,0.1961844515109077,2.0,2.0
9697,2.1339479950766593,37.0,1.6919998476500868,0.003425817287563155,0.176247714735645,6.0,3.0
9698,2.3782233810253794,49.0,2.362132105396034,0.0038629481546025844,0.2773721878241403,3.0,6.0
9699,2.358795005736596,36.0,1.7106742230601588,0.005869993399128117,0.20701738421376367,6.0,9.0
9700,2.235272895201791,55.0,1.6326475693751905,0.007623251005129273,0.20146481102062125,6.0,1.0
9701,2.2720891002008194,44.0,1.8144684599986751,0.005433715397421121,0.23469897342101684,6.0,1.0
9702,2.325908748708652,39.0,2.460357343886181,0.0017607084423881378,0.2837176675664282,3.0,20.0
9703,2.4143729244781444,49.0,2.116508427055766,0.005079842196178767,0.20624039979793768,3.0,9.0
9704,2.1104681623561623,38.0,1.5427949904690803,0.008214898978917334,0.2601906480971752,4.0,1.0
9705,1.9162908727808348,39.0,1.9899170519374607,0.0017703383427722895,0.2599844389564015,6.0,4.0
9706,2.356961370927532,42.0,2.3312503232875414,0.002644703097468777,0.2392784468619827,3.0,0.0
9707,1.9796576678363675,42.0,1.7580277278878051,0.002110427645357164,0.13014486479577167,2.0,0.0
9708,2.4451870312044854,53.0,1.9438963647321543,0.010128022594178188,0.3051766794920273,6.0,7.0
9709,2.1221408062819487,61.0,2.176527125282437,0.00457628479381261,0.20856339442365904,3.0,19.0
9710,2.1287780156344813,36.0,1.6444751189522564,0.007126746349627732,0.19177287977007357,7.0,14.0
9711,2.426085311694019,48.0,2.057322259477301,0.0027899299901317258,0.1526439991515926,3.0,12.0
9712,2.1975027253534836,53.0,1.3921004041799523,0.0050144095271603,0.26584582717044025,5.0,2.0
9713,2.3352566337419027,59.0,1.5856428953265846,0.01497665658504836,0.1827822198658939,7.0,4.0
9714,2.2347937364527013,42.0,1.3821435424366229,0.005342041355275523,0.1293001515269413,4.0,25.0
9715,2.369393377404551,46.0,1.7906613259190585,0.0040663605424151855,0.1951029372167126,6.0,7.0
9716,2.3839599688771362,48.0,1.4275859511396989,0.006188895442435979,0.2687406313353051,5.0,4.0
9717,2.182420626013739,35.0,1.8655086196214077,0.004617351918713481,0.3438292831137704,4.0,2.0
9718,2.2484758777245393,55.0,1.2905966388731236,0.009165965460314509,0.10156848422834364,4.0,4.0
9719,2.324769071691789,49.0,2.0333012709337006,0.0026541997338684294,0.19410717263398922,1.0,0.0
9720,2.18069156644878,59.0,2.251099305262998,0.0011101786978184476,0.250456504234555,1.0,20.0
9721,2.229058943831641,32.0,2.0437312519121824,0.005200843103823481,0.34540164808828283,7.0,3.0
9722,2.21399397645102,44.0,1.6488183137982868,0.005829520615949492,0.20130250070192546,6.0,7.0
9723,2.145641549701668,40.0,1.7704279445005784,0.009349787371662057,0.25740356992473584,7.0,3.0
9724,2.3886489461166,51.0,2.0990893165257702,0.003696815633650942,0.21227651029859504,3.0,10.0
9725,2.4169799228966102,42.0,2.1110987097126173,0.004711305196549861,0.25842282229669017,2.0,0.0
9726,2.4709628138095647,50.0,1.9541953402299417,0.004374651491896277,0.35964935833684925,4.0,3.0
9727,2.4767664049053932,38.0,1.5105980824054148,0.004166259117016382,0.18833919445808153,4.0,15.0
9728,2.4096375612772998,48.0,1.9302864436634406,0.00546168367383007,0.2532578372694311,6.0,13.0
9729,2.274351981062759,56.0,1.888188877502599,0.0069678631927697545,0.1366737744987081,3.0,2.0
9730,2.292940334443186,63.0,2.7285226190018763,0.006559551937625721,0.36462363820999844,3.0,1.0
9731,2.2058946463585722,48.0,1.520683508825186,0.005463675275015788,0.32173038852719543,5.0,1.0
9732,2.390740458918927,46.0,1.5943391369981164,0.007224818122031964,0.2471006015905147,4.0,5.0
9733,2.0211258133100998,48.0,1.8591629886277414,0.0022752443892027205,0.13775443386612954,2.0,33.0
9734,2.3885722781155416,49.0,1.939357095630917,0.005250602069608305,0.2049923614032017,2.0,1.0
9735,2.341012852482364,60.0,1.9311764521331645,0.0009999597263810262,0.18392504794013997,0.0,0.0
9736,2.1622966079767765,43.0,1.9418815533247757,0.0058065655291110385,0.2567930433256277,6.0,13.0
9737,2.1273882386093956,55.0,1.664824444398188,0.009250108977265324,0.16296442057856148,6.0,1.0
9738,2.471458274066501,38.0,1.4907597790392362,0.007391163870082004,0.18199642413571648,4.0,4.0
9739,2.180935773453788,43.0,1.9391264256628435,0.0019850066086815644,0.17352676930229227,2.0,24.0
9740,2.383908062018991,53.0,2.048669860722143,0.006156726844830277,0.23071684998671388,3.0,0.0
9741,2.0459405141392226,40.0,1.6571633835903348,0.0037838723908458624,0.2440845828505388,4.0,30.0
9742,2.4100949008572052,62.0,2.1091375847601634,0.005531272850666787,0.3649071880828515,6.0,2.0
9743,2.187991410038708,56.0,2.0439448705011047,0.005631253113637333,0.20608447606193742,3.0,2.0
9744,2.3602404743635543,47.0,2.1153163879378023,0.002926321685307578,0.2993217640224812,6.0,12.0
9745,2.2278649510837143,32.0,1.6529115360453834,0.007809354094849696,0.20277375553469928,7.0,4.0
9746,2.2495966653609605,50.0,1.778095494489842,0.004824087073769497,0.15579420243796657,2.0,4.0
9747,2.3906006597223803,42.0,1.6203498563476955,0.006553809687660394,0.3739861235236186,5.0,5.0
9748,2.0804287932313708,50.0,1.459408305849032,0.008028321260227098,0.12024575449147355,6.0,1.0
9749,2.432080551265976,44.0,1.5356197637852929,0.0043924579086895114,0.18276966318869678,4.0,15.0
9750,2.116707804920321,44.0,1.637744877175807,0.010118071936574699,0.20741157754691847,6.0,3.0
9751,2.37439468837627,54.0,1.47134339992522,0.007050568726551069,0.1978412613635777,4.0,5.0
9752,2.196925030502348,53.0,2.01725316343786,0.008822487522039188,0.30464747824233934,6.0,3.0
9753,2.415131440132911,49.0,2.0492717406122005,0.006078169336039869,0.17802803690492688,3.0,0.0
9754,2.3255596429456307,38.0,2.013882436120238,0.005678371210094633,0.18131106722935217,3.0,4.0
9755,2.4512024849532112,52.0,2.0962247240563707,0.0034275352515385,0.17284902067153018,3.0,0.0
9756,2.0152952173539678,50.0,2.2512385435776485,0.001968696364751751,0.2731069745031256,2.0,24.0
9757,2.1086365763996935,31.0,1.7136780364688546,0.0013435330140247614,0.2598506355870961,4.0,24.0
9758,2.0500617522577738,60.0,1.3152873947176036,0.012549196508512503,0.1273679215963834,4.0,5.0
9759,2.354769054504746,55.0,1.7816598560730197,0.018235073832774926,0.32358101204019835,7.0,0.0
9760,2.2952491559300947,39.0,1.7465816504133511,0.003831553787389241,0.30629160285669516,4.0,4.0
9761,2.2759881773534034,50.0,1.4558078768159304,0.007072954674759524,0.16435115665652214,4.0,8.0
9762,2.1431235035063687,49.0,1.5757049854241374,0.006837907522948418,0.18810437239689143,6.0,1.0
9763,2.398480272418914,58.0,2.1024995884778472,0.001635791911548048,0.20650738021046486,1.0,9.0
9764,2.0310778496985322,44.0,1.6160397509779156,0.006656960309312283,0.2509043498897868,4.0,13.0
9765,2.0865292359134484,37.0,1.8638767139470644,0.001777622688975911,0.16688775941474726,1.0,1.0
9766,2.2314195817151217,49.0,1.7841744357747982,0.007333088955874715,0.2501930269662933,7.0,3.0
9767,2.1397025927709112,49.0,1.8926608970638268,0.004219460725631708,0.10310903589161059,3.0,4.0
9768,1.8760775316541474,54.0,2.026880485407235,0.006431040222950686,0.20322854466521895,3.0,2.0
9769,2.0349880232037245,44.0,2.255334869230057,0.0028810416311454094,0.22806369134440346,3.0,0.0
9770,2.1474291578856213,45.0,2.043167561529534,0.0032103963069589113,0.19757600980073708,3.0,1.0
9771,2.4084137382037696,60.0,2.1414799159135955,0.002912996177898223,0.24957091010500282,1.0,7.0
9772,2.3657842526394366,59.0,1.80183840678985,0.006198172970619432,0.13464634907893885,2.0,4.0
9773,2.444125082139325,60.0,1.6356100767460726,0.006982444867737059,0.24564078867190112,4.0,1.0
9774,2.433281196581724,48.0,1.5350821414276234,0.011952195403654131,0.14638725655409665,6.0,7.0
9775,2.4088920031710552,45.0,1.802830220585184,0.004493652669355167,0.29358441074477415,4.0,4.0
9776,2.150472616016244,40.0,1.3069851430503254,0.006693397986338357,0.13509159267563903,4.0,3.0
9777,2.245280188932742,44.0,2.3613227388367943,0.001675645821972817,0.2530302833549499,3.0,14.0
9778,2.066124415103501,28.0,1.6265770823123518,0.0012239906826790256,0.2228120656322022,4.0,7.0
9779,2.239030473312946,50.0,1.788279201845379,0.006159924634888311,0.13736893375988227,2.0,1.0
9780,2.112568176243885,44.0,2.3105611225598026,0.002513847239077465,0.3211646299076196,2.0,2.0
9781,1.853538249425333,27.0,1.8228421894981381,0.0034958568802144463,0.1348708892499668,3.0,1.0
9782,2.1495297763217813,41.0,1.8143159154819197,0.0017353121403370674,0.13209260366847467,1.0,1.0
9783,1.976812557051175,49.0,1.8858850390155637,0.002090960720104117,0.15983717473897208,2.0,4.0
9784,2.0766866870607488,34.0,1.6373708253787935,0.0032004960484926822,0.27966804435056375,4.0,5.0
9785,2.101230795325001,52.0,1.8335180106131053,0.007123841575543291,0.29063516171926845,7.0,1.0
9786,2.4312556989993355,44.0,2.025290327321552,0.00594805701566032,0.3039576994013057,6.0,17.0
9787,2.084009863130884,61.0,2.5973514010986785,0.003000924905890148,0.35705929545328075,2.0,1.0
9788,2.1765381462529834,48.0,1.8543993698305183,0.005801073053685502,0.26049653605801587,6.0,1.0
9789,2.022791277495066,36.0,1.5578040186405657,0.003880040771825741,0.11789288017820954,6.0,16.0
9790,2.449283286824714,44.0,1.4408977760576367,0.0157428620086497,0.13484505244831685,7.0,3.0
9791,1.8203623737126848,35.0,1.5756188385474066,0.006377629220224138,0.15187055821130196,6.0,7.0
9792,1.960958955242597,37.0,1.6187081772549174,0.004487759807940988,0.1566395544409346,6.0,14.0
9793,2.3500530792763583,37.0,2.0694668069100257,0.004362336505637987,0.33516342957249173,7.0,7.0
9794,2.1293704284105024,57.0,1.85920027882301,0.008465352540080134,0.2905351390196415,6.0,2.0
9795,2.3455747604653037,44.0,2.0799923165802365,0.0038146162110905216,0.20704587292689683,2.0,2.0
9796,2.034377293588311,41.0,1.40338994659886,0.0033998530457469063,0.11303583216887803,4.0,18.0
9797,2.1878119751806144,47.0,2.0727119444778506,0.002861083685099309,0.22072205829654956,2.0,16.0
9798,2.1467363862964874,52.0,1.9090518501482583,0.003779170559331347,0.1159243263122663,3.0,14.0
9799,2.323022399562525,54.0,2.1277895863282663,0.0033494399978928695,0.27207813778863643,2.0,5.0
9800,2.0933512733366775,27.0,1.8612195964933127,0.0028774421159288386,0.23370728833575055,7.0,32.0
9801,1.9090146177607947,45.0,2.070441358218189,0.0027919548488756947,0.19520845822588168,3.0,14.0
9802,2.4065717175906736,51.0,1.4743274376872022,0.006122015124428396,0.1834848907892496,4.0,5.0
9803,2.3921060068888353,51.0,1.943681693617563,0.008310874401184134,0.20013367286662867,3.0,0.0
9804,2.2115245977129647,53.0,2.0553817673146373,0.0026918779905753224,0.19007062637937913,3.0,4.0
9805,2.209946347776455,48.0,1.64810584273755,0.003458683894269001,0.23723716311344456,4.0,7.0
9806,2.2500513518939553,52.0,2.477105937298499,0.0009742470390883696,0.34352562343086995,2.0,2.0
9807,2.409625529919846,50.0,2.000819534964778,0.008355921400253565,0.3402054639694999,6.0,0.0
9808,2.3033288958534284,41.0,1.5601489799935384,0.0029315126792942444,0.19698034669890768,4.0,7.0
9809,2.494132033978815,54.0,1.8849438547125137,0.006219673362691459,0.31544753651030755,4.0,0.0
9810,2.235999641212047,49.0,2.0001705366997564,0.00425566106991964,0.3297510443729526,6.0,1.0
9811,2.1256952220248415,39.0,1.5785596517418252,0.003947638666098654,0.2534152847001132,4.0,3.0
9812,2.161931222637479,43.0,1.3875645505621788,0.004329212393290215,0.25912557240481743,5.0,0.0
9813,2.0648767574838347,50.0,1.8154620743118626,0.0026458612497376973,0.11810324621957939,2.0,3.0
9814,2.356339907303287,36.0,1.7530189748455263,0.006037510121515651,0.20973782202724917,6.0,19.0
9815,2.246189932049917,55.0,1.6151702692955883,0.007792053585716465,0.3441787546244974,5.0,13.0
9816,2.009973598991949,37.0,1.9634263461285155,0.005009193822462065,0.16062676300089807,3.0,2.0
9817,1.9456202788337857,38.0,1.4824646118942713,0.003285543033670997,0.16089035746464667,4.0,10.0
9818,2.1808778270974924,49.0,1.6481103357725206,0.0051430768622513535,0.25135967979613383,4.0,11.0
9819,2.334802797634065,52.0,1.7629281225727764,0.003390585040924388,0.13325261527779275,2.0,6.0
9820,2.2937479780156678,36.0,2.0043783327839892,0.002097373665401206,0.15304611317639238,3.0,11.0
9821,1.984962289933022,39.0,1.6957631337077468,0.005022455843282742,0.1968384679670457,6.0,1.0
9822,2.4866471187813115,61.0,2.22222974050265,0.004432605340394741,0.2789289163946851,2.0,3.0
9823,2.325473432213973,49.0,2.2029085404615385,0.005306336666426949,0.2307982071498141,3.0,5.0
9824,2.1900850734784436,45.0,1.3414588810788044,0.005368156479963214,0.16216068059279728,4.0,3.0
9825,2.4294531010605573,61.0,1.976485427242948,0.006342980828750705,0.39161584092672164,4.0,2.0
9826,2.29725215519714,48.0,1.714076638371842,0.008965678271299099,0.2093400902866029,6.0,0.0
9827,2.105652169700143,44.0,2.0993517169801246,0.0022435924340066674,0.18878844684013263,3.0,4.0
9828,2.243457158879544,43.0,2.187834369253749,0.0010367816057473872,0.24261788572215653,2.0,10.0
9829,2.217398595839638,45.0,1.580852333141932,0.004228386291114506,0.241126323950675,4.0,0.0
9830,2.2515128379880367,49.0,1.9053025872456233,0.0011098810855066543,0.13535870527636745,1.0,18.0
9831,1.9779709918140345,48.0,2.1281363385195307,0.0008421705464397244,0.23475130670484468,1.0,2.0
9832,2.0888975667392673,28.0,1.7833055202382817,0.0030604934885424557,0.21526558219453437,7.0,4.0
9833,2.194083304694511,54.0,1.2757012637014202,0.012783797039348507,0.2588114399877223,5.0,1.0
9834,2.26765150666861,31.0,2.0844198075759026,0.003086666763156587,0.22568068839011318,3.0,2.0
9835,2.230790763766793,63.0,1.3531202101794522,0.00527841589104791,0.2504070113630368,5.0,1.0
9836,2.4657931983097154,59.0,2.028528657344472,0.006165563679415322,0.1876750303451373,3.0,3.0
9837,2.051968481131327,32.0,1.8608745369046031,0.001006635386814619,0.12996986263198843,2.0,14.0
9838,1.9803472652697527,51.0,1.500559604559321,0.009549131967113506,0.10522164429696815,6.0,7.0
9839,2.09523967811129,41.0,1.863189909578752,0.003912355153503189,0.32539534623953464,4.0,1.0
9840,2.4576454054484063,42.0,1.692407645898716,0.004118285035079668,0.2495264257867328,4.0,16.0
9841,2.1285576829736206,59.0,2.5440898234700375,0.00370590665673145,0.3128966949581018,3.0,10.0
9842,2.34758979568349,42.0,2.146437311999421,0.006823877527031144,0.36231069366543583,7.0,1.0
9843,2.4778120988778114,37.0,2.570104314989169,0.00319945244892433,0.3251292060685777,3.0,6.0
9844,2.337775148598103,50.0,1.6093693946985073,0.005691062536053944,0.22572966928201052,4.0,10.0
9845,2.2363179960358748,49.0,1.7383190640264448,0.003785619691428394,0.14439174907173724,1.0,0.0
9846,2.1560571509152564,46.0,2.0364375071045413,0.005648485466259496,0.22080859855797136,3.0,4.0
9847,2.1941035196734067,59.0,1.5737211644571654,0.01222058173982137,0.16506540354906357,6.0,2.0
9848,2.278187612821171,59.0,1.7140829613083548,0.009984152709264576,0.21981027510420986,6.0,5.0
9849,1.8304273002574507,44.0,1.4201366789767742,0.003692812478523692,0.1643235934436757,4.0,2.0
9850,2.282435368194045,44.0,1.556378852600329,0.004072043310005459,0.34163043228621887,5.0,12.0
9851,1.8791266278280216,38.0,1.7599180689205955,0.001979848953145832,0.19198101430384323,6.0,4.0
9852,1.7930806626455238,32.0,1.5074082398127038,0.004353738626862651,0.22702372693418615,4.0,1.0
9853,1.793303257748743,38.0,1.2598438140172215,0.002053826599311785,0.16751309217221505,5.0,12.0
9854,2.398512056312351,46.0,1.8284217269499405,0.010829023298530784,0.24244517702618024,6.0,0.0
9855,2.3362099920236004,43.0,1.9663461373689362,0.004630590431694786,0.12616666899009438,3.0,3.0
9856,2.260772160971334,57.0,1.9904897220485698,0.0024363368492977197,0.16824247827012478,2.0,4.0
9857,2.4089032279830134,57.0,2.227866794298701,0.005998077195444287,0.22350966268903646,3.0,12.0
9858,2.241502115280633,53.0,1.8277764820754432,0.0044817067267625445,0.13089634667728084,3.0,0.0
9859,2.1707971039826175,44.0,1.8940554529354174,0.0010310357867122804,0.10070820211943782,2.0,7.0
9860,1.8306566516260079,32.0,1.6930026751996121,0.002794698295428126,0.18754361373086886,7.0,0.0
9861,2.358407836710066,38.0,1.8652586086822502,0.0050063430719343134,0.24195156901298912,6.0,4.0
9862,2.322162811775411,59.0,1.6951426551613165,0.016754760705822276,0.24107525567484178,6.0,0.0
9863,2.185266984319564,55.0,1.7690827375290445,0.000609863766499156,0.10726959836566226,0.0,2.0
9864,2.304575098013159,35.0,1.9730384364594014,0.004573308771134025,0.2750745058711204,6.0,5.0
9865,2.091454368246926,49.0,2.04310804721185,0.004240084472423836,0.1838917038488906,3.0,7.0
9866,2.45243129925692,40.0,1.724758301136828,0.0052603547536809155,0.290880441215596,4.0,0.0
9867,2.1100910873132976,57.0,1.8363716641336487,0.0037169309455477354,0.1673027361813799,2.0,6.0
9868,2.309250049237792,32.0,1.8976544362176335,0.0026915962265112725,0.22801316111073502,6.0,8.0
9869,2.1284624821957876,42.0,1.374910101947985,0.00620642386128662,0.17530098995094348,4.0,1.0
9870,2.415961849406944,50.0,1.613482423057572,0.008643951750960839,0.1465465917431789,7.0,7.0
9871,2.198563745140027,39.0,1.8807797344941346,0.0022348983448277067,0.13758121078174534,2.0,16.0
9872,2.3215349069482754,45.0,1.5775817276161463,0.006975790173147692,0.25341267351961294,4.0,0.0
9873,2.0904218551452263,51.0,2.077326385132996,0.0029302968974944405,0.19945999641815773,3.0,3.0
9874,2.291250533126267,51.0,1.7915521674164983,0.0040384823325240625,0.30831475208431824,4.0,3.0
9875,1.9909037363591362,58.0,2.0691898451615613,0.002347099352787827,0.22597685967981124,2.0,2.0
9876,1.9046410638477138,32.0,1.4106133823618956,0.0046062236994896056,0.15762244699473404,4.0,2.0
9877,2.331733884628751,44.0,1.8606474484470648,0.005924871844972105,0.14111890821077197,3.0,4.0
9878,2.1218561608575026,57.0,2.0860065854490224,0.0021021682493032223,0.17929296199921266,2.0,5.0
9879,2.2348446376199447,48.0,1.8154573948896036,0.002635036023905665,0.17960076288843116,1.0,3.0
9880,2.2930479713978547,49.0,2.469167909938785,0.0018668227559923076,0.34382263413097974,1.0,2.0
9881,2.3035604578797635,48.0,1.958342020928154,0.005337852224587495,0.3192699858410382,7.0,4.0
9882,2.099759247691778,37.0,1.9606475295509118,0.0066680658346027115,0.32612937684652676,7.0,9.0
9883,2.391391270422776,39.0,2.4777198215652887,0.003459629118045058,0.3069062581174796,3.0,0.0
9884,2.314618416755032,43.0,1.771288196203669,0.004702721840062593,0.2127698015605622,6.0,11.0
9885,2.2035884847684564,40.0,2.0150954433530504,0.003392576275463501,0.1996356165280574,2.0,1.0
9886,2.1172892728443418,57.0,1.8584202672892989,0.010972088716597203,0.2858700240642922,6.0,1.0
9887,2.3576968282901904,42.0,1.6689565911159865,0.009657786479339672,0.22637360369199225,7.0,5.0
9888,2.2600989428627045,42.0,1.8313535240836032,0.004146923028974661,0.23656707839407454,6.0,2.0
9889,2.33377925451955,60.0,1.8045313702162953,0.00867623374890511,0.24482596589802355,6.0,4.0
9890,2.4478371988911567,57.0,1.6736189076551238,0.013227708764713412,0.25936843571590995,6.0,1.0
9891,2.174071207165934,61.0,1.7761946583672177,0.00626093219862393,0.3284160327943721,4.0,2.0
9892,2.3380490750743608,35.0,1.5475317001481161,0.002024288756355457,0.2932556205572228,5.0,20.0
9893,2.2531224451857503,31.0,1.6005822566910193,0.006437487606241522,0.17868171807267164,7.0,4.0
9894,2.3077483619672865,40.0,1.9678429214182882,0.0020717178647944694,0.21992416099745848,1.0,4.0
9895,2.3013143488202616,36.0,2.0373281140297412,0.004245367670772309,0.3246802569160787,7.0,16.0
9896,2.326243506329032,32.0,1.9074495443402613,0.0046376929303907,0.25882912476559533,6.0,10.0
9897,2.0973900938037118,39.0,1.9254544176905823,0.0016605444512467413,0.20549763755790654,1.0,4.0
9898,2.2675379643394677,50.0,2.060702369268551,0.00138732017072302,0.21845277387920248,2.0,1.0
9899,2.3992357902302572,60.0,2.111793331970769,0.0022659500492090397,0.2033039911058991,2.0,6.0
9900,2.270847062456344,30.0,2.126536061644047,0.004213933236074987,0.3466647959392129,7.0,9.0
9901,2.3690778710651994,60.0,1.7368848545333309,0.013321310673727615,0.2832665354362275,7.0,4.0
9902,1.7102704859634408,47.0,1.3318089869113128,0.007845796221681807,0.14030063109310645,4.0,0.0
9903,2.207288491873177,45.0,1.4114402254367713,0.0057742490959843155,0.1606243260952615,4.0,20.0
9904,2.190990176285499,36.0,1.5398416432078457,0.005508433656596277,0.12084250918808238,7.0,10.0
9905,2.1000753919605186,44.0,1.729138550905263,0.009019103026992726,0.20895437395503957,6.0,1.0
9906,2.1970333761304737,37.0,1.7035836732909795,0.004040679593724206,0.1797823836714095,7.0,10.0
9907,1.930621751171762,34.0,1.7118859742115333,0.0029175381254164636,0.27269366337225726,4.0,3.0
9908,2.0272483350627937,59.0,1.8555252348442761,0.003125053918410695,0.1396462674026479,2.0,5.0
9909,2.3883128428816627,53.0,1.691151727756527,0.005844948089940899,0.3139957823583822,4.0,3.0
9910,2.234341085678024,53.0,1.8255505259707165,0.008634228555028585,0.2270678497032263,6.0,8.0
9911,2.0575647080936,43.0,1.5730621140932766,0.0031500795056131695,0.32387590117687765,5.0,3.0
9912,2.441860540236423,42.0,2.6203112952352567,0.002585237541204489,0.33067574389074383,3.0,26.0
9913,1.8518468871796152,27.0,1.6444783876770768,0.002955526874306472,0.14282456282132805,6.0,19.0
9914,2.108493559952097,51.0,1.6281409429224531,0.004990298694014163,0.15511944946942796,6.0,1.0
9915,2.112611592083042,46.0,1.4081981820398544,0.00711204277386585,0.13523194001029937,4.0,3.0
9916,2.3022843702795517,53.0,2.221930974259063,0.0012019648850849125,0.2796122111822094,0.0,7.0
9917,2.2888310959113225,58.0,2.5064115740444053,0.00722832588646282,0.32784641181881413,3.0,3.0
9918,2.200150780423658,33.0,1.9415139942889714,0.0018863188598557167,0.3660383769669491,4.0,1.0
9919,2.200632062288517,37.0,1.6991947327126224,0.008133349632103881,0.25245008777350275,7.0,7.0
9920,2.477850300417699,35.0,1.4370417702478868,0.002615668738732902,0.25406569993691036,5.0,11.0
9921,2.2831048329663024,48.0,1.8698119350013687,0.004479538296568766,0.23162896369947739,6.0,9.0
9922,2.241268250882643,46.0,1.4066873299841507,0.010609414275729624,0.15500025503611203,4.0,3.0
9923,1.8796084272820628,53.0,1.9158475998731512,0.002556433909928192,0.17614658974976638,2.0,19.0
9924,2.036939248404256,34.0,1.5890775472019765,0.006180285869951336,0.15264954047234605,7.0,17.0
9925,1.9191148625893708,30.0,1.1330269538843165,0.004968576090226455,0.11840278305918137,5.0,3.0
9926,2.274493454385767,38.0,1.656118172329174,0.010115017243063488,0.18461231192004934,6.0,3.0
9927,2.215009251961262,43.0,1.9107770060732396,0.0026487858404810973,0.16187155551501195,2.0,11.0
9928,1.9888922923036163,35.0,1.7963731230957787,0.0021210516624351567,0.1704015596017839,6.0,20.0
9929,2.429275288002456,57.0,1.983678160256289,0.0021254663425981247,0.1584209599389666,2.0,15.0
9930,2.3114781269565987,58.0,2.0943172453699233,0.003417877870692865,0.1531313103878805,3.0,6.0
9931,2.3832884084281107,37.0,1.8907601912346508,0.0030027252100325932,0.33235081068801,4.0,12.0
9932,2.096597601173556,39.0,2.26237170294472,0.004805650484422989,0.2854018540053807,3.0,3.0
9933,2.4784787399649035,45.0,1.7160727981367931,0.011839507358256923,0.2417549714238246,7.0,6.0
9934,2.0238066013246336,49.0,2.1010634032903504,0.0005912841848655064,0.19787893739839996,0.0,8.0
9935,2.3364497399031823,51.0,1.4792497482252198,0.0042746905477237685,0.31274059039026086,5.0,4.0
9936,2.2159772024210413,43.0,2.034053026100822,0.0032469958922605705,0.32121589110898235,6.0,2.0
9937,2.0749497682469458,49.0,1.9617448786709488,0.00615971980115157,0.3272959815077509,7.0,0.0
9938,2.4153785985277074,30.0,1.9326445279180378,0.004243441042337226,0.27283689802315214,6.0,7.0
9939,2.1519966356315767,31.0,1.8868990878542264,0.0034523966591663564,0.2554984010512473,7.0,24.0
9940,2.214948423616116,37.0,1.7161966396034105,0.00365874463234912,0.2656332642115146,4.0,9.0
9941,2.41838426240547,46.0,1.9203680320884042,0.004955446364764781,0.3488914909127531,4.0,4.0
9942,1.9967751443479687,44.0,1.8005666095384385,0.005431297946173084,0.20274558604783482,6.0,17.0
9943,2.251103093950742,41.0,2.2295719556394316,0.003936644508433298,0.3384963658265665,6.0,7.0
9944,2.4577807462411485,44.0,1.924387208392571,0.006873314675682392,0.14743998736332137,3.0,10.0
9945,2.487439705482461,36.0,1.8583283563547857,0.005616146547272357,0.33652894326577104,4.0,9.0
9946,2.3460025901079855,39.0,1.9788599272679628,0.0023276689532979867,0.18342335555688183,2.0,9.0
9947,2.3806042543275843,52.0,2.2707868905853856,0.002880973195557172,0.2945335847113021,2.0,5.0
9948,2.273766694065715,39.0,2.0260278555088607,0.0009338438474656585,0.15623137175559498,2.0,12.0
9949,2.217098965171765,39.0,1.9237124159236496,0.008488800409447316,0.3271859420114102,7.0,7.0
9950,2.3690470928874645,43.0,2.5745025561752026,0.0013975293669631554,0.3711824899936328,2.0,2.0
9951,2.4932043406425968,39.0,1.5656396119281326,0.006456999484673721,0.3308896105526713,5.0,9.0
9952,2.0140454090593676,35.0,1.8891766575565359,0.001793251770004856,0.11470695042923032,3.0,0.0
9953,2.111354526342852,59.0,2.1846362659786647,0.002716777182991205,0.2305475245370582,2.0,9.0
9954,2.455479621006124,53.0,2.154057161069596,0.0015003472718445661,0.21130467618489568,1.0,0.0
9955,2.0550954642243644,41.0,1.8565105744804744,0.006895288124878684,0.2578509022389995,6.0,12.0
9956,2.1659711718505155,38.0,2.175391867996722,0.0005553243872183356,0.19642649563742484,2.0,10.0
9957,2.1634304401281987,38.0,1.8967808168391795,0.0018109810453700247,0.34445470333634826,4.0,6.0
9958,2.111057643957371,56.0,2.044796935348222,0.003768445690884771,0.218128873202722,2.0,20.0
9959,2.248018098017303,53.0,1.8991064113485794,0.000874604975783008,0.1417709744520396,1.0,7.0
9960,2.038950858104549,41.0,1.5057647993911785,0.008053686345911647,0.11504019655025369,7.0,6.0
9961,2.155803401392974,52.0,1.717441427038761,0.004902546788505203,0.19745394078297082,6.0,3.0
9962,2.357682328068139,44.0,1.9146087128954927,0.0037602565664371372,0.3701974890204214,4.0,1.0
9963,2.454949221142144,52.0,1.5238956883157881,0.00707314620524737,0.1622118322339623,4.0,3.0
9964,2.327037443830144,38.0,1.8734090257824108,0.002131274345758012,0.15285355371167786,2.0,1.0
9965,2.2834393089798044,52.0,1.7405532053700787,0.011824494679316922,0.22595653806576893,7.0,1.0
9966,2.326318879761761,62.0,2.088500694497204,0.0031098781130101437,0.2151883409118106,2.0,14.0
9967,2.391940502575958,59.0,1.6174054494570105,0.01014364295206402,0.13909903689595843,6.0,7.0
9968,2.0570606295200697,30.0,1.7748239759657427,0.003302435575314208,0.20595563684120194,6.0,4.0
9969,2.3997367054378045,43.0,1.800643294723766,0.005519403475733142,0.3259428831661698,4.0,2.0
9970,2.0202442225811312,54.0,1.4539691655696185,0.009051971632321071,0.20257052110443,4.0,7.0
9971,2.252481418554538,38.0,1.5473823412074246,0.007737931566567251,0.21972775797621366,4.0,5.0
9972,2.3782506952186564,41.0,1.8423035437483357,0.003471854524050924,0.2090659377519979,6.0,16.0
9973,2.02837030636213,30.0,1.4778306307173732,0.0038616570092097255,0.1971443169273892,4.0,0.0
9974,2.1770611122638637,51.0,2.1661197037663107,0.003582337054876362,0.19714075586896335,3.0,38.0
9975,2.1122221452270153,40.0,1.78689345155854,0.003666426647346598,0.233976938017567,7.0,5.0
9976,2.3046384606633117,43.0,1.3763421562652765,0.008420968179496146,0.17508107237123555,4.0,4.0
9977,2.299036653621744,49.0,1.7262974925968595,0.009471592293627987,0.2072215826431834,6.0,0.0
9978,2.1521851093579802,44.0,1.970887670382977,0.003128951536624294,0.11358817069390031,3.0,2.0
9979,2.377678110132347,42.0,1.772219086720593,0.004277870237329609,0.2916086227770908,4.0,28.0
9980,2.18010125530629,54.0,2.0326069258913892,0.002367006377732828,0.19637294435801927,2.0,10.0
9981,2.3127266385485186,46.0,1.5480019804684393,0.006534073513659642,0.36494241647245435,5.0,2.0
9982,2.195043887530309,32.0,1.608777006269722,0.003589804519292924,0.23599742428366471,4.0,5.0
9983,1.8514365258399057,36.0,1.6655456427377655,0.002804314921706679,0.15076667195072196,6.0,3.0
9984,2.3891485390690796,41.0,1.7782766471944598,0.006223522754479436,0.31252128076863234,4.0,5.0
9985,1.9745007283957525,47.0,1.6869358068944615,0.00438683561548104,0.2698138629932694,4.0,7.0
9986,2.1494306451097636,61.0,1.9843145518482086,0.0031520317949842525,0.18163772439085094,3.0,0.0
9987,2.2366573440952484,45.0,1.858803058704384,0.0055547614641252045,0.1204284893886131,3.0,10.0
9988,2.2785673602608707,47.0,1.6550176794901224,0.008106600533927508,0.186383488877354,7.0,10.0
9989,2.4315681402274056,43.0,1.670932322055218,0.0033511169358373233,0.33481632016132623,5.0,16.0
9990,1.9759967879356675,42.0,2.1336082937124434,0.001781636009473857,0.17351680531189817,3.0,11.0
9991,2.1369400990244376,36.0,1.8485136744299067,0.006863983269050798,0.2613605346715953,6.0,0.0
9992,2.1812101062804077,44.0,1.9824805812299535,0.005855308527913757,0.3062474017388322,7.0,8.0
9993,2.1645440238729914,27.0,1.4242802503700716,0.0030546139866958867,0.16300674634069978,4.0,3.0
9994,2.2226374916313056,49.0,1.8073613198510456,0.00452138623413768,0.18325007422176642,2.0,1.0
9995,1.8953404642518654,44.0,1.662412697296278,0.006205099504710411,0.15530078073068482,6.0,8.0
9996,2.372001344149762,42.0,2.052040085719576,0.006668948584758126,0.34957098079881554,7.0,8.0
9997,2.1726825428162737,56.0,2.508531007386971,0.0011594150139659907,0.330540954156439,1.0,0.0
9998,2.178745235567805,51.0,1.6328934152975545,0.004880970863068845,0.1268383170946298,6.0,4.0
9999,2.279394912073604,43.0,1.9328337548362902,0.006925380235157967,0.262749989768758,6.0,6.0
10000,2.410181350396635,47.0,1.8154357453887702,0.007614013318280788,0.32739155128486686,4.0,2.0
10001,2.1606835489970675,38.0,1.4546940512046036,0.00454105468427205,0.2044990812171193,4.0,4.0
