id,Delta,R0,i0_q,r0_q,start_week_delta,t_alpha_delta
9002,44.0,1.6688144255223278,0.010982904934899054,0.3893078059076599,6.0,40.0
9003,61.0,1.8145379442373526,0.014798181512064995,0.3862118549964557,3.0,22.0
9004,42.0,1.7228816241285005,0.014551974341811876,0.37041079450184755,5.0,39.0
9005,44.0,1.6066394312807548,0.011898631133603873,0.3462319633272896,5.0,36.0
9006,61.0,1.5761305383894182,0.013394883371648007,0.306283991723181,3.0,26.0
9007,60.0,1.6162090692436737,0.014596776871959646,0.35302068742408427,5.0,34.0
9008,39.0,1.4617326952537606,0.015478258167659286,0.3187754751949027,6.0,41.0
9009,49.0,1.7431484671542257,0.013995391838014666,0.3944961853709475,4.0,28.0
9010,59.0,1.646715443446569,0.012737289436448855,0.3619517726489962,5.0,35.0
9011,45.0,1.679754811026317,0.013218676601503093,0.3428817721782012,6.0,38.0
9012,60.0,1.6718643857085678,0.018017036730064866,0.3626438639573756,3.0,25.0
9013,48.0,1.7264917079791353,0.018694453255791894,0.39944823227871706,6.0,37.0
9014,54.0,1.7598480540039076,0.011018798663343049,0.3727919142270161,5.0,40.0
9015,53.0,1.7572705399745063,0.01125283782259915,0.3951224325517745,6.0,38.0
9016,61.0,1.6824406428697298,0.012835701704646962,0.3616167191974525,3.0,33.0
9017,55.0,1.6600787283065834,0.017975408939572547,0.36473166704892857,4.0,39.0
9018,59.0,1.6534721188841617,0.01407246426298913,0.36726579716431584,4.0,39.0
9019,41.0,1.7375038043839255,0.011124429832818354,0.3973678980313815,5.0,36.0
9020,53.0,1.4411485489304108,0.015774840489749874,0.32171172516451296,6.0,38.0
9021,59.0,1.6789840544185979,0.01381681177396884,0.3381136087036961,4.0,42.0
9022,55.0,1.845978513007656,0.011829149324446505,0.3931137043512113,2.0,26.0
9023,39.0,1.7201563371701085,0.014186048973863464,0.35552403924717657,6.0,40.0
9024,60.0,1.7421986160812701,0.013669178746539341,0.38925954215997843,3.0,26.0
9025,63.0,1.674592739158475,0.012361232464345312,0.3629747403986619,3.0,37.0
9026,59.0,1.660093157542336,0.012744357838124528,0.33093830419530507,3.0,27.0
9027,60.0,1.6428724689263963,0.010788049114097649,0.3197714164826945,3.0,42.0
9028,59.0,1.6797386621854917,0.016029642873702944,0.36263705414216807,3.0,31.0
9029,53.0,1.5278574450931366,0.0134766052061774,0.3004532444243012,5.0,34.0
9030,53.0,1.7532869859982307,0.013969408683003158,0.3523248073447104,4.0,42.0
9031,48.0,1.8431298363863953,0.008304539936744718,0.38169062960503325,3.0,41.0
9032,51.0,1.6999286618030651,0.0109029104993545,0.37515502080572777,4.0,26.0
9033,59.0,1.661923214606489,0.013708681051125406,0.3933444993006644,5.0,35.0
9034,61.0,1.7936599208836634,0.011218869470433481,0.3967595586693519,5.0,40.0
9035,44.0,1.7788597288971748,0.014789866430061485,0.36965409730325427,5.0,38.0
9036,61.0,1.6608099343705798,0.01884839451590973,0.36290912824190596,3.0,25.0
9037,55.0,1.771958755740889,0.01438506484168951,0.36829157910904675,4.0,25.0
9038,43.0,1.7797423369024887,0.010293898587153443,0.3668665365007498,3.0,34.0
9039,46.0,1.8286882349425335,0.011683452877610863,0.3661233607601946,4.0,38.0
9040,46.0,1.619086048846356,0.013612018418993073,0.37959106224749645,6.0,42.0
9041,54.0,1.7659823547225835,0.012281154410802072,0.39563390727963565,4.0,36.0
9042,52.0,1.6771696695073344,0.011703393451836087,0.33875257768933636,3.0,40.0
9043,61.0,1.7418553944359347,0.014041910443672815,0.3699872820344373,3.0,30.0
9044,46.0,1.7746553900636446,0.01116286837158181,0.379337982083779,6.0,38.0
9045,59.0,1.5411897248421338,0.014424640442440982,0.3137493294962515,3.0,38.0
9046,47.0,1.6076613813923646,0.013948672128625841,0.3813733292744447,5.0,37.0
9047,47.0,1.7492603791068988,0.013355380740448087,0.3617269330103465,5.0,35.0
9048,57.0,1.556822346830731,0.014202082684847427,0.35964510043575915,4.0,30.0
9049,62.0,1.67931708002022,0.013254556697791962,0.3743919649251627,5.0,31.0
9050,61.0,1.676490371338025,0.011846212516721815,0.3515845147727781,1.0,17.0
9051,57.0,1.5749041704134883,0.014680556325820463,0.3232910443392397,3.0,28.0
9052,52.0,1.790823646061557,0.01326085499077425,0.3783037805114605,5.0,42.0
9053,61.0,1.716188652618261,0.010597331584901067,0.36223018013497466,2.0,31.0
9054,46.0,1.7422916214704747,0.017200144886058734,0.36715544032923525,5.0,37.0
9055,61.0,1.627062056441926,0.014955219495200567,0.3512033078456032,3.0,39.0
9056,53.0,1.8121485799924126,0.010697286462536539,0.3739409415958152,4.0,32.0
9057,46.0,1.7022600479098582,0.01681635356275685,0.3701396921011759,5.0,36.0
9058,43.0,1.6916722176520855,0.015369234024128736,0.3543197618094422,5.0,40.0
9059,44.0,1.609579737664609,0.01778238400283875,0.34485805109580314,6.0,38.0
9060,59.0,1.7909193325714539,0.013175443864225733,0.39816268589633214,5.0,39.0
9061,57.0,1.6473054303983432,0.01240688348212845,0.37240189672777513,6.0,38.0
9062,56.0,1.4940226235118717,0.01607555789769625,0.32681547227169416,4.0,30.0
9063,46.0,1.772591250924818,0.013632579346727089,0.3761714698637057,3.0,31.0
9064,49.0,1.5936978728401228,0.01415245036174959,0.333787574521348,4.0,38.0
9065,46.0,1.6796593653385432,0.011251120728920882,0.38033725771949817,5.0,40.0
9066,60.0,1.7098984880510848,0.012299354042216966,0.38019364737707306,5.0,33.0
9067,58.0,1.6139483536735255,0.012057640354474585,0.34907955539807334,4.0,30.0
9068,63.0,1.7096649443232048,0.0137221336026675,0.38907427194265487,4.0,33.0
9069,61.0,1.592233747611604,0.014867488029589652,0.3201975389779919,4.0,31.0
9070,44.0,1.7247296338815212,0.012488984533436562,0.3629553421557617,3.0,33.0
9071,53.0,1.5907497188522626,0.013703595591387587,0.3480289235025603,5.0,33.0
9072,53.0,1.6005535895734315,0.012847328245999911,0.3645205286163797,5.0,42.0
9073,54.0,1.7336642739188726,0.011914446248339336,0.3289792569085174,3.0,41.0
9074,56.0,1.798710446420495,0.014299769905577464,0.38087991198985294,3.0,32.0
9075,61.0,1.5331644275420062,0.018049221726523595,0.3269116414149046,4.0,27.0
9076,57.0,1.7277627835845935,0.01233530732618745,0.3535882461887039,3.0,34.0
9077,53.0,1.6061957697671414,0.011896966918237032,0.38312523847561425,6.0,37.0
9078,47.0,1.8044706900004566,0.015093925024182964,0.39835222608701254,4.0,22.0
9079,56.0,1.6396432991189036,0.014863065938074287,0.3697116007851854,5.0,38.0
9080,61.0,1.6309705917284423,0.013132415697542152,0.31953302998830707,3.0,29.0
9081,56.0,1.807794524121542,0.012785933314760321,0.37200728180359816,3.0,36.0
9082,53.0,1.6811779930200461,0.01245249129887878,0.3431726123267127,3.0,33.0
9083,63.0,1.5912181147135667,0.014011350768747901,0.35807807690513094,4.0,33.0
9084,58.0,1.7822503870141009,0.012816888793788324,0.3669079088368795,3.0,39.0
9085,42.0,1.6486913692099752,0.017361657721771635,0.36568847473438004,5.0,32.0
9086,44.0,1.7352455865716936,0.010660917228557375,0.3973429221242302,5.0,39.0
9087,43.0,1.779560236201647,0.009764477251182924,0.3867654146030092,3.0,40.0
9088,58.0,1.7580896835241484,0.00960114220110916,0.3749785920355614,3.0,33.0
9089,44.0,1.6175548822425887,0.015950258097329126,0.3543032148828232,5.0,37.0
9090,56.0,1.6233973846110916,0.013366738141780648,0.3643696930915318,4.0,36.0
9091,43.0,1.7280016917587888,0.011168789841633723,0.3802596191226671,4.0,34.0
9092,55.0,1.6736517428494115,0.013073498190621646,0.3398969286121004,4.0,29.0
9093,54.0,1.6479998208996627,0.011925172553238142,0.36480623469015827,6.0,38.0
9094,60.0,1.528685715409804,0.014395743572794353,0.2956965243825892,3.0,37.0
9095,61.0,1.7723646690005024,0.01481177579328101,0.391783307400958,3.0,27.0
9096,61.0,1.8091103269299116,0.010957961443215649,0.3767219045076158,4.0,42.0
9097,44.0,1.6050811231644702,0.015359346084448089,0.3420169263622234,5.0,42.0
9098,55.0,1.7135141012789208,0.016743732599858438,0.39651339469293717,5.0,30.0
9099,52.0,1.681583037501069,0.012555380746248438,0.36752416276729416,6.0,42.0
9100,36.0,1.713100415226086,0.014611764605133625,0.359900397087848,5.0,38.0
9101,36.0,1.6833432389105438,0.015508465811219632,0.3865103101402842,6.0,39.0
9102,63.0,1.517228275134662,0.014739616255960139,0.307596061849297,3.0,29.0
9103,55.0,1.7674215972550753,0.012712998085794555,0.37688726653205107,3.0,40.0
9104,54.0,1.7490854306643764,0.016405459455776983,0.36599202642251116,4.0,35.0
9105,59.0,1.6848196968113807,0.013913844837265134,0.3510792714321116,3.0,28.0
9106,36.0,1.7852362659938343,0.01575034180964461,0.38735565095699825,6.0,39.0
9107,61.0,1.737867101722264,0.014295796947476114,0.35197419455696866,3.0,23.0
9108,59.0,1.6431047548599864,0.011358320070205312,0.35925481411671756,3.0,22.0
9109,52.0,1.7705717500396465,0.0116288224978108,0.3588371614292216,3.0,32.0
9110,56.0,1.7298039543250006,0.014600372207453093,0.39730096081628685,4.0,25.0
9111,48.0,1.6095090629590254,0.018112570603087155,0.35258811068046286,5.0,34.0
9112,48.0,1.7484869258777498,0.012717158457221737,0.38258348376969115,4.0,40.0
9113,54.0,1.7497223619712885,0.012505768637348931,0.3649238633868899,3.0,41.0
9114,45.0,1.726041663071176,0.0128991923233826,0.3721499689781924,5.0,42.0
9115,47.0,1.6250205341697734,0.016735863096565457,0.3673102893195479,5.0,42.0
9116,45.0,1.5370925844929986,0.01595801606483595,0.3237804177585555,5.0,34.0
9117,54.0,1.7019826652366492,0.014516860764188086,0.35548865764984977,2.0,18.0
9118,56.0,1.755628240429166,0.009062120740249617,0.3878461363965583,4.0,38.0
9119,47.0,1.6786083997117542,0.013487799604650857,0.3477346341627258,3.0,23.0
9120,57.0,1.5620299981377253,0.015554660266806037,0.3197731686683777,3.0,17.0
9121,63.0,1.5874295152983275,0.012885353045822183,0.3286637066001453,2.0,16.0
9122,52.0,1.5667191044409443,0.014604263529701242,0.35451376731222317,5.0,38.0
9123,60.0,1.6908833258570732,0.016249876848673447,0.3633425726489431,3.0,35.0
9124,51.0,1.714143671935706,0.011018388178712545,0.3668155879524947,4.0,36.0
9125,51.0,1.6837571319882996,0.013755480872219769,0.38729560446285904,6.0,42.0
9126,44.0,1.8442244176761806,0.009925724143607512,0.39741432751600975,3.0,40.0
9127,44.0,1.6038808393916524,0.012816393935497723,0.3263589292120468,4.0,38.0
9128,56.0,1.5980718506055445,0.015138485541407311,0.3804402899844233,5.0,31.0
9129,44.0,1.6433842778266459,0.013003492611454118,0.34955523853519793,5.0,40.0
9130,61.0,1.7852924002385484,0.01346364828832166,0.3845881903432643,4.0,40.0
9131,52.0,1.6329103417051192,0.01347938795815021,0.35648708515646593,4.0,35.0
9132,53.0,1.57230422620454,0.017029208611301846,0.3713807627933139,5.0,35.0
9133,63.0,1.8397957915106575,0.010736149466181165,0.39629895428573864,2.0,41.0
9134,46.0,1.6146671202995133,0.012754478670360397,0.34509441588563655,5.0,38.0
9135,53.0,1.6959091794025178,0.01282162879699202,0.3724887616356788,4.0,37.0
9136,58.0,1.744287905177557,0.013891095407169126,0.3792172699058294,3.0,39.0
9137,56.0,1.4922129036980456,0.01637126883950189,0.3073916788392089,4.0,33.0
9138,53.0,1.8820388639106853,0.011954705368072423,0.386601598408427,3.0,28.0
9139,52.0,1.6259921346430104,0.015819852404818636,0.3602908294453643,5.0,32.0
9140,47.0,1.759414388316882,0.013810359344577439,0.3865572912293645,4.0,31.0
9141,53.0,1.7620740276482445,0.015298831084524286,0.36181881067009714,3.0,29.0
9142,60.0,1.569987915542471,0.013506401476028615,0.31371369489887396,4.0,41.0
9143,60.0,1.7638394663809838,0.015769507753827426,0.3761671405384108,3.0,32.0
9144,60.0,1.7203634280668798,0.012159596926989173,0.3841745176151305,4.0,30.0
9145,41.0,1.6486635721860043,0.014993598302711436,0.3412453779918206,5.0,35.0
9146,63.0,1.8828834087966981,0.011386817145531037,0.3910930951853556,2.0,41.0
9147,47.0,1.650056790217227,0.01209012835316472,0.37465865443634194,4.0,29.0
9148,47.0,1.5865384156580034,0.015003446067076473,0.3248480459067963,5.0,33.0
9149,42.0,1.672668011833072,0.013536762732960932,0.34902242733968963,5.0,42.0
9150,57.0,1.703059362969424,0.012326558249891928,0.3609398863022575,3.0,24.0
9151,59.0,1.6074819575184545,0.011278111049505019,0.37737303175096404,5.0,29.0
9152,62.0,1.6865122029237325,0.01454301310459587,0.36180587496489736,4.0,38.0
9153,53.0,1.7399187696794356,0.013666101701138224,0.3653496871941476,4.0,38.0
9154,54.0,1.816970141958299,0.012964877714448873,0.39148944925604656,3.0,20.0
9155,60.0,1.6102613480030707,0.013236141473532062,0.3444303551744668,2.0,22.0
9156,59.0,1.7139135756820605,0.014081647699016552,0.3957937749572744,2.0,16.0
9157,55.0,1.6818550743682472,0.010702599589072296,0.3707752882806582,4.0,36.0
9158,56.0,1.6068395813122733,0.011825154121597082,0.3663472484934943,5.0,31.0
9159,57.0,1.8738095687963525,0.012448513156201393,0.39908566848477356,4.0,41.0
9160,63.0,1.747894677830135,0.013234834681988755,0.37673912285534095,3.0,38.0
9161,58.0,1.6427290077083847,0.01054536040549791,0.3457128529477594,3.0,34.0
9162,54.0,1.7310816756609195,0.016103105991841858,0.3868923065924448,6.0,42.0
9163,36.0,1.6926201583149156,0.016771182087248256,0.3738215422303576,6.0,40.0
9164,59.0,1.6835827943187094,0.014444470134404202,0.38310790174704284,5.0,41.0
9165,42.0,1.750734407392622,0.015322220893822668,0.375247208533508,4.0,36.0
9166,53.0,1.579259351652067,0.013241380936973683,0.3474132323784582,5.0,32.0
9167,46.0,1.589808511779817,0.014476141137045546,0.3236149494064996,5.0,37.0
9168,56.0,1.7846535035289526,0.00979464510326086,0.3633106536690591,2.0,31.0
9169,57.0,1.7213547450876936,0.011930178195018439,0.3721711676683783,5.0,38.0
9170,41.0,1.7924126244412355,0.012275505980884071,0.39659057359207356,6.0,42.0
9171,55.0,1.5978203773741584,0.01902123996675102,0.3655794034638637,4.0,26.0
9172,54.0,1.622971177017783,0.015043246792177794,0.38968686372622463,5.0,37.0
9173,34.0,1.7960218556329002,0.012984376327625648,0.38052219485036737,6.0,41.0
9174,53.0,1.8417598560394979,0.014774391979357175,0.393709497198562,4.0,24.0
9175,55.0,1.793355804370832,0.010914680498413295,0.37821093706914527,3.0,38.0
9176,47.0,1.5766020651172004,0.012613418186053509,0.3352387331166963,5.0,37.0
9177,60.0,1.6517614690881801,0.013377391857986209,0.37636743735826433,4.0,39.0
9178,54.0,1.7540101366774163,0.008914002420218736,0.3679030801993881,3.0,41.0
9179,52.0,1.7350413109426062,0.012548608440413717,0.3825058490347031,3.0,35.0
9180,53.0,1.7735387272242644,0.01384863846288601,0.37843571127226844,5.0,39.0
9181,53.0,1.5592455576643622,0.014595873745505956,0.374500098871598,6.0,37.0
9182,59.0,1.8892156143577523,0.012698753220796843,0.3931939717567099,4.0,36.0
9183,57.0,1.728923944049116,0.009876330054471314,0.37067919327837273,4.0,41.0
9184,54.0,1.580184410831471,0.017724642314802468,0.3848880652020865,5.0,30.0
9185,54.0,1.6744052582530993,0.01637559588269931,0.35313876512566594,4.0,35.0
9186,63.0,1.6997232091760188,0.013461531494253748,0.34659009862879575,2.0,31.0
9187,46.0,1.7895652029836366,0.012220349727038032,0.37838930377889984,4.0,42.0
9188,57.0,1.7919045257707618,0.014577393048018847,0.38270816318048584,2.0,28.0
9189,62.0,1.6742926452909352,0.012626666208474753,0.3800903825474742,3.0,21.0
9190,47.0,1.4565261185611553,0.019770792015511712,0.27473100736196326,5.0,38.0
9191,44.0,1.5029740530546507,0.013114060657001903,0.3020611189653393,5.0,38.0
9192,57.0,1.66767649130364,0.01344039778509213,0.33949393914996906,4.0,32.0
9193,54.0,1.5638360420711008,0.01571855003015153,0.3654650778286064,5.0,30.0
9194,59.0,1.542625800391548,0.014045555734200953,0.3675447103261394,4.0,27.0
9195,55.0,1.6613668975868603,0.017279187880384073,0.36847645855467887,4.0,33.0
9196,44.0,1.6746622178795973,0.016271472256292704,0.3702668033624479,5.0,30.0
9197,53.0,1.8797409943160022,0.012898315409104612,0.38952467696293996,2.0,29.0
9198,54.0,1.6431664408192965,0.011622943629863535,0.3432482661344986,4.0,35.0
9199,50.0,1.7453549780483728,0.011692068717598545,0.37917955617911436,5.0,31.0
9200,38.0,1.6822888522264678,0.011503227999796972,0.34234429026319935,5.0,41.0
9201,42.0,1.8453471430606316,0.013747818118737069,0.39775548917395126,6.0,40.0
9202,47.0,1.4860158390550842,0.01739623348156149,0.33999566077843496,6.0,38.0
9203,41.0,1.6731212734837406,0.011475587935662586,0.36661141965986266,5.0,40.0
9204,55.0,1.8917082371246674,0.012143713822635115,0.39544266950373863,3.0,39.0
9205,54.0,1.687488544327828,0.01588450873220832,0.37231345739899385,4.0,32.0
9206,53.0,1.6245582717217208,0.012045557114296498,0.36292966171444624,4.0,32.0
9207,57.0,1.8194804342380724,0.010940849323801176,0.38930548666575154,4.0,38.0
9208,61.0,1.734839868926623,0.01722977306419498,0.37176434130995056,4.0,33.0
9209,43.0,1.6090362945129928,0.01703786668359134,0.34473922651714295,5.0,35.0
9210,45.0,1.8342722789925363,0.012076559981874522,0.38040302624997485,3.0,42.0
9211,49.0,1.7060368901765326,0.016091679466283874,0.36997671931262627,4.0,31.0
9212,36.0,1.6077010142568755,0.011916517664198774,0.3424047271603139,5.0,36.0
9213,56.0,1.676969531636725,0.011920914305090867,0.36171182409825225,5.0,40.0
9214,61.0,1.5896008959570191,0.018142137259150218,0.35183215708809146,3.0,22.0
9215,39.0,1.6124545193006754,0.015277452242708036,0.318828330696193,5.0,37.0
9216,62.0,1.6374903555782927,0.014921773800953818,0.37043630143455675,3.0,27.0
9217,56.0,1.582818719040952,0.014280652489430896,0.35838712860575545,5.0,32.0
9218,61.0,1.802457992452445,0.01226984546728675,0.36687701024901215,4.0,35.0
9219,59.0,1.7571636983660388,0.011481868738467267,0.3535802084482314,4.0,39.0
9220,54.0,1.7457010050810373,0.014181240012032841,0.35806781413621164,3.0,39.0
9221,55.0,1.7787433236500378,0.01179842722497539,0.3913543074508501,5.0,39.0
9222,45.0,1.7721592325233768,0.011925886659638346,0.37308027220043605,4.0,32.0
9223,58.0,1.8420501426992335,0.01568049047736349,0.3942044870051894,4.0,32.0
9224,29.0,1.588404828974015,0.015591669457432912,0.33767837729468986,6.0,38.0
9225,46.0,1.6569005264562842,0.012304554930588336,0.3944495398337771,5.0,37.0
9226,55.0,1.6514483297444338,0.014885200323400608,0.3696746733882136,3.0,29.0
9227,56.0,1.7653349442654536,0.016744375093217707,0.3936276005389425,4.0,33.0
9228,38.0,1.5699696885542533,0.014155365976201179,0.3525598633473098,6.0,41.0
9229,36.0,1.5679597277048063,0.013383287830960289,0.3246873183521694,5.0,42.0
9230,47.0,1.6509177640869186,0.01947225231267549,0.3757449762954387,6.0,36.0
9231,61.0,1.4839216652012257,0.012878322238753053,0.31624530172534404,3.0,17.0
9232,53.0,1.5916462879203923,0.01825486402077108,0.381368924760143,6.0,37.0
9233,54.0,1.644297832378888,0.014435259998616744,0.36320729725721274,4.0,22.0
9234,53.0,1.6408027242676977,0.014249690628453479,0.3510488592112197,4.0,40.0
9235,46.0,1.7958409100193795,0.013611665745361516,0.3614607372256959,5.0,41.0
9236,55.0,1.834486303525086,0.009708627781110667,0.3904612071875591,3.0,38.0
9237,45.0,1.581611806154877,0.012087495463448084,0.3502207947996177,6.0,42.0
9238,56.0,1.6786290271717377,0.017197112003940838,0.3825591748732444,3.0,15.0
9239,47.0,1.6359107537906077,0.017909153621402076,0.3888618426471668,6.0,40.0
9240,47.0,1.6738263543239593,0.018406630561622978,0.3608934129085069,4.0,32.0
9241,62.0,1.661804740508573,0.015269176045354594,0.3637125502647297,2.0,23.0
9242,51.0,1.556685636100068,0.015349399504641292,0.35836003717700166,5.0,31.0
9243,49.0,1.6212724614924576,0.012578229329064163,0.3553042710622614,6.0,42.0
9244,53.0,1.7273560869190268,0.011392565118386206,0.36708106656449496,5.0,32.0
9245,54.0,1.655723208648533,0.01428928483875676,0.3248804944971223,4.0,38.0
9246,59.0,1.5416313510110782,0.014244999499573875,0.34182266063217054,3.0,29.0
9247,58.0,1.7350182567913264,0.01133811057098276,0.3922947016378496,4.0,38.0
9248,63.0,1.7673175803040946,0.011241810286321277,0.37582937865831734,2.0,22.0
9249,44.0,1.7403113551991989,0.014691589933662784,0.3806069518918475,4.0,32.0
9250,55.0,1.8275689995978979,0.012151732971264484,0.3873134821461742,4.0,25.0
9251,53.0,1.523033268106612,0.017403917854927353,0.30047510623702367,4.0,33.0
9252,53.0,1.637814020446099,0.011291721891451204,0.33633050127970426,4.0,42.0
9253,49.0,1.653352834179031,0.014281924077416758,0.3612836105682286,6.0,39.0
9254,45.0,1.7338975904781386,0.015820979785572016,0.3810198360002534,5.0,39.0
9255,44.0,1.6908834543509572,0.012607292773409952,0.383775191193667,5.0,36.0
9256,57.0,1.7115087464078864,0.015273748113774901,0.37945463652521183,5.0,39.0
9257,54.0,1.671070490763293,0.013543862315451231,0.3635941780456571,5.0,36.0
9258,39.0,1.6744992173062891,0.01666822841610296,0.3717500382401311,5.0,37.0
9259,46.0,1.6833033829486266,0.013305167365996158,0.36789048327149687,5.0,36.0
9260,44.0,1.6729299356849578,0.013056438566567801,0.36000522582030897,5.0,33.0
9261,62.0,1.5631775398023218,0.012769788147201486,0.3389375662239935,4.0,22.0
9262,46.0,1.670405505121767,0.010940760062392701,0.3319541136259103,4.0,42.0
9263,63.0,1.730623755816637,0.01055806542300364,0.36977601878872596,2.0,37.0
9264,60.0,1.56319013514611,0.017993968600068272,0.3323531247425862,4.0,25.0
9265,43.0,1.6863566174531788,0.014499028207345725,0.39133025858269266,5.0,32.0
9266,54.0,1.743066395873805,0.012873106861039818,0.349382232619876,5.0,39.0
9267,61.0,1.6527947560168226,0.015701638446570135,0.38489239215333,3.0,16.0
9268,59.0,1.6050751336026086,0.01332459320698655,0.3573665989422654,3.0,29.0
9269,52.0,1.657012589219022,0.013418715416254603,0.39063203240073857,5.0,35.0
9270,45.0,1.7340563444815884,0.01705866446904878,0.3760658796108246,5.0,40.0
9271,58.0,1.7161734559215565,0.010666425923366968,0.3761472147777346,3.0,36.0
9272,59.0,1.577883339157217,0.01932166524742472,0.33006958859098595,3.0,16.0
9273,56.0,1.7471227683225177,0.009700979214538934,0.39498669193176666,3.0,34.0
9274,57.0,1.7432518606246798,0.012505822477172517,0.34981847635859914,3.0,36.0
9275,41.0,1.7243034683735552,0.0150792076229745,0.3648993715169556,6.0,38.0
9276,53.0,1.569895924879754,0.013650340853111533,0.3586004279847726,5.0,32.0
9277,54.0,1.5475140212127938,0.01296740241733271,0.32600398954831405,5.0,31.0
9278,53.0,1.5630903462167671,0.014752684082827575,0.30128470377353783,5.0,42.0
9279,54.0,1.5727876912754295,0.014446805556822937,0.30069024763429536,4.0,42.0
9280,54.0,1.7987322441247002,0.014282137867213177,0.3786012827464264,3.0,32.0
9281,63.0,1.7287316448969738,0.01201494437055763,0.37675262825698885,2.0,31.0
9282,51.0,1.6372361677558067,0.014006735619368493,0.3730904638803593,6.0,39.0
9283,56.0,1.7255659224955606,0.013384512327529558,0.3989189975371787,3.0,26.0
9284,41.0,1.5950270195659217,0.015667145813041315,0.3671827426936694,5.0,30.0
9285,47.0,1.5984428378751097,0.014116765944432914,0.3255246233293631,4.0,34.0
9286,54.0,1.6413195533279115,0.017246517093528358,0.37500845725545096,5.0,35.0
9287,53.0,1.530627458971625,0.011041144900469207,0.32951270238437746,5.0,37.0
9288,37.0,1.5223800264219975,0.016439430698324986,0.29884765524841683,5.0,41.0
9289,41.0,1.5370513717948688,0.016203815342362374,0.35086774030960155,5.0,30.0
9290,49.0,1.6374817312482657,0.013440936315454826,0.37650104526545614,5.0,39.0
9291,37.0,1.6773753554369324,0.01571177512420304,0.3655789517475037,5.0,35.0
9292,45.0,1.626645219934152,0.014515806282676529,0.35005530390747724,4.0,23.0
9293,53.0,1.767699433531475,0.015587096359657606,0.38786259927011585,3.0,33.0
9294,58.0,1.6236926563428096,0.014311973952350888,0.36244288392411295,5.0,39.0
9295,61.0,1.4406113445879212,0.017428933706373217,0.28772133038106557,3.0,25.0
9296,58.0,1.6990701574281724,0.011182117686691624,0.3636131923802171,3.0,28.0
9297,59.0,1.7879793498253738,0.008983412440162914,0.3563652436228541,1.0,36.0
9298,43.0,1.6410022138095117,0.01401616028182289,0.3241358297929877,4.0,33.0
9299,57.0,1.6532270823320556,0.01712707486096062,0.376508589477526,4.0,30.0
9300,47.0,1.6901199217831846,0.01638515332502214,0.36733165398890383,5.0,33.0
9301,39.0,1.6069120477305574,0.013509272059284998,0.325266985679547,5.0,36.0
9302,57.0,1.7380930090855007,0.015871156384823105,0.3856355108268778,4.0,31.0
9303,53.0,1.6092877806643124,0.013212342783347835,0.3185781394769654,3.0,37.0
9304,44.0,1.7311920865958985,0.01431475156196879,0.3873803802152301,4.0,35.0
9305,47.0,1.546246678619953,0.016016982897406624,0.3757755687218769,6.0,38.0
9306,55.0,1.5952945944413603,0.01681408248097873,0.34273209316790537,4.0,24.0
9307,44.0,1.7267247218976238,0.012056653829789005,0.37913126943713443,5.0,42.0
9308,59.0,1.7026719771072827,0.0160196128289666,0.39904466917173165,4.0,37.0
9309,61.0,1.7307272752162708,0.017653914623883774,0.3863649755741848,3.0,20.0
9310,49.0,1.8257283114745673,0.013072428990006846,0.37381410059497416,3.0,35.0
9311,42.0,1.7786493963104308,0.013811083076746642,0.38280933409213136,5.0,38.0
9312,45.0,1.762215788085566,0.011668484422895682,0.3972451492447165,5.0,35.0
9313,60.0,1.7026359178942432,0.01187460028108562,0.34373482114214904,4.0,38.0
9314,47.0,1.772193946423799,0.015122041159953956,0.3879574549321609,5.0,40.0
9315,61.0,1.670861340402595,0.015144914125199251,0.37830059594503695,5.0,38.0
9316,49.0,1.7310175903507043,0.013762960963197313,0.36539618965519205,4.0,28.0
9317,44.0,1.8166963416442783,0.012040116976727057,0.3865371848995463,4.0,31.0
9318,55.0,1.7364737752966368,0.014397879520988782,0.368389738381158,3.0,35.0
9319,45.0,1.7663921056852883,0.014601867588366308,0.3819736934835097,5.0,40.0
9320,57.0,1.6907807477092371,0.011307198558038196,0.3800775163118961,4.0,42.0
9321,57.0,1.6982417303776498,0.016774471448284024,0.3835347683825495,3.0,18.0
9322,55.0,1.6917127060147459,0.016224890777855397,0.3555782075684156,5.0,37.0
9323,48.0,1.7056248941159449,0.013172884642550573,0.3570589064840726,6.0,37.0
9324,56.0,1.5731832086714408,0.014032599897157896,0.33656447760998126,4.0,35.0
9325,43.0,1.7289643967083481,0.014079521469833238,0.37344531504964223,5.0,33.0
9326,51.0,1.6040146869382448,0.01359966964060793,0.3077123856869769,4.0,36.0
9327,57.0,1.713053354586518,0.01626324178955295,0.39034186304145607,5.0,39.0
9328,62.0,1.764332004259374,0.011137191622215672,0.3720583506805381,3.0,30.0
9329,43.0,1.614694037542746,0.013393238974510504,0.33449446082483214,4.0,31.0
9330,56.0,1.6323192042981276,0.013452761073946188,0.3769316459579584,4.0,30.0
9331,61.0,1.7897057849299773,0.015085515230709976,0.37729990531859975,4.0,40.0
9332,41.0,1.6276358451995165,0.015898118435873437,0.3448804480597038,5.0,39.0
9333,51.0,1.698183897385281,0.012717967512437763,0.3781309833367091,4.0,35.0
9334,44.0,1.7108672165209204,0.010603620487713232,0.35393868694448866,4.0,37.0
9335,42.0,1.5681359390940828,0.014660613750060069,0.3080583677629712,4.0,34.0
9336,42.0,1.6876925604485886,0.0111537127943893,0.3484986051886881,3.0,37.0
9337,50.0,1.7395486645057785,0.012802679362835565,0.36779873007167274,5.0,40.0
9338,51.0,1.7793385938377537,0.01023672807219105,0.39399855636864634,4.0,34.0
9339,60.0,1.7255113459354898,0.011888435393786354,0.3918226428144809,4.0,33.0
9340,58.0,1.5935455599183785,0.016565154283901175,0.32867635726536903,4.0,40.0
9341,57.0,1.7655094648444352,0.012051722113220647,0.37815479506293664,2.0,28.0
9342,61.0,1.695320440284308,0.015498731343245867,0.3801665601225394,4.0,23.0
9343,57.0,1.667295346049872,0.014713401758928218,0.346852140681143,4.0,41.0
9344,31.0,1.6555916822164214,0.012586127083572849,0.36258181954040236,6.0,39.0
9345,41.0,1.6804047174530434,0.016007115266900625,0.3683588068562992,5.0,29.0
9346,59.0,1.663568791398462,0.012319881053261006,0.3600975724276242,5.0,34.0
9347,55.0,1.778332301203061,0.014355782699689483,0.39221258779341045,2.0,20.0
9348,55.0,1.7054150828381145,0.01919248462892661,0.36742678094259545,4.0,29.0
9349,46.0,1.7141638809763027,0.017414843167339062,0.39097415292302395,5.0,32.0
9350,58.0,1.6290519329785413,0.01163848010814867,0.3399763083900739,3.0,41.0
9351,46.0,1.612147972098331,0.014088963398874752,0.36097450266566666,5.0,41.0
9352,54.0,1.7953479155186018,0.01050935997735546,0.36803416622443436,1.0,32.0
9353,46.0,1.7824390326475108,0.015063906963224127,0.395075222574143,5.0,38.0
9354,39.0,1.7648487559421284,0.012989017405114345,0.38205983035516206,6.0,37.0
9355,59.0,1.7087825763584388,0.014805846051119462,0.34624011873556854,4.0,29.0
9356,46.0,1.649334815522282,0.019527799081008074,0.3627757710349033,6.0,40.0
9357,58.0,1.7137647961597626,0.013925413617049732,0.3918629165903335,4.0,32.0
9358,54.0,1.7518057221291652,0.013271254453790205,0.3988914401041641,4.0,29.0
9359,51.0,1.7250517188741898,0.01626829240711625,0.3505069152575893,4.0,39.0
9360,45.0,1.7312467867283206,0.013611528380374043,0.3648061567534738,5.0,33.0
9361,40.0,1.6735766303754787,0.014459823680805499,0.37692188346141253,5.0,42.0
9362,46.0,1.6295200061625172,0.0132942580545536,0.36117626821511933,5.0,38.0
9363,53.0,1.8018367157431288,0.014265291102336063,0.3718524788993197,4.0,41.0
9364,63.0,1.7988599730452186,0.015221491046061892,0.38484538400030155,3.0,34.0
9365,55.0,1.6781466722927325,0.013007898359123712,0.33493017522486,3.0,29.0
9366,53.0,1.8138063785355372,0.010926451733325364,0.3535217052904898,3.0,38.0
9367,53.0,1.5656623424445568,0.015085448440423815,0.3168449303755608,4.0,41.0
9368,58.0,1.669212317558228,0.011583420008492454,0.37510419284171553,3.0,32.0
9369,38.0,1.7495667385085405,0.013348418995708152,0.38385635666083273,5.0,42.0
9370,41.0,1.7405393111300922,0.013425245337210685,0.38344107751535295,4.0,38.0
9371,53.0,1.65692096028091,0.013190057410300838,0.35109917863036266,2.0,19.0
9372,53.0,1.818285007441685,0.01057535252723778,0.3647365578873583,2.0,41.0
9373,61.0,1.6648759417500028,0.012279957211212045,0.3856949946028399,3.0,29.0
9374,59.0,1.8102711491865426,0.013056448527702193,0.39455438255185493,4.0,34.0
9375,63.0,1.7257731554895217,0.011608553799265477,0.38311231246573674,4.0,26.0
9376,59.0,1.6599094169709336,0.013001341237355645,0.3827576310720415,4.0,36.0
9377,53.0,1.7209859107218681,0.01739196963671239,0.3647662952521763,5.0,31.0
9378,46.0,1.45970798576233,0.015862778850177155,0.2858682272807375,5.0,41.0
9379,48.0,1.6761807711457957,0.01562185429814467,0.3735277856763062,5.0,31.0
9380,33.0,1.8128723612131459,0.012874276333703633,0.398068163476982,5.0,41.0
9381,61.0,1.5163474324322257,0.01330278473585051,0.3374403329447492,5.0,34.0
9382,50.0,1.367165701678759,0.014768057427981382,0.2883795098355227,5.0,29.0
9383,54.0,1.6035627519211555,0.01824412773479802,0.34423829895433966,5.0,38.0
9384,54.0,1.6770212053543991,0.011316114791831977,0.35194131915791976,5.0,42.0
9385,54.0,1.7099678195151542,0.00968469552261167,0.3711771886749875,3.0,38.0
9386,34.0,1.568605663755692,0.016450364480712902,0.3179511142164212,5.0,38.0
9387,54.0,1.6473388281394368,0.01608542834855732,0.3306780505122454,5.0,35.0
9388,53.0,1.8345877302861358,0.01186971687701631,0.3904009471011992,5.0,40.0
9389,48.0,1.8373763943969126,0.011770451257213233,0.3831105206613888,4.0,36.0
9390,59.0,1.6890196006994376,0.018814883692434402,0.38552030684829586,4.0,25.0
9391,44.0,1.6034171648127211,0.013149902391186559,0.352220230883107,5.0,42.0
9392,60.0,1.534325672318804,0.013929645618848019,0.35349550216564446,5.0,35.0
9393,57.0,1.781013569825486,0.013893571251419266,0.3605624626922249,3.0,42.0
9394,53.0,1.7748721600670414,0.015531774147412643,0.38776876485627976,4.0,22.0
9395,40.0,1.6491893702411637,0.01189863003257217,0.3579579869351376,5.0,41.0
9396,53.0,1.7657251544657717,0.011326344223601136,0.35726295292652455,3.0,41.0
9397,41.0,1.778532467398351,0.010569455794915198,0.387213738708186,5.0,38.0
9398,45.0,1.5747424629997986,0.014650858251498224,0.34169251442327436,6.0,40.0
9399,44.0,1.6871209495023953,0.013826848455809324,0.39184044417193753,5.0,38.0
9400,56.0,1.686200780439939,0.01516133867792762,0.3948290415163078,4.0,26.0
9401,62.0,1.7614920407744066,0.015262938659134319,0.3615698682287166,3.0,24.0
9402,61.0,1.626884010562886,0.013668109401255554,0.3466087770073594,3.0,41.0
9403,40.0,1.7510432418920185,0.014303539028992203,0.37721045524456837,5.0,40.0
9404,51.0,1.6734158013916944,0.013893471106791946,0.3773629891856171,5.0,32.0
9405,39.0,1.7508222251322132,0.016364109084862133,0.39331199406952877,5.0,40.0
9406,54.0,1.4541905518074845,0.015353519943575282,0.2755922922310461,4.0,38.0
9407,50.0,1.670770360028057,0.01548154296688265,0.374819205915363,6.0,42.0
9408,52.0,1.721702797342967,0.014110714168855669,0.36265402842430355,3.0,33.0
9409,53.0,1.6001373520218618,0.016402036046654824,0.32198895346912676,4.0,26.0
9410,43.0,1.48806976319049,0.014238158276582862,0.3407003440338158,6.0,37.0
9411,55.0,1.6857473731890738,0.013574900322415975,0.3794366465531755,3.0,33.0
9412,41.0,1.7807822891200056,0.00992076520282537,0.3830047716792732,3.0,41.0
9413,48.0,1.620084844010854,0.013454270309315298,0.30121942021345993,4.0,40.0
9414,39.0,1.5707474896084963,0.014794620496246033,0.34241338455910575,5.0,32.0
9415,60.0,1.701254965149136,0.012215747903446058,0.36118198244549915,4.0,29.0
9416,55.0,1.7799987324019468,0.013993653635793208,0.3896486795392524,2.0,19.0
9417,52.0,1.5850900262768595,0.014345763145763725,0.36227337736852766,5.0,35.0
9418,57.0,1.7829499400229993,0.014052886611471999,0.3803116727903631,4.0,33.0
9419,38.0,1.678746495159568,0.011494490322287979,0.38264115690950995,5.0,29.0
9420,45.0,1.6827280038233157,0.014992597041684104,0.3700585041384089,5.0,42.0
9421,43.0,1.7427982280338798,0.014960568282468882,0.36513150321691495,4.0,41.0
9422,60.0,1.6680070489051133,0.014105223677448129,0.3582504731130618,3.0,18.0
9423,41.0,1.6506499717739715,0.014905256169392247,0.34477871426825457,4.0,33.0
9424,40.0,1.766151190065954,0.01368501100809536,0.3595828279085557,6.0,40.0
9425,44.0,1.6949662435292339,0.014772132535727798,0.38341071685801875,5.0,30.0
9426,61.0,1.6104788016126375,0.01250811240370152,0.3086561796837064,2.0,34.0
9427,52.0,1.5678655830573338,0.0129674008358208,0.30003457357536867,3.0,38.0
9428,58.0,1.6024822889711836,0.014094993104140018,0.34018016446610644,5.0,30.0
9429,55.0,1.6482706845726094,0.012877287655480152,0.3631945924871981,6.0,40.0
9430,56.0,1.6780665945493305,0.011519337406097082,0.3451240616922526,3.0,32.0
9431,56.0,1.706026771532861,0.012356832086553433,0.3679404436034018,5.0,38.0
9432,61.0,1.7170612115318287,0.014010331994918763,0.3791748337115004,5.0,38.0
9433,60.0,1.7416614370365866,0.014938922783767876,0.36016266432911215,3.0,37.0
9434,47.0,1.6779630179590983,0.01731638284066737,0.37376662426488244,6.0,37.0
9435,53.0,1.611703176315818,0.01371253530873301,0.3524611117740535,3.0,29.0
9436,47.0,1.533293860740647,0.01732440952400108,0.34770466605585865,6.0,41.0
9437,47.0,1.651603993026407,0.014257712543842737,0.3775485499110618,5.0,35.0
9438,53.0,1.6970683748591735,0.011806814286823276,0.3908185471350003,6.0,37.0
9439,60.0,1.638689618999045,0.011285259433363436,0.3328191825365015,4.0,40.0
9440,60.0,1.8710031411934362,0.010773841970959274,0.3879819368027429,2.0,38.0
9441,62.0,1.7367241175582282,0.015882095913232155,0.3626378920902972,3.0,38.0
9442,55.0,1.5724222243404258,0.017427232927434533,0.35933188053066145,4.0,24.0
9443,53.0,1.7891981009655178,0.018814430661310385,0.391824897903578,5.0,32.0
9444,59.0,1.6955971380358443,0.010478264696580263,0.37062804792510373,5.0,40.0
9445,58.0,1.704591024065213,0.015846439940568505,0.3573692194225218,4.0,33.0
9446,55.0,1.61421813536282,0.013206036425069151,0.3501099767884444,4.0,33.0
9447,59.0,1.8559886261683278,0.01477450434295731,0.39264910795073227,3.0,33.0
9448,61.0,1.7623152038099419,0.010681522079283882,0.3931215394092454,2.0,30.0
9449,57.0,1.6768866158450566,0.012816534676427186,0.38305814550212774,5.0,32.0
9450,44.0,1.6299326803634726,0.014260883612357524,0.3368208752648051,4.0,37.0
9451,40.0,1.6757926288246512,0.014984238169200774,0.3729062915205962,5.0,31.0
9452,44.0,1.6205484632539269,0.012213639020960093,0.3400638401882049,5.0,34.0
9453,63.0,1.508479484802262,0.016852679444067115,0.3061285028859305,3.0,28.0
9454,58.0,1.6179181770336506,0.01739836850148043,0.3242482383823264,4.0,30.0
9455,50.0,1.7078929857883456,0.01048221586918064,0.3631355426965218,3.0,32.0
9456,48.0,1.7369746701195856,0.01761934229337196,0.36970994311563704,4.0,28.0
9457,59.0,1.7420300506867594,0.011960227379595184,0.3708276266491185,3.0,42.0
9458,49.0,1.7038161063308634,0.015491594383498144,0.38537167319608606,5.0,33.0
9459,59.0,1.5857961392962077,0.013745574406681116,0.36045782558587114,5.0,40.0
9460,61.0,1.6937794708849647,0.016042085196677464,0.37919999412901584,2.0,15.0
9461,52.0,1.6298143054907526,0.012239978368883466,0.35906850597660284,4.0,26.0
9462,63.0,1.654670599709525,0.018838103283526118,0.3501083632302198,3.0,19.0
9463,49.0,1.6690915792523071,0.012241764349124037,0.3388561049786668,5.0,41.0
9464,54.0,1.6763302102296167,0.015754738171056402,0.34193781118727257,5.0,38.0
9465,39.0,1.7550478219939427,0.010088131389413162,0.39816565640836254,6.0,37.0
9466,37.0,1.53058261132222,0.013955646226286884,0.29208907752985924,5.0,39.0
9467,41.0,1.5408212148366724,0.014983450843071962,0.3303796113600566,5.0,30.0
9468,56.0,1.7728870160323726,0.010942021177759867,0.39262711676721324,3.0,37.0
9469,48.0,1.693771076200203,0.01673751288131002,0.3609876958083948,4.0,30.0
9470,63.0,1.6595079714234342,0.014625397013105,0.35974453964568043,2.0,26.0
9471,55.0,1.745561394711367,0.013136933482351626,0.3830853077226287,3.0,39.0
9472,33.0,1.5738822018663623,0.015189145367748536,0.31335920668317124,5.0,42.0
9473,58.0,1.677818734118347,0.011663742971435789,0.3766210878419057,5.0,36.0
9474,57.0,1.6008921827588212,0.015222603584747604,0.3233279413784603,4.0,42.0
9475,39.0,1.7214694168716687,0.012041373341512078,0.3830693453404831,6.0,41.0
9476,62.0,1.5570971668725797,0.015198669420165572,0.32516724461339724,4.0,35.0
9477,54.0,1.6824539933688252,0.014362523709615958,0.3488451616707635,5.0,37.0
9478,44.0,1.7479612755781646,0.014137201261691516,0.37245012570225006,6.0,40.0
9479,41.0,1.5756544321439725,0.012378321207365425,0.344057698638853,5.0,37.0
9480,52.0,1.729978352238945,0.014141637068467645,0.39388333414850135,4.0,36.0
9481,59.0,1.5123682373176586,0.01550084205334612,0.293017289500621,3.0,28.0
9482,58.0,1.486444969713907,0.016321854797455022,0.31100541421616673,3.0,21.0
9483,44.0,1.6737754062984,0.015516133659756754,0.37944894367546367,5.0,30.0
9484,52.0,1.7914423339951726,0.011853055930141831,0.39243150848686376,4.0,25.0
9485,55.0,1.597683569831378,0.0166057300490531,0.36570478896983355,4.0,30.0
9486,63.0,1.719458734898663,0.012394934500501205,0.3845701591381205,4.0,32.0
9487,63.0,1.7690943074921845,0.01341352252739383,0.3595566793060677,2.0,25.0
9488,44.0,1.5849815380656656,0.0124659135702442,0.3287081304026195,5.0,39.0
9489,61.0,1.7859789929430114,0.012960525622072077,0.3600825969021408,2.0,29.0
9490,53.0,1.6072334669253048,0.01378142537620214,0.3126355838783108,4.0,41.0
9491,39.0,1.7358825219908867,0.014770084821266216,0.38101973122967786,5.0,29.0
9492,53.0,1.7471053546113569,0.01589216584900486,0.37244527176417735,5.0,35.0
9493,60.0,1.7363628011511363,0.015761067415083607,0.38817833189388057,3.0,17.0
9494,60.0,1.6214444902277834,0.01576109048678145,0.37552989901874995,4.0,25.0
9495,31.0,1.6442655398610944,0.014308794450987861,0.3750143174199631,6.0,38.0
9496,42.0,1.715357429487432,0.013038332841092636,0.3545044929755962,4.0,36.0
9497,63.0,1.7808647011548624,0.012916428946824848,0.39346877613528025,1.0,6.0
9498,53.0,1.635296370717567,0.015251773309057646,0.3648099191160758,3.0,17.0
9499,63.0,1.4832541470979348,0.015815580499744738,0.31543180106432633,3.0,18.0
9500,60.0,1.6502165607550041,0.013947743615016068,0.33029224167247573,4.0,40.0
9501,53.0,1.6701506489132312,0.01856983335854457,0.38575589523076526,5.0,42.0
9502,55.0,1.6449008004509647,0.013828573384389406,0.31950681908513595,3.0,31.0
9503,47.0,1.7044136611165852,0.012727283640010852,0.380414787790569,5.0,39.0
9504,48.0,1.5095670126112875,0.013253452959522509,0.3444843455789279,5.0,35.0
9505,39.0,1.511922348817962,0.017538050189538898,0.3477548404180075,6.0,37.0
9506,60.0,1.787755485082042,0.011990684472797221,0.3830226173232257,1.0,30.0
9507,51.0,1.7371395919271209,0.013417864723613112,0.37573206800150877,3.0,37.0
9508,50.0,1.6204695027567226,0.013431615949321758,0.3582725915494478,5.0,40.0
9509,57.0,1.611853390278945,0.013685765360349975,0.35020639647288504,5.0,41.0
9510,62.0,1.4965697167830752,0.014353876405416797,0.2799419365573046,3.0,30.0
9511,48.0,1.607894456746536,0.01378429504062845,0.32990391195199964,4.0,29.0
9512,53.0,1.5541810883487688,0.014442888439166185,0.2898421782009575,4.0,42.0
9513,51.0,1.6757630079493528,0.014516500346745544,0.38613016733353117,5.0,38.0
9514,46.0,1.7646355106316602,0.015119859225658373,0.3737320085795803,4.0,30.0
9515,58.0,1.7215316394763613,0.012456458680931497,0.3980542563027627,4.0,32.0
9516,46.0,1.8916076244740248,0.008929642003731168,0.37519826970229564,4.0,41.0
9517,47.0,1.5701051419915861,0.014805394660898112,0.3232366582391794,4.0,38.0
9518,60.0,1.5726883955259505,0.013379906870310902,0.3495466548625555,3.0,29.0
9519,61.0,1.5361024170108863,0.01626455077202727,0.32520835528317765,4.0,30.0
9520,61.0,1.7070565698159548,0.011354369036069784,0.37620160386694645,5.0,38.0
9521,51.0,1.8173825083160053,0.012066576594154594,0.36684878414451283,3.0,33.0
9522,59.0,1.7670274293908657,0.015372430071055952,0.3937835930036567,4.0,41.0
9523,41.0,1.596171133396281,0.011961081082490842,0.3636940128668125,5.0,31.0
9524,55.0,1.642861906104028,0.015213025202997672,0.34284142445082083,5.0,41.0
9525,55.0,1.7711311330048105,0.014298640652119476,0.3815812188489749,4.0,40.0
9526,61.0,1.6510664651863856,0.016997322957853882,0.3448216755937128,2.0,15.0
9527,42.0,1.7851417865299342,0.013685277792649992,0.3788724561287766,4.0,40.0
9528,44.0,1.7244092475252777,0.011663810748603771,0.3797914488713373,6.0,41.0
9529,44.0,1.6472435773395244,0.012844428647407468,0.3438896134479891,4.0,33.0
9530,62.0,1.6835748161519382,0.012388650336580858,0.3762454541172061,2.0,18.0
9531,39.0,1.7268616797962792,0.013635011055231603,0.36922062315605747,4.0,32.0
9532,61.0,1.7070981206109972,0.011452606488898207,0.33584063118183943,1.0,29.0
9533,55.0,1.7517828937289206,0.01659282984547643,0.3933282714805584,4.0,38.0
9534,56.0,1.6007088030047445,0.01409470251734222,0.3354269158317065,5.0,40.0
9535,60.0,1.647581020085813,0.011914885140329557,0.36672892127548523,4.0,27.0
9536,54.0,1.5786697141078025,0.017881506892938673,0.36016591975539736,6.0,38.0
9537,55.0,1.7275644477830745,0.013408104024575552,0.3844602035870866,4.0,27.0
9538,53.0,1.8781451939649163,0.0081275920080874,0.39304049233345906,3.0,42.0
9539,42.0,1.8010995389337654,0.011438740461311665,0.3922517749962193,5.0,42.0
9540,40.0,1.601425216675457,0.014716939065063208,0.3227116298957024,4.0,36.0
9541,60.0,1.6842510070612884,0.014715711900123234,0.3535827573603118,4.0,37.0
9542,58.0,1.6162547338695412,0.011184793798960443,0.3459882824154818,3.0,34.0
9543,45.0,1.8237420030334097,0.017482814615449465,0.39568297701302696,5.0,37.0
9544,57.0,1.6587068045674953,0.014664612979813611,0.36456593466864595,5.0,42.0
9545,39.0,1.5177982678938646,0.016682272226625827,0.32695298216226154,5.0,34.0
9546,42.0,1.7511481709947139,0.014475435753102131,0.36938222373805574,6.0,38.0
9547,61.0,1.7337443770872918,0.01132924052025658,0.38648843548744133,3.0,27.0
9548,55.0,1.8307905612900464,0.01397136473918394,0.3893227716453987,5.0,35.0
9549,52.0,1.7588083364933862,0.017571585469639193,0.3710803708954036,5.0,34.0
9550,61.0,1.6678880943099499,0.01154537416863945,0.37523797534411407,5.0,40.0
9551,59.0,1.6837334100762438,0.014177860254317394,0.39602508817331933,4.0,23.0
9552,63.0,1.6457527588051866,0.012460647150026611,0.35252300297550493,3.0,21.0
9553,57.0,1.7690691818427111,0.012883646242561152,0.3594827870897816,3.0,26.0
9554,57.0,1.5531726726894768,0.014727294363122539,0.3409885748546369,5.0,40.0
9555,58.0,1.7798408951004567,0.013637907187578728,0.3725427664304066,4.0,34.0
9556,59.0,1.723920869162165,0.012129064570940188,0.3616365904475525,3.0,34.0
9557,50.0,1.6033833287468853,0.013489516166154767,0.3255430356150794,4.0,42.0
9558,59.0,1.6410525850975952,0.01483855556836004,0.3305877015339287,3.0,38.0
9559,44.0,1.5063936169458996,0.018202018738970444,0.3111009396631985,5.0,30.0
9560,53.0,1.7216752506346562,0.0150670211506274,0.34645392823701593,4.0,31.0
9561,52.0,1.6881305873554375,0.016978860513138,0.3858548381568576,6.0,41.0
9562,62.0,1.5123719095530919,0.01822897310260563,0.3203478852197635,4.0,26.0
9563,54.0,1.8877418960073038,0.012840365397282677,0.39013143372860254,3.0,39.0
9564,46.0,1.6118026800211465,0.01375033677054639,0.3411624231902681,5.0,35.0
9565,56.0,1.6592522386919588,0.013733738418481713,0.3197574986678879,3.0,32.0
9566,62.0,1.68835191931523,0.013469203548719253,0.3529785636242813,4.0,37.0
9567,55.0,1.6780570011005063,0.015619113963449673,0.39465179889247637,5.0,38.0
9568,47.0,1.5139660372929271,0.013754953475522554,0.35443870510232545,6.0,39.0
9569,48.0,1.746526659199144,0.012617901393692942,0.3728400734373796,6.0,41.0
9570,61.0,1.676516032812912,0.01449032110263298,0.38817663449851486,3.0,19.0
9571,44.0,1.5196842612855477,0.011522794136066432,0.3498580635071842,6.0,41.0
9572,50.0,1.575759991399097,0.014806766789372981,0.3198908731651236,5.0,37.0
9573,60.0,1.47240489951639,0.01624271953697662,0.30018971332008476,3.0,15.0
9574,53.0,1.7101901304537583,0.016654242173910094,0.3772764503017748,5.0,41.0
9575,61.0,1.832908083976228,0.015531212989776376,0.3993435209370082,4.0,39.0
9576,48.0,1.6919365564013793,0.017259900153657463,0.38873629839416446,6.0,42.0
9577,61.0,1.5963642761110282,0.012888027999492862,0.3456065857730207,3.0,39.0
9578,45.0,1.7101056789936282,0.017607564631556466,0.37234158987495836,5.0,40.0
9579,58.0,1.7427026359771114,0.014693142001109195,0.3492340200167273,3.0,25.0
9580,58.0,1.6267427680072322,0.011814203159511042,0.3736561554463203,6.0,36.0
9581,39.0,1.5589957684334912,0.017288254865238675,0.3147496097427895,5.0,38.0
9582,56.0,1.5030267522115122,0.013621423560733582,0.32947324442114745,5.0,32.0
9583,62.0,1.720759002866691,0.011537735424770306,0.3754177559362469,3.0,42.0
9584,40.0,1.6454762966990075,0.010008251783485982,0.37995837632252694,6.0,36.0
9585,47.0,1.7235125579871238,0.014618923772645466,0.3840694344823403,4.0,33.0
9586,52.0,1.6335807936663058,0.010569465717755053,0.3751133440804685,6.0,41.0
9587,50.0,1.6870864769948193,0.012213273062801865,0.3344098779018095,4.0,42.0
9588,48.0,1.6399377487583562,0.01861745008800103,0.36266575332636797,5.0,40.0
9589,44.0,1.7099041848228171,0.01056362660973637,0.3575134544391104,4.0,41.0
9590,56.0,1.694305812367624,0.013736623590527113,0.36794298111164864,5.0,34.0
9591,38.0,1.690808873742775,0.01198457446521671,0.3774634278973761,5.0,41.0
9592,60.0,1.7115276398106238,0.011396738200760929,0.3943953269655505,4.0,40.0
9593,55.0,1.8198521068258855,0.010908520978719034,0.3610794963077721,3.0,36.0
9594,46.0,1.6842086226054696,0.015605173577214096,0.3708027446574241,5.0,37.0
9595,42.0,1.6624995315308166,0.019002324929193334,0.365622461117502,5.0,30.0
9596,58.0,1.7790803597356348,0.018092516945585464,0.37897065664529545,4.0,26.0
9597,62.0,1.7758793307899943,0.013075307434384082,0.370409163482967,4.0,32.0
9598,56.0,1.7383755040236435,0.012308264721861296,0.36022411858881626,3.0,41.0
9599,59.0,1.6789689372714092,0.013280439026951196,0.3671688987377858,4.0,42.0
9600,62.0,1.7268743823545278,0.011596434097818032,0.356696798973809,2.0,41.0
9601,61.0,1.6052497264636014,0.01437609528019663,0.3431792047778015,3.0,36.0
9602,55.0,1.676575540401869,0.01432744752660889,0.35212290572063326,2.0,19.0
9603,44.0,1.701439666842111,0.014196042342360155,0.36517307942272587,6.0,42.0
9604,52.0,1.6424471996062635,0.017763128641051073,0.3482533127197255,3.0,22.0
9605,58.0,1.5865004802799803,0.0147354629494072,0.3403099705204711,3.0,34.0
9606,59.0,1.6429486385962115,0.01477751238946235,0.3569330912402641,3.0,36.0
9607,61.0,1.6914851857980213,0.012069028574335108,0.38617497501852177,5.0,35.0
9608,48.0,1.8234243744084349,0.014052431542695632,0.3874140626203111,3.0,33.0
9609,42.0,1.8026291498741465,0.010368112233886402,0.3959363848012023,5.0,39.0
9610,57.0,1.6323783157677396,0.01281554077309371,0.3615121681847517,4.0,38.0
9611,45.0,1.6709094991260516,0.013167283463861422,0.33936396949077735,3.0,33.0
9612,39.0,1.5602304287324953,0.012259067098903084,0.3707981018221583,6.0,37.0
9613,58.0,1.6707357542561068,0.015228056410816143,0.36877909162482103,5.0,39.0
9614,59.0,1.747376208804401,0.013796878538886937,0.3521537706493622,4.0,39.0
9615,53.0,1.6820809998081347,0.012104448636985256,0.3835154657985518,3.0,25.0
9616,56.0,1.7660502097503679,0.011890779202032666,0.3504204782701145,3.0,38.0
9617,59.0,1.586875550627565,0.016621391041345922,0.35294738652857455,4.0,33.0
9618,60.0,1.6912638406366043,0.013975723391530222,0.3890989956636044,4.0,32.0
9619,39.0,1.7115568971557882,0.014344126475705552,0.36877613415480337,4.0,34.0
9620,55.0,1.859576189045975,0.014179370431478927,0.38537333693867315,3.0,34.0
9621,50.0,1.741749413423566,0.012969867827174525,0.3626824774543809,5.0,37.0
9622,54.0,1.710148390886523,0.01168196884735022,0.3636357199845673,5.0,33.0
9623,54.0,1.591930604485756,0.017683262358804037,0.38750018507431877,5.0,29.0
9624,46.0,1.542866006860881,0.017044492397780973,0.34415777840903544,5.0,37.0
9625,54.0,1.5158535089463674,0.012974545808051557,0.34709848411477157,6.0,36.0
9626,54.0,1.775992544494192,0.016025323034538453,0.3978624044076692,3.0,16.0
9627,51.0,1.8595138287832904,0.014956992836263549,0.3858520811253556,4.0,32.0
9628,46.0,1.6607665135347767,0.014881615640680627,0.33675465808389254,5.0,33.0
9629,61.0,1.7411429334266002,0.009613597016304834,0.35141409966661774,3.0,40.0
9630,61.0,1.6614053828988238,0.013138584303458854,0.3915538913436107,5.0,32.0
9631,47.0,1.7118794661350878,0.012344690574702225,0.39174015732060197,4.0,22.0
9632,63.0,1.6834069408335643,0.015362767722263616,0.39237134167305093,3.0,27.0
9633,62.0,1.6775986858271767,0.01562777960930764,0.3944286466263111,4.0,29.0
9634,55.0,1.8045068872846026,0.010308940049685559,0.3774001524299637,2.0,42.0
9635,35.0,1.6718682880767881,0.011585625559201463,0.3747280067502673,5.0,38.0
9636,48.0,1.511488824659073,0.013524018987205216,0.3211345485781073,4.0,34.0
9637,57.0,1.7983655326199712,0.00905849562986753,0.3994433600744663,3.0,42.0
9638,53.0,1.6939305525786486,0.012295500342807946,0.3971306138213145,4.0,38.0
9639,40.0,1.556073135028771,0.019539886994216903,0.3342248127070432,6.0,40.0
9640,49.0,1.7238337336641503,0.01395907695535667,0.3748200236124476,4.0,36.0
9641,50.0,1.6850554497722137,0.013714253732951613,0.3616263814643912,6.0,42.0
9642,56.0,1.765266518950126,0.01118680081220759,0.39267506960528437,4.0,25.0
9643,59.0,1.5039891834465025,0.01429262878461636,0.35360526573442735,4.0,23.0
9644,56.0,1.8270091052270683,0.016335289277849586,0.39453999352859176,3.0,19.0
9645,53.0,1.723416248706852,0.0161277332017596,0.36969131878189293,3.0,32.0
9646,54.0,1.74026656218833,0.013935529258764508,0.36715155021050044,4.0,34.0
9647,31.0,1.6921785139088497,0.013090795989336879,0.3662042910418125,6.0,40.0
9648,41.0,1.84976503702925,0.015064171605955502,0.3977549366606871,5.0,35.0
9649,44.0,1.5424962326829166,0.013786632717628046,0.3194139583048604,5.0,36.0
9650,60.0,1.6526452296714889,0.01232685309019289,0.33759211055749444,2.0,36.0
9651,54.0,1.665788467188314,0.01741819374725115,0.34435692957810043,3.0,23.0
9652,56.0,1.6492153377491336,0.013437287041159597,0.36774028877901427,4.0,32.0
9653,59.0,1.6313163208877792,0.013774331508307777,0.3248593081188982,2.0,33.0
9654,52.0,1.6549256472009406,0.01513743847042311,0.3331965323240222,5.0,37.0
9655,59.0,1.8507182381916492,0.014929903738060975,0.3864379161847089,4.0,33.0
9656,59.0,1.8451184379728574,0.014683259642179399,0.392713327043006,3.0,25.0
9657,61.0,1.748113103095455,0.014710413026545103,0.355904977501984,3.0,31.0
9658,52.0,1.496181488357962,0.013612487781177353,0.31039245311543395,6.0,38.0
9659,57.0,1.5731730250215477,0.01343616125575927,0.3759480457455489,4.0,22.0
9660,58.0,1.5916823916702378,0.014584092119985315,0.3439111250328242,4.0,36.0
9661,62.0,1.7503575443710602,0.011263783478997313,0.3475783551735095,2.0,29.0
9662,59.0,1.6126665057095542,0.014903490727459896,0.35346402024905016,2.0,19.0
9663,45.0,1.6449965618391287,0.013378546166286281,0.3077704705180108,5.0,40.0
9664,45.0,1.604886220535991,0.00989037613790885,0.36066210888356565,6.0,39.0
9665,45.0,1.8217389206120636,0.010821247584022031,0.37324016832782514,3.0,38.0
9666,48.0,1.7722304691394706,0.010536273552557415,0.3623961404241152,5.0,39.0
9667,52.0,1.6586319348314076,0.010905631866727494,0.365702468703503,4.0,41.0
9668,54.0,1.748562560570652,0.012949206745364681,0.35757247092145056,3.0,28.0
9669,41.0,1.6405037243124745,0.014033771005095301,0.34488733401445015,6.0,42.0
9670,54.0,1.70392963308809,0.014979199939866059,0.3442356511249287,4.0,31.0
9671,54.0,1.7311636592016137,0.01313623915323351,0.37933714639612665,2.0,21.0
9672,53.0,1.7252554743321966,0.01265816729058064,0.3904605355828019,4.0,23.0
9673,58.0,1.7059159958806351,0.014946169471459578,0.390854143643543,6.0,39.0
9674,58.0,1.790896885812487,0.010529286375252996,0.3824461021153629,4.0,39.0
9675,55.0,1.7560117480724635,0.012074966906083435,0.3843402436934819,3.0,41.0
9676,55.0,1.7118036134445351,0.012095980005809744,0.37856499322282194,5.0,36.0
9677,44.0,1.7625012998509437,0.016699178816013377,0.39842894311216626,5.0,30.0
9678,46.0,1.4839910778677832,0.01802036251537265,0.31912593945875933,5.0,35.0
9679,56.0,1.692858013871132,0.015935620211565006,0.3624167180518588,4.0,33.0
9680,60.0,1.559664302241689,0.013455166682025182,0.3146272208582121,3.0,32.0
9681,54.0,1.5923575843729625,0.016526591596128466,0.3282067088849274,4.0,39.0
9682,53.0,1.6579268779166887,0.017375236908362977,0.35928219172238257,5.0,38.0
9683,62.0,1.7121563364099048,0.015237332054622972,0.394846253204421,5.0,31.0
9684,60.0,1.6419791190978683,0.016480840827463338,0.33900379289465593,3.0,26.0
9685,58.0,1.6508524706207612,0.015216643565503968,0.36446954121858,3.0,16.0
9686,55.0,1.8213625507046807,0.010799713190047504,0.36031619703335743,3.0,33.0
9687,54.0,1.60212758977266,0.015095461136157756,0.34214252139882906,3.0,22.0
9688,55.0,1.6332746772373123,0.01397613689725159,0.3412166048077625,4.0,33.0
9689,58.0,1.6506631645297394,0.011419831192819467,0.3271073102072473,2.0,38.0
9690,55.0,1.7113278385215995,0.014702175404190432,0.36227786220465397,4.0,41.0
9691,46.0,1.676978055797109,0.017144925371597824,0.3936051205755849,6.0,41.0
9692,55.0,1.6862509105319945,0.011835382532671634,0.359545821083492,5.0,37.0
9693,53.0,1.6878035303783208,0.01590772621561321,0.36917514699235054,4.0,28.0
9694,62.0,1.8369987241188763,0.01133408640897122,0.38480873610559013,3.0,28.0
9695,53.0,1.7278465193139416,0.01332054310113117,0.36334564220371734,2.0,28.0
9696,53.0,1.6139295842232109,0.011681676950458306,0.3776422527873207,5.0,29.0
9697,45.0,1.713354392842266,0.013179463748149291,0.3889035075391717,4.0,36.0
9698,54.0,1.7275598578183502,0.014722978888121336,0.3576122430405777,3.0,40.0
9699,51.0,1.7289336427463016,0.01561095047938597,0.35605978507427216,5.0,35.0
9700,62.0,1.543342341491531,0.015082967200061888,0.3322936972050604,3.0,31.0
9701,44.0,1.7231488174976932,0.017903319803648787,0.39903446095186257,6.0,41.0
9702,60.0,1.7846929788903905,0.014592541796155652,0.36376569488405963,3.0,37.0
9703,52.0,1.6500976968884684,0.015313700728670663,0.3515056761197716,5.0,33.0
9704,52.0,1.64647125211802,0.01376797494032523,0.32954862070650026,3.0,36.0
9705,45.0,1.6044411462981527,0.014886261454903073,0.3469787269400492,4.0,30.0
9706,56.0,1.5658992453971545,0.013667712660060909,0.35959670601844285,3.0,22.0
9707,45.0,1.6479729452239311,0.01382152944778162,0.31907755962159073,4.0,34.0
9708,44.0,1.6508317952202418,0.015944447864905047,0.36737959724234603,5.0,29.0
9709,57.0,1.6203050677767121,0.01296004083104191,0.33271448205012333,4.0,29.0
9710,51.0,1.6452513254850978,0.014144539584257765,0.3339476939506457,4.0,36.0
9711,52.0,1.6289010289377,0.014361724236889662,0.37797799512258545,5.0,30.0
9712,61.0,1.590127384629701,0.014318627681873338,0.32523816264422084,4.0,39.0
9713,58.0,1.7111958046814097,0.011673802491276981,0.3617129673879384,5.0,42.0
9714,40.0,1.6743216317284468,0.012647548687191493,0.3417189457941757,5.0,40.0
9715,48.0,1.7277185706653586,0.015390547605099605,0.3471811941926035,5.0,41.0
9716,46.0,1.572564670859993,0.015186718257596616,0.32227426567904083,4.0,39.0
9717,53.0,1.646941670631183,0.011857475649108799,0.3150996127820478,4.0,41.0
9718,58.0,1.5129942225292243,0.015518416927699407,0.29938274274313265,3.0,20.0
9719,41.0,1.5919899873087673,0.012949883487363416,0.3584468616024917,5.0,37.0
9720,57.0,1.850719415381639,0.01129696746325554,0.3951667356580522,2.0,22.0
9721,55.0,1.7031065853937786,0.011303416696537146,0.3544728341295883,3.0,38.0
9722,61.0,1.6228692723479419,0.012240056723027009,0.36786588885566773,5.0,38.0
9723,56.0,1.722975254836015,0.014726903543878449,0.38123041599076257,3.0,24.0
9724,48.0,1.7797730918909567,0.015029670179394931,0.38460018186039724,4.0,23.0
9725,49.0,1.4595431538213481,0.01534881271011093,0.3045886637326835,6.0,41.0
9726,39.0,1.7838549999411155,0.012799109477939361,0.36667281623835596,6.0,42.0
9727,56.0,1.6390882730735037,0.015521253432977984,0.34603159385964605,4.0,33.0
9728,52.0,1.6900771002036434,0.013845745482378975,0.35793281805414945,4.0,23.0
9729,62.0,1.7555561353225406,0.011241585051694394,0.39247379895736895,4.0,28.0
9730,39.0,1.7481605993619302,0.015471447466043956,0.36056929552793066,5.0,39.0
9731,60.0,1.6612779613377817,0.015363011817131423,0.358041684202719,4.0,25.0
9732,54.0,1.523326855692308,0.01515249882027344,0.34852330328779196,6.0,37.0
9733,62.0,1.7939573397611428,0.013365278077085102,0.37152438127022297,3.0,29.0
9734,61.0,1.730576998307675,0.011749107998779854,0.3706012463699157,3.0,37.0
9735,56.0,1.5185352307912166,0.015947786930249917,0.2906160938153417,4.0,36.0
9736,49.0,1.5974125096585807,0.015532966874839734,0.34317900983021893,6.0,36.0
9737,47.0,1.6291430143948944,0.012161475564204952,0.3048847678388734,3.0,38.0
9738,30.0,1.4367892576807622,0.018315114637676655,0.2663764377724447,6.0,41.0
9739,46.0,1.7444325744127005,0.014718223604720969,0.3830425070866508,5.0,33.0
9740,40.0,1.7227160831638635,0.011075997692410215,0.3766075522213768,4.0,39.0
9741,56.0,1.8405964600025848,0.013922773972637572,0.39022685261703105,3.0,38.0
9742,55.0,1.720622128151084,0.012125038160627474,0.3755673041365508,5.0,29.0
9743,41.0,1.6273213422104487,0.015438575393982747,0.36179493976765387,6.0,39.0
9744,53.0,1.6782424732606793,0.014833857611066373,0.38390294153742704,4.0,31.0
9745,54.0,1.5757518189699455,0.015450716914140187,0.34035317309141117,4.0,37.0
9746,56.0,1.5126563290594235,0.013755365844968961,0.34520385817759164,4.0,24.0
9747,45.0,1.7634296929022168,0.01686777697774682,0.37139864540428136,5.0,34.0
9748,46.0,1.4417586656366663,0.01433351173861785,0.32616237580875507,6.0,40.0
9749,56.0,1.8656935803993537,0.011144558425351048,0.39028930265967826,4.0,31.0
9750,52.0,1.6018247833912438,0.011615737982814633,0.35187167889321935,4.0,24.0
9751,42.0,1.64634543097997,0.014662377600822497,0.3688083952878407,5.0,32.0
9752,48.0,1.7326938640778218,0.016141848884158615,0.36026680511547404,4.0,35.0
9753,59.0,1.4438143137000448,0.01559965185016791,0.3117758604882973,4.0,25.0
9754,51.0,1.5652586226748375,0.01485715196793888,0.33266356253581875,5.0,36.0
9755,53.0,1.6886347256560903,0.014128042217636728,0.3385333468177905,3.0,42.0
9756,49.0,1.7567333282001731,0.014465020344493866,0.3739391694619982,4.0,33.0
9757,61.0,1.815647061444937,0.0135116905807539,0.38515237819901826,4.0,38.0
9758,59.0,1.7527652420600088,0.011708938065704713,0.3754591443955077,5.0,38.0
9759,62.0,1.570722903444418,0.015568419568130636,0.317245257217912,3.0,15.0
9760,49.0,1.7259145449201676,0.011866938856568093,0.3931961973293344,4.0,39.0
9761,48.0,1.6663538231694832,0.01767142545453078,0.3905909452704644,5.0,34.0
9762,42.0,1.7353867903309264,0.010820155730844667,0.37835923630356333,4.0,41.0
9763,61.0,1.7814151596949062,0.016997230122884226,0.39413290266153744,3.0,19.0
9764,53.0,1.6495467219689917,0.014240151272425557,0.3513969965553596,6.0,42.0
9765,54.0,1.7161326933649723,0.011800333421380402,0.35903704227756444,5.0,39.0
9766,44.0,1.6125221628961404,0.01707563379484397,0.3464774332574462,5.0,32.0
9767,56.0,1.744855324384804,0.018300495923758684,0.3770549608376634,4.0,30.0
9768,45.0,1.695684335437768,0.016869983608505324,0.37057575087371525,5.0,39.0
9769,58.0,1.4768691733507766,0.017229708413830393,0.3038280724969401,3.0,16.0
9770,55.0,1.5334017860810545,0.015838196116947582,0.3433018937592486,5.0,31.0
9771,50.0,1.7147836814670516,0.014538017191011776,0.3510654188886772,5.0,32.0
9772,46.0,1.61900137105883,0.014717055738242887,0.3622794794225748,5.0,42.0
9773,59.0,1.7718513817068633,0.009521347100612875,0.3849275681460975,2.0,33.0
9774,59.0,1.611372838892166,0.011376345332845181,0.35201495673656097,5.0,41.0
9775,59.0,1.4801872393731397,0.012517610257875211,0.30932241170292785,4.0,32.0
9776,63.0,1.84393548872178,0.011467821683112266,0.39746411857103076,1.0,17.0
9777,52.0,1.5999188326599543,0.0170801979800136,0.3348105026588738,5.0,36.0
9778,35.0,1.7379161898738746,0.015010342659099101,0.3764709412715249,6.0,38.0
9779,52.0,1.687037730955275,0.01499774243399064,0.35898847317489707,5.0,41.0
9780,47.0,1.54179854350791,0.015653467960681927,0.3233797126492563,4.0,32.0
9781,57.0,1.6495483839067961,0.015212312593843922,0.33306610349676824,4.0,41.0
9782,53.0,1.6135447483471388,0.016526648803928557,0.3763533042760713,6.0,40.0
9783,40.0,1.751607357102318,0.011780951550361308,0.374542594072281,4.0,34.0
9784,57.0,1.826294516087874,0.010055426571347111,0.39029524980720653,2.0,34.0
9785,48.0,1.5041409085882982,0.01690007063439222,0.3293911320255678,5.0,37.0
9786,48.0,1.5795488012941086,0.014769876153551392,0.34940406540111335,5.0,33.0
9787,42.0,1.5996556563552478,0.01650296626596003,0.3344039583595006,5.0,37.0
9788,41.0,1.7158980280646194,0.011388214488351842,0.3637867181405901,6.0,42.0
9789,52.0,1.765962963481285,0.012752761630487186,0.37886033564888555,3.0,35.0
9790,52.0,1.9140439454308973,0.013836033314787916,0.39553493269682094,4.0,40.0
9791,41.0,1.783894272478366,0.014013115372872333,0.386561221834206,5.0,33.0
9792,61.0,1.5427641343731986,0.01378292744284123,0.3286631296783389,4.0,39.0
9793,53.0,1.7639492392061722,0.01125777770403486,0.36312589988437516,5.0,37.0
9794,42.0,1.728341376919601,0.011476362752147064,0.3870451148190614,4.0,33.0
9795,52.0,1.8095836443758708,0.012197827373966925,0.39953600794317945,5.0,36.0
9796,54.0,1.645137840738845,0.017575549382351282,0.37418637973796187,5.0,39.0
9797,62.0,1.6417568971398988,0.013912980781295372,0.3202996533271956,2.0,34.0
9798,48.0,1.7588304728007724,0.010603728259306987,0.3728244993103874,4.0,33.0
9799,43.0,1.8002460177982376,0.010956524265031867,0.37593901729615603,4.0,42.0
9800,61.0,1.606711801459109,0.016999319661195597,0.37995501435472606,4.0,23.0
9801,47.0,1.6836779721861692,0.01760853104225605,0.3577961893885406,5.0,40.0
9802,59.0,1.868041967252115,0.009179084365122884,0.3795477014142335,2.0,39.0
9803,53.0,1.6415308307870342,0.015167045055115262,0.3689564332416602,4.0,36.0
9804,52.0,1.6670210068776716,0.011584419360246598,0.38353289307967936,6.0,36.0
9805,43.0,1.727912672846932,0.013030701174891355,0.36826847263382656,6.0,37.0
9806,61.0,1.744165462248274,0.010762581263627717,0.37557695628696236,2.0,29.0
9807,61.0,1.5937487110204467,0.013381376017953457,0.3573750091177922,4.0,24.0
9808,40.0,1.7278687528446282,0.01512290623244451,0.37344682953946073,5.0,38.0
9809,57.0,1.7194464377050116,0.013865770892496961,0.3890971060374018,4.0,35.0
9810,53.0,1.8161859657474353,0.014607671530920662,0.37892384616634356,5.0,36.0
9811,47.0,1.7892015448235508,0.013502519710097574,0.3670715870712455,4.0,32.0
9812,61.0,1.7268401773247286,0.014209584016570647,0.37981699425202425,4.0,27.0
9813,52.0,1.7562481973924213,0.011541049539827554,0.37421977778476934,3.0,33.0
9814,52.0,1.7485852286676609,0.01389291064538585,0.3809218085374493,5.0,36.0
9815,41.0,1.6886311222964696,0.010379920227508133,0.3727295196721546,4.0,40.0
9816,61.0,1.6306562064509857,0.016760298483791288,0.3613858228890909,4.0,39.0
9817,62.0,1.6143022272781613,0.015054464957245692,0.33468470182842425,3.0,34.0
9818,48.0,1.6572217452353961,0.0128542803191853,0.36535471289986965,5.0,29.0
9819,61.0,1.680141569460837,0.016319774805646548,0.37288997861968926,3.0,32.0
9820,53.0,1.5155319828785996,0.011656905351402014,0.3186026789394422,4.0,37.0
9821,57.0,1.6646389320345059,0.012378573231555882,0.3870087532887671,6.0,41.0
9822,58.0,1.6323454491368894,0.015603123517060589,0.34376796257084474,3.0,17.0
9823,53.0,1.7690605146211427,0.017295028825089,0.3776698924318522,4.0,32.0
9824,41.0,1.70031529447413,0.013850556473546211,0.3546837173788062,4.0,35.0
9825,62.0,1.7935214311166627,0.010475997463015502,0.3759792997866893,4.0,41.0
9826,58.0,1.8535631060418896,0.015249423604498734,0.3874081342180947,3.0,24.0
9827,59.0,1.553866118785009,0.012618512232413856,0.3705306573592042,4.0,22.0
9828,55.0,1.5534071189126606,0.016524349093549405,0.3485218645937524,5.0,29.0
9829,47.0,1.7067471928586802,0.015559852786010835,0.3922373165439784,4.0,29.0
9830,53.0,1.5784427262729779,0.014292204384292191,0.3043030238385666,4.0,31.0
9831,61.0,1.6073465437439098,0.014158950707724946,0.3045819552013198,2.0,32.0
9832,58.0,1.549849500976503,0.014429283915457522,0.3083155538961373,3.0,36.0
9833,58.0,1.6508954746801852,0.014596377381615672,0.3770099937828555,4.0,22.0
9834,57.0,1.6030465548943726,0.012107910698056314,0.34083736486026944,4.0,39.0
9835,47.0,1.8285359830286063,0.010224229226113496,0.3779838592299372,3.0,40.0
9836,37.0,1.516217255185292,0.01534283697743471,0.2915152919859141,5.0,35.0
9837,49.0,1.6379807984403938,0.015939785030451493,0.346435672065355,6.0,38.0
9838,61.0,1.6636154695270453,0.01570590458881087,0.3614782685759521,4.0,41.0
9839,61.0,1.5702646467626298,0.018872770054643488,0.33208375009886065,4.0,24.0
9840,56.0,1.6857024451502924,0.013562428481162557,0.3711931064763455,2.0,17.0
9841,61.0,1.7367356177211508,0.017548726732528743,0.39836275276211747,2.0,8.0
9842,53.0,1.6565200357181222,0.012681115585896931,0.3931012892630069,6.0,41.0
9843,59.0,1.6998573453310921,0.015622117080427704,0.3742037020366204,4.0,23.0
9844,53.0,1.6132035023581741,0.014586270956900701,0.34770896545929963,5.0,36.0
9845,59.0,1.562857351956989,0.016304581964566932,0.3010255456380055,3.0,22.0
9846,53.0,1.601534913669934,0.01385778816985058,0.33540988600211546,5.0,39.0
9847,62.0,1.7537024432793287,0.012259885130993516,0.3756420085442041,1.0,22.0
9848,45.0,1.5610688296608948,0.015246708389614222,0.36331647974593795,6.0,41.0
9849,49.0,1.7636817269538796,0.012394312522588496,0.38473516781011624,3.0,34.0
9850,49.0,1.690271353008208,0.014355361966519181,0.38254011548119554,4.0,22.0
9851,50.0,1.6005047737900626,0.015035516760231064,0.3491973881303923,6.0,38.0
9852,54.0,1.718012486552651,0.011739912384343899,0.3683566225313135,3.0,42.0
9853,45.0,1.5685086038449887,0.012191234889363484,0.3640122720716145,5.0,31.0
9854,60.0,1.7285733757836759,0.01569827648785246,0.3815126512433585,5.0,32.0
9855,56.0,1.6550085022245014,0.011339717080185429,0.36954315856438397,4.0,36.0
9856,47.0,1.6006346486754366,0.012582426329987935,0.34644855058010726,5.0,36.0
9857,53.0,1.7355542853094181,0.012445740611560703,0.378860821404123,3.0,22.0
9858,51.0,1.7086698730617502,0.01129013293853951,0.33833759724506995,3.0,34.0
9859,51.0,1.6261302891418143,0.016188850460421345,0.329581452904216,3.0,29.0
9860,60.0,1.6631593345373055,0.01251148680781813,0.36316492919776344,2.0,16.0
9861,46.0,1.645059891603923,0.012509492602323945,0.3699066646292423,5.0,32.0
9862,53.0,1.774256718083997,0.013881730470301161,0.3750108037327796,4.0,33.0
9863,53.0,1.685869379259718,0.015146737688100025,0.36492118018994163,5.0,36.0
9864,51.0,1.6753834450637004,0.0115298734975957,0.3612133846120165,6.0,42.0
9865,58.0,1.6595461183172961,0.01329682481076048,0.3298931994441831,3.0,34.0
9866,54.0,1.6601783856854142,0.010111838304056538,0.327416797278332,3.0,41.0
9867,60.0,1.6604164603975715,0.017423243530796287,0.35335034101099916,4.0,24.0
9868,61.0,1.5497185396615656,0.015344813048902305,0.3280476263656121,4.0,32.0
9869,53.0,1.7323379621991986,0.012704852242881644,0.3915934212782251,4.0,33.0
9870,37.0,1.6802524257780147,0.015105108510843079,0.39029623628439014,6.0,38.0
9871,53.0,1.57029423630174,0.014864168269637643,0.3520500200343482,4.0,35.0
9872,40.0,1.6173682533212521,0.017217862713780764,0.3393520148531029,5.0,38.0
9873,49.0,1.757608539046156,0.012664680153276778,0.3451844696903248,4.0,36.0
9874,53.0,1.6941588447859017,0.012689817214160631,0.3968328752081172,3.0,22.0
9875,42.0,1.6175127828813383,0.0151097313289292,0.35474789688351577,5.0,36.0
9876,61.0,1.585740912695594,0.016304345806594827,0.3212105080109622,4.0,22.0
9877,50.0,1.7117413815637241,0.012797617492835856,0.3784241680656459,5.0,38.0
9878,49.0,1.656279715662915,0.012536239619244093,0.3450638168985459,4.0,26.0
9879,57.0,1.675121778871937,0.011290624583209619,0.33208439737581913,3.0,35.0
9880,55.0,1.6443930155165016,0.014106435561664148,0.35727415350542385,4.0,31.0
9881,61.0,1.6497526929256072,0.012244539215470914,0.3368478324646466,4.0,40.0
9882,37.0,1.4874248242132462,0.014633870682197327,0.3048826083911895,5.0,37.0
9883,55.0,1.7295635075507336,0.014137592439346853,0.3879242720682059,6.0,42.0
9884,63.0,1.7849272444769642,0.01043485536002242,0.3983078711168537,3.0,22.0
9885,53.0,1.8039401895050982,0.011344585023794047,0.37744101493213406,3.0,39.0
9886,54.0,1.7035814581256152,0.015435382300714303,0.3985868862733853,3.0,19.0
9887,52.0,1.6130441074121846,0.010878240968058383,0.3641748564024842,4.0,32.0
9888,58.0,1.7404705572068735,0.01225664522816207,0.3720586043483442,2.0,33.0
9889,61.0,1.522931930288078,0.013939963243827437,0.33503018705241117,3.0,24.0
9890,52.0,1.532942801584677,0.015672908671899393,0.3248749209213936,3.0,20.0
9891,57.0,1.6732937404383306,0.013254561979037877,0.3609018198837334,2.0,11.0
9892,58.0,1.852230775892176,0.014796953554218603,0.389890434645661,3.0,25.0
9893,59.0,1.7268994930056063,0.012786384172324586,0.3736837204915902,3.0,36.0
9894,49.0,1.4802710458273354,0.0143247417129613,0.3320577140516551,5.0,31.0
9895,52.0,1.7980480065541624,0.011744069167461799,0.36049365716841264,4.0,38.0
9896,61.0,1.7028421499239923,0.01313268146300988,0.3832795030629873,2.0,15.0
9897,57.0,1.8344122949560544,0.014112204543623847,0.39322960290591524,4.0,28.0
9898,55.0,1.6010787876677257,0.013578254125007915,0.3456862119978381,4.0,23.0
9899,48.0,1.5881729617481255,0.01226974122642001,0.3635255460989435,5.0,31.0
9900,61.0,1.5040235235105435,0.01384322802116313,0.3116384364415046,3.0,30.0
9901,54.0,1.7224245121124913,0.01330560085699285,0.3777761829205449,5.0,33.0
9902,56.0,1.6229625701041739,0.013683530142550327,0.36355716004123095,4.0,33.0
9903,47.0,1.8364103311710358,0.008812341137847847,0.3794510084857916,2.0,36.0
9904,55.0,1.549957589950609,0.012658561467635557,0.32669440710772746,4.0,34.0
9905,53.0,1.6903212581997737,0.013214108374797433,0.329684350254758,4.0,37.0
9906,45.0,1.7696427977730311,0.013248446904888043,0.36388772232340794,4.0,35.0
9907,62.0,1.5843184710409381,0.012187906650824696,0.3356195815919212,3.0,22.0
9908,37.0,1.6808776870733553,0.014405857936119478,0.3580846714547767,5.0,40.0
9909,53.0,1.699430520295081,0.013872189288419455,0.37968870035687513,4.0,30.0
9910,27.0,1.4623332971622516,0.016471795387549927,0.2850833624546859,6.0,38.0
9911,44.0,1.4569255654001367,0.015521479305018673,0.30794138243246255,5.0,38.0
9912,53.0,1.609840884938047,0.017723828780911242,0.33779266136102015,5.0,36.0
9913,53.0,1.7626696115369551,0.009637657981198927,0.35124554584696427,2.0,36.0
9914,48.0,1.6497272972622685,0.012579739906219481,0.3500689070145226,5.0,38.0
9915,47.0,1.7026480170808245,0.012384038101322952,0.36224604353815315,5.0,36.0
9916,34.0,1.4538398101434287,0.01370602006349621,0.304695927576466,6.0,42.0
9917,60.0,1.8311283164955727,0.016161606227196933,0.39336001210777,4.0,39.0
9918,46.0,1.7722709183815302,0.014481610057717307,0.38936648773455196,5.0,38.0
9919,62.0,1.7527967114914569,0.014414431666916121,0.3800446742213754,4.0,33.0
9920,55.0,1.7444995278398285,0.016405252524610787,0.38662365778590957,5.0,40.0
9921,61.0,1.707960084524919,0.011363144043359207,0.36486436548403667,2.0,24.0
9922,57.0,1.6795142837069108,0.01243167941969899,0.3883566542974066,5.0,37.0
9923,58.0,1.6899782273043553,0.013618927070738147,0.3777299067815154,4.0,27.0
9924,57.0,1.57084287182285,0.0140795580812117,0.3318596063714061,5.0,39.0
9925,55.0,1.7842388913387215,0.012984631738904854,0.3705381773096439,5.0,41.0
9926,49.0,1.5741141247461252,0.013601985726326864,0.3743702964334594,5.0,29.0
9927,49.0,1.7314530135129733,0.01814964571435305,0.395924430329089,5.0,33.0
9928,47.0,1.708358481916733,0.016067552051999247,0.37513822394055474,5.0,38.0
9929,61.0,1.7265930699458052,0.010679193297160465,0.3341142470756357,2.0,28.0
9930,41.0,1.687941405047034,0.013600188143851303,0.3677507440458658,6.0,40.0
9931,57.0,1.7678891406501351,0.012125345334644247,0.3578181553759837,3.0,36.0
9932,55.0,1.7072930518271539,0.016824339365773478,0.37361644900353636,5.0,39.0
9933,43.0,1.779485190234743,0.013854353205397033,0.3743133882582158,5.0,36.0
9934,34.0,1.6982818250603215,0.01112709632480908,0.3858217836121409,6.0,40.0
9935,53.0,1.6069095056134493,0.014752570875621207,0.3393138180638219,4.0,29.0
9936,52.0,1.6207418836388365,0.015076448398768897,0.34530607109236006,5.0,33.0
9937,60.0,1.56533729694693,0.01596264178603546,0.3763019726542401,5.0,31.0
9938,56.0,1.7523995845436104,0.011435682403945045,0.3872733023268175,5.0,31.0
9939,55.0,1.7395820442233387,0.014423246447710097,0.36991360472523693,4.0,33.0
9940,55.0,1.581918475507808,0.015901861713296106,0.3583844951418377,5.0,32.0
9941,61.0,1.6525373289209775,0.015743597161024605,0.3322660201206694,3.0,33.0
9942,51.0,1.768260577434141,0.014071077531218607,0.3918093760676448,3.0,30.0
9943,46.0,1.4983700971928398,0.015074416316853233,0.27441113516304655,4.0,39.0
9944,62.0,1.738795512553861,0.010832604828400453,0.3631613599823101,2.0,30.0
9945,60.0,1.7119803475089694,0.016470930610013115,0.3694077211786706,4.0,36.0
9946,53.0,1.6149187839651091,0.013190055464633912,0.3586991117908263,4.0,26.0
9947,55.0,1.652349428296028,0.013586115751368609,0.3382802669174986,4.0,32.0
9948,62.0,1.6476376317819033,0.013772309090808467,0.3437767852073648,4.0,36.0
9949,44.0,1.7449802491008304,0.018789945353129767,0.3962389224113481,6.0,38.0
9950,55.0,1.6696158979192657,0.013112466652563244,0.3783172385683745,5.0,30.0
9951,34.0,1.729960724718454,0.015591368040366748,0.38630537995216924,6.0,38.0
9952,53.0,1.756110682743779,0.00978290223967112,0.3839348572991138,4.0,33.0
9953,63.0,1.6635217426793922,0.011665310116675551,0.3538232818888112,4.0,35.0
9954,54.0,1.6364997778879793,0.01307853850301303,0.3735400751835414,5.0,39.0
9955,55.0,1.647750417410818,0.012059544507428315,0.3737210349537937,5.0,38.0
9956,47.0,1.5724106564755724,0.019030641105404762,0.31970543989083533,6.0,40.0
9957,51.0,1.6227490192631346,0.01651931248796958,0.3271392786492634,4.0,41.0
9958,53.0,1.6846601925740339,0.011237095948234832,0.33926840616358184,2.0,33.0
9959,52.0,1.5078707744992275,0.014371174778889394,0.34505318059771506,6.0,40.0
9960,44.0,1.6638888522102484,0.01333937605097259,0.3553637705700549,4.0,25.0
9961,57.0,1.7350472878066112,0.011364349645978485,0.3970768834529092,4.0,31.0
9962,62.0,1.5869457578141095,0.017172288108582234,0.37228778020991704,4.0,28.0
9963,61.0,1.6428421384647098,0.012355655739054703,0.35191753899996375,2.0,28.0
9964,46.0,1.6987261712094353,0.010498396381678743,0.3688640799905976,5.0,39.0
9965,46.0,1.6387114871701527,0.01708558477895267,0.35878894221356294,4.0,26.0
9966,52.0,1.8752324857090257,0.010650461747084386,0.3728337721306996,4.0,42.0
9967,59.0,1.639041107770316,0.01598251006526733,0.34835600122345994,4.0,30.0
9968,48.0,1.5944033450011232,0.01704204564162236,0.30509376636582286,4.0,38.0
9969,60.0,1.6001753617645842,0.014153926855494641,0.3117252879326404,3.0,40.0
9970,50.0,1.5942957193309188,0.014671513247178159,0.37588621744105033,5.0,38.0
9971,37.0,1.7216988031515683,0.0163824024399925,0.3655937567897162,5.0,41.0
9972,47.0,1.7245248314453099,0.011088862555698308,0.3577227333003345,5.0,40.0
9973,46.0,1.7376424111108975,0.01506018775076177,0.3965938703696429,6.0,36.0
9974,54.0,1.7134241363268266,0.011996715790189011,0.36463588431247185,5.0,35.0
9975,41.0,1.8187017605783677,0.010207655335372006,0.3903717754612101,5.0,39.0
9976,62.0,1.7488141094072325,0.012466596657999728,0.38030443789407015,3.0,17.0
9977,45.0,1.7087466462631133,0.013960568298084097,0.35709346098908523,4.0,28.0
9978,54.0,1.9101094080476697,0.009280819942113027,0.384506149131981,1.0,38.0
9979,52.0,1.5113908574231847,0.012919285277189111,0.29934402783665087,4.0,40.0
9980,57.0,1.5767873632802485,0.014403184519219944,0.3203567915618702,3.0,34.0
9981,62.0,1.674599717652989,0.011714137916475876,0.35723172516980983,3.0,37.0
9982,54.0,1.7078455494272005,0.015258687433758475,0.3613542106011409,4.0,33.0
9983,48.0,1.7812753781342903,0.015104323620324392,0.36981148609637543,3.0,32.0
9984,59.0,1.6505925189224555,0.01288274370814756,0.33670397943451813,2.0,32.0
9985,62.0,1.6283930961600097,0.012137215150455342,0.3567807975108683,3.0,17.0
9986,43.0,1.5770827558829834,0.013914428977888187,0.34440497013964544,5.0,38.0
9987,61.0,1.6855968681323594,0.01003361199936177,0.34191979331271216,2.0,39.0
9988,45.0,1.8011976086441353,0.013532425337075358,0.38915114300517034,4.0,38.0
9989,41.0,1.5074673856564007,0.016943380367071537,0.2828493014918542,5.0,42.0
9990,51.0,1.530451478661229,0.01626727575928155,0.35742623968790344,5.0,32.0
9991,57.0,1.5392669101012646,0.013882725495145336,0.3281263641733521,4.0,41.0
9992,48.0,1.6206183772696516,0.014680410849971818,0.36654615175539607,5.0,37.0
9993,57.0,1.7472903588631925,0.014230973580984966,0.35868319416390615,4.0,32.0
9994,53.0,1.734848517842841,0.011882566891636472,0.3546683392968358,3.0,33.0
9995,58.0,1.6728608541613252,0.01374329505738258,0.3840984934913537,5.0,40.0
9996,57.0,1.7147706907229114,0.014691000380340345,0.38960444417266554,4.0,25.0
9997,47.0,1.796090487753776,0.011225476555970977,0.36063757721953443,2.0,37.0
9998,50.0,1.668976649843046,0.013614506545856721,0.369742085241434,4.0,35.0
9999,62.0,1.5733491496043022,0.012149437981820837,0.3427549578271135,3.0,32.0
10000,62.0,1.6896953771617325,0.0166858558053518,0.3839752880377185,3.0,35.0
10001,62.0,1.685827009718459,0.013219320518213671,0.33863074773470137,3.0,38.0
