id,Delta,R0,i0_q,r0_q,start_week_delta
6002,23.0,2.1490741229439685,0.009960792207723144,0.26915240877316254,7.0
6003,37.0,2.250670620334488,0.008541813868197228,0.3329056694134086,5.0
6004,24.0,1.9363896342699292,0.007253765183164093,0.18923103085856505,7.0
6005,40.0,2.514800119962477,0.01487448324682739,0.36442641707697687,6.0
6006,60.0,1.8457926006835972,0.004635964024802309,0.1963800599776888,0.0
6007,42.0,2.4227379464933656,0.00226595356425987,0.37746975692249385,2.0
6008,22.0,2.500451132066737,0.00276261875872367,0.37715500573732136,5.0
6009,42.0,2.2788020458716995,0.004517441429005934,0.317470813929688,3.0
6010,30.0,2.2467319632326284,0.006527012400664466,0.2635445144164762,6.0
6011,55.0,1.9934114369594016,0.002972095298153331,0.24037667929267295,0.0
6012,40.0,2.4523098965399446,0.004401862580346445,0.368535958397724,4.0
6013,29.0,2.1981236447486583,0.0034288341769576403,0.321714762643581,4.0
6014,34.0,1.8936222870097523,0.001278586232623634,0.1709805196780437,2.0
6015,57.0,2.1263392910042263,0.004314940874095957,0.27793371682647944,0.0
6016,33.0,2.01095927317709,0.007831280981002622,0.21121424398720454,5.0
6017,32.0,1.9031355079139374,0.00329807070415881,0.2279097812425262,3.0
6018,38.0,2.396216284132338,0.006703648730798331,0.3183742521325629,4.0
6019,38.0,1.7716642841381616,0.00678850867785901,0.1886853961977926,4.0
6020,63.0,2.1783961846613185,0.0033812464934814524,0.29197972923096543,0.0
6021,35.0,2.630107504440309,0.0018669556800839102,0.37405288740363546,4.0
6022,39.0,1.7858812039914598,0.005137621132624765,0.19007038285674097,3.0
6023,56.0,2.6084137017281095,0.0036369604832825614,0.3470492395333164,1.0
6024,3.0,2.3292775630027114,0.0012842536497632887,0.3036409056979203,6.0
6025,41.0,2.0718161779027984,0.0027756292054221914,0.21883563974057418,2.0
6026,39.0,2.1451491568156262,0.002239786216163119,0.301369561747018,1.0
6027,36.0,2.065153005185122,0.0013447284514637168,0.24540465043583914,1.0
6028,28.0,2.673939257016034,0.006247291893876713,0.3791351615276823,6.0
6029,43.0,2.518690588376322,0.0018776970179310696,0.3817254411751883,2.0
6030,31.0,2.549674874925818,0.010079537020428695,0.38178297870699346,6.0
6031,40.0,2.4229554020622475,0.0012724603995347414,0.325865264511323,2.0
6032,28.0,2.06168965512287,0.004666987737229942,0.23597798743856052,5.0
6033,36.0,2.032874339519173,0.000826792864809115,0.21106316386346052,1.0
6034,16.0,2.1303461915693336,0.002628552899153981,0.2812172102674109,5.0
6035,34.0,2.134018208659047,0.009173378992166182,0.26424403989339007,6.0
6036,27.0,2.2742402226043525,0.004578582067756698,0.3417312665999666,5.0
6037,33.0,2.309577711765749,0.008097844354463068,0.3080576198360143,6.0
6038,40.0,2.342238811673676,0.0033609560794388015,0.3277639798964114,2.0
6039,50.0,2.499600468724024,0.0030426354132227326,0.37361731727418673,1.0
6040,6.0,2.427755548245509,0.0009962128453682296,0.3543227254980138,6.0
6041,40.0,2.5321195115175805,0.004010512264074814,0.3834858867349716,4.0
6042,40.0,2.0417465337569656,0.0027848323753457173,0.20660895801476456,3.0
6043,36.0,2.5120245920596553,0.004987518079919484,0.3359644115737534,5.0
6044,41.0,2.3750329942358652,0.001978568056756701,0.31168814485735863,2.0
6045,36.0,2.2703205007308935,0.0067484458950943585,0.319515026921739,5.0
6046,61.0,2.4538917221088705,0.0048348729985884555,0.35357371121018444,0.0
6047,34.0,1.8078140533168674,0.003144403785503229,0.1591253746108429,2.0
6048,43.0,2.316325956847459,0.006454034689037094,0.30254055959980275,4.0
6049,16.0,2.481693875049451,0.002774512619030754,0.3422245638258784,7.0
6050,46.0,1.6878029248564346,0.006791812550469499,0.12602151306780665,2.0
6051,8.0,2.412925207180278,0.002711970242483681,0.35000519751330217,7.0
6052,31.0,2.2627318447245517,0.006280821312720734,0.3173052126363393,5.0
6053,5.0,2.014407970311519,0.0012527972155102277,0.24570751269807323,5.0
6054,26.0,1.94806148634731,0.0033424429786699534,0.1845439749802461,5.0
6055,55.0,2.4948219060768855,0.0036130248219083247,0.3448183804280596,1.0
6056,16.0,2.216799309627959,0.0007155023021792938,0.2556339039949619,4.0
6057,33.0,2.174781599969734,0.00834287810150959,0.2975061152404995,6.0
6058,17.0,1.9369019239071028,0.006368673439958667,0.20721626568760831,7.0
6059,17.0,1.7435461999461717,0.004284652927305012,0.1243303299380006,5.0
6060,17.0,2.446271320849586,0.0027274218356726707,0.31305266324163616,7.0
6061,34.0,1.7331473048410035,0.0032194502977790584,0.16144842567216033,3.0
6062,26.0,1.7207080156063315,0.005253925398564925,0.1606056761312171,5.0
6063,59.0,2.2502806037556327,0.002892567967307766,0.334489444612833,0.0
6064,25.0,1.9456933736963593,0.012242677067434178,0.21500751313252134,7.0
6065,19.0,2.275259189197979,0.005521584851241691,0.2873373716059139,7.0
6066,37.0,2.2037800320946173,0.0078683586952958,0.31556374106975243,5.0
6067,17.0,1.8443817761254866,0.002890575160842463,0.13957254598034974,6.0
6068,23.0,2.0579579606550444,0.0036946307863722906,0.27854616138081767,5.0
6069,18.0,2.3257112294724807,0.0019400795185297742,0.3227010176869419,5.0
6070,34.0,2.0153386878906954,0.006029113418647999,0.24891478132022432,4.0
6071,24.0,2.3851398621259605,0.005568312736709604,0.34033112464408555,6.0
6072,44.0,1.9719394211051924,0.006180850180895075,0.2011011633785953,3.0
6073,18.0,2.2459184821989213,0.00571870537615435,0.2711210899003714,7.0
6074,34.0,2.5247751157266722,0.008703694520042623,0.3705004751676269,6.0
6075,40.0,1.9156006969911334,0.007444077963504038,0.19694252056663106,4.0
6076,34.0,1.6647702612253306,0.007223705965078249,0.10799023543654732,4.0
6077,36.0,1.9648961036448176,0.003243013804123014,0.20654361441200303,3.0
6078,23.0,2.282852203880156,0.0017536076124172006,0.2903853799799977,4.0
6079,55.0,2.220108535455033,0.007119899741348741,0.29139777972954983,2.0
6080,22.0,1.7706972499186602,0.003305898580378968,0.1842530021774149,4.0
6081,30.0,2.140134213486641,0.007137814975931424,0.2816611537590483,5.0
6082,11.0,2.0870737200856544,0.00282244219629622,0.25790677575512405,6.0
6083,33.0,2.533597089559355,0.0032941572766169228,0.32548092105875864,5.0
6084,17.0,2.8312293577402596,0.003751602439148648,0.3991281317965726,7.0
6085,37.0,2.5834824224623234,0.013371287516281279,0.37642551030469396,6.0
6086,7.0,2.5815408721635187,0.002268325939025361,0.3630554291968704,7.0
6087,28.0,2.5013237830933255,0.010831643465315191,0.3428378558834461,7.0
6088,28.0,2.2894589088142547,0.0029152996573098247,0.34926566155392896,4.0
6089,41.0,1.8012725509865604,0.003264606683571092,0.1558539352350526,1.0
6090,19.0,2.176636447661225,0.005342936822645008,0.2365082360704255,7.0
6091,33.0,2.874436390021098,0.002906220659315596,0.3996203504635829,4.0
6092,30.0,2.432728797090831,0.005880507766586185,0.3348359092579002,5.0
6093,48.0,2.3866361855510796,0.005753448786106471,0.34178549975107236,3.0
6094,49.0,2.5435776861912687,0.003378148784698739,0.33515487863275256,2.0
6095,41.0,2.4125298624269407,0.0009680256341765195,0.31715920512982465,1.0
6096,44.0,2.224885217843031,0.004798234159984429,0.30984502848858503,3.0
6097,52.0,1.837993409963722,0.0034670858099630974,0.20147596980392968,0.0
6098,43.0,2.7604401307120088,0.0046693864448581,0.3773198958695273,4.0
6099,16.0,1.9662562984904797,0.0016196392994217513,0.21886397969031193,4.0
6100,30.0,2.565906620630429,0.007576799582096286,0.3642993345498413,6.0
6101,27.0,2.5751726849457683,0.004787994314476357,0.33693977338081693,6.0
6102,38.0,2.109605610955191,0.0050477446045828255,0.2648367275204708,3.0
6103,23.0,1.7358959201926687,0.0031706284309497685,0.10386950814559527,4.0
6104,53.0,2.426549272689633,0.0068355323661812495,0.3183092214901884,3.0
6105,31.0,1.8838103545645895,0.009115176241551183,0.2023558291917615,5.0
6106,16.0,2.6697543523202,0.0047221789104994385,0.39220938743769973,7.0
6107,33.0,2.385282722345447,0.008699358068033835,0.34090452798326376,6.0
6108,37.0,2.1045102958938204,0.006526050324466892,0.26352538466913816,4.0
6109,52.0,2.384269269261508,0.002542512797594918,0.34027173530625066,1.0
6110,46.0,2.1140036486833242,0.005545588932872151,0.2904326538409396,3.0
6111,39.0,2.329270117320805,0.00551225567520942,0.35338380614409226,4.0
6112,25.0,2.4479274710647574,0.003193491342537104,0.32257112195075155,6.0
6113,32.0,1.8726336792164544,0.00734235078853985,0.18697963628039327,4.0
6114,32.0,2.095456102871614,0.004426468727957299,0.25625542152719666,5.0
6115,32.0,2.2676768521830852,0.004756016366171234,0.30912490416680327,5.0
6116,11.0,2.2165070761215286,0.0030992098514426346,0.2999748282937997,7.0
6117,40.0,2.099785675432591,0.003184344746628396,0.2669352138831181,2.0
6118,3.0,2.094935784090012,0.0020899613660576993,0.23016734326768884,7.0
6119,33.0,1.8516443366816573,0.007422302618640591,0.19659243840377616,5.0
6120,26.0,2.0109121839294,0.002292015812870801,0.19257873751195576,5.0
6121,32.0,1.995692069881866,0.007789017766614572,0.23092581254023445,5.0
6122,15.0,2.2731107293039066,0.0033147109586212677,0.26315018968539694,7.0
6123,35.0,2.0713945053132377,0.002343553143591973,0.2681917724456465,2.0
6124,33.0,2.4062583639791106,0.0009526637152031383,0.3391058347521295,1.0
6125,33.0,2.2961921020789746,0.0026358722664647574,0.29229342691707033,4.0
6126,23.0,2.8056111958008976,0.005879773460824355,0.39190977904869745,7.0
6127,34.0,2.497912358999593,0.0010703936998608479,0.34620283716844685,3.0
6128,33.0,2.688722305164777,0.005713720022140015,0.393490341956287,6.0
6129,51.0,2.196401624167845,0.002919544275702236,0.3063657083619748,0.0
6130,46.0,2.3352559774351045,0.0042081557004588635,0.29994901119404915,2.0
6131,39.0,2.086024569366741,0.004482426352630787,0.25837008249874527,3.0
6132,27.0,2.1136982583615977,0.0058907500835129545,0.260402811470043,6.0
6133,23.0,2.653601661110934,0.0032414848327863553,0.38755450573300115,6.0
6134,22.0,2.2346411189338893,0.004772916342105339,0.25666909392266823,7.0
6135,22.0,2.4531534531063643,0.0008311599552012543,0.35515165210462146,3.0
6136,12.0,2.6654174538787614,0.003236848585478113,0.3594995972634553,7.0
6137,35.0,1.7605318803635703,0.004912911071514975,0.15500174322035823,3.0
6138,40.0,2.2303916350370594,0.0009787803938122138,0.32343924205987806,0.0
6139,21.0,1.7679083878719095,0.005457688061680307,0.12210755142752869,6.0
6140,35.0,1.9870569476551816,0.001877343478464082,0.22854302503432636,1.0
6141,7.0,2.281498728269175,0.002741676254700099,0.2816446769036122,7.0
6142,29.0,2.289098973350701,0.006021758824923299,0.30080247759310985,6.0
6143,26.0,2.451807459463879,0.00436460891811208,0.3572343000356858,5.0
6144,50.0,1.8690866087331623,0.00283630888143035,0.21685290266574406,0.0
6145,18.0,1.9664102620382096,0.007655633275557349,0.23889808674432425,7.0
6146,51.0,1.8987668332773244,0.002563580050938239,0.22890008274463058,0.0
6147,28.0,1.7096660219211997,0.006454460857156039,0.15085974035819327,4.0
6148,17.0,1.964104132252205,0.0024187640018808586,0.16423912252140963,6.0
6149,17.0,2.104519381205896,0.004939093083361441,0.2724301357040854,7.0
6150,44.0,2.2285811164491984,0.002862883652520672,0.336311556191339,2.0
6151,24.0,2.265279183759489,0.006381966442168941,0.33811547483099,6.0
6152,37.0,2.394002938694454,0.01144064253269219,0.3599789879689025,6.0
6153,11.0,2.020768015958585,0.0022636622816307205,0.22777458049929034,6.0
6154,15.0,2.0907203822016784,0.005396228853231326,0.2322839802679068,7.0
6155,39.0,1.8896454560558715,0.0063560731384383045,0.17845246517502705,4.0
6156,40.0,2.3697501527567515,0.001369696601636227,0.33191897682483346,1.0
6157,28.0,1.8491711418253987,0.006476917664622207,0.17885323096007802,5.0
6158,50.0,2.5452990591958864,0.001551222776263755,0.34251646644998485,0.0
6159,36.0,2.3615507866604606,0.002911099071598932,0.2997549593010636,3.0
6160,45.0,2.103642469390584,0.0028119489644002726,0.2558420665195773,1.0
6161,31.0,1.758445834908656,0.001717744049292668,0.16599423607026342,2.0
6162,41.0,2.101202054675729,0.0025550449211537703,0.26088720660469855,1.0
6163,33.0,2.3177073205853014,0.0009773903546052558,0.33539332653765536,1.0
6164,18.0,2.3538126569732776,0.005543591335055682,0.29937555854871956,7.0
6165,27.0,2.0039455381922626,0.015284677406289698,0.2563879455499606,7.0
6166,26.0,2.0343313138513355,0.001356650123391482,0.2078499601370936,3.0
6167,36.0,2.305481160804525,0.0025799065542545557,0.3202910885189801,3.0
6168,17.0,1.97588254389265,0.0044660369527345575,0.20068267851037164,6.0
6169,30.0,2.398063043957411,0.005443445902989861,0.3536527359660693,5.0
6170,61.0,2.4669206001747486,0.00352463699860045,0.3654709922352521,0.0
6171,33.0,2.653669626959663,0.004053428944059814,0.3974594570330351,4.0
6172,16.0,2.094045078719968,0.0007965498256311029,0.25964256813170433,3.0
6173,54.0,2.5441388584983766,0.004475554868068982,0.3804509073589285,2.0
6174,26.0,1.9579044931777316,0.010503965707048354,0.22139393309706767,7.0
6175,18.0,1.7827855145056113,0.002045299317844863,0.16763897972350206,4.0
6176,41.0,1.9526132217940448,0.005546790339128902,0.2021218572616112,3.0
6177,39.0,1.7856737781729375,0.004814764126097481,0.17770286137603716,3.0
6178,35.0,2.246605388950887,0.00343696675696466,0.3010409183625056,4.0
6179,28.0,1.8141071770986237,0.007738924942859354,0.17612104741999016,5.0
6180,24.0,2.5451071377650836,0.0055887557169485595,0.3638285696256153,7.0
6181,24.0,1.964275593686663,0.005670640954037235,0.21530733318025413,5.0
6182,30.0,2.0687418017947223,0.006104035588750355,0.23698911891673982,6.0
6183,22.0,2.0581061819156434,0.005718721208028231,0.22583749672461043,6.0
6184,32.0,2.486013519863296,0.0010047885540092043,0.36565310416965113,2.0
6185,22.0,1.8520857544583285,0.010866970863379545,0.17029629522359793,7.0
6186,31.0,2.097622281828217,0.004878423648342722,0.2635236933727688,4.0
6187,26.0,2.330258431055261,0.002404855500650835,0.270732044643049,5.0
6188,44.0,2.0473924899378395,0.0036057716256419833,0.2472299797051135,2.0
6189,33.0,2.0455801574144874,0.0026484097895773297,0.2353146497302907,4.0
6190,44.0,1.8256421988573945,0.0051325104278126255,0.1451076378230851,2.0
6191,28.0,2.409049153945339,0.004067263831562543,0.36622420053300975,5.0
6192,29.0,1.8973569024987968,0.005408557571610591,0.1939033224984425,4.0
6193,22.0,2.314826626219132,0.0014955768136092154,0.2925195871442471,5.0
6194,38.0,1.8371746485337281,0.009366536090615017,0.17468153213170737,4.0
6195,25.0,2.2148170914504406,0.005088122635761598,0.2617183403857796,6.0
6196,30.0,2.5697209886572674,0.006709462513802728,0.3823613876571563,6.0
6197,13.0,2.544731668971723,0.003118582351614151,0.36807496394953193,7.0
6198,33.0,1.7015355315517402,0.01258369671068997,0.13668976159907636,6.0
6199,33.0,2.041449800813533,0.0064747887837451525,0.21477875739429586,5.0
6200,32.0,2.0417125030665053,0.013841309487156549,0.2672437578780623,7.0
6201,42.0,2.299211672809216,0.005732885218822226,0.33809209834420423,3.0
6202,23.0,1.8124594621844639,0.005505541746385821,0.16921202935309965,5.0
6203,41.0,1.871602805606663,0.006457557143597395,0.20997443830815052,3.0
6204,41.0,2.0596700822343372,0.004630878440263667,0.24347645427495213,3.0
6205,36.0,2.149101463247772,0.0033239390786816998,0.303388187490359,3.0
6206,19.0,2.412640574886186,0.0040482641447136996,0.345001531466166,6.0
6207,52.0,1.7487175585733952,0.0050981863577278085,0.16771167207975257,1.0
6208,62.0,2.3410833072406385,0.009562573449319604,0.34266511900041324,2.0
6209,9.0,1.982516555167542,0.0008944482980237653,0.17462034142381888,5.0
6210,17.0,2.316038761760395,0.0016678562758104221,0.3225818866932451,5.0
6211,48.0,2.660938463838193,0.005359991468255019,0.380711425104558,3.0
6212,35.0,2.3948510906774008,0.005160714286188687,0.32699840450615725,5.0
6213,32.0,2.3412898660362447,0.002462047756109857,0.34315060874772396,4.0
6214,48.0,2.125452415181886,0.00835354657554198,0.29736062728693013,3.0
6215,16.0,1.9015247396040182,0.0024787778719446377,0.22308769413853685,5.0
6216,47.0,2.097592214359642,0.003616872678228231,0.2399655413261186,2.0
6217,28.0,2.1588586309185547,0.0041430065317228345,0.2896800316051171,5.0
6218,15.0,1.9194273060964469,0.0030837464488103657,0.18868463636705782,5.0
6219,14.0,2.3212415504840425,0.0022881247938666164,0.336024427252763,6.0
6220,22.0,2.2372056134758003,0.009302353316680802,0.2892422832388161,7.0
6221,14.0,2.293547194668196,0.0009321599959107901,0.29254079718566006,4.0
6222,38.0,1.8632440833153678,0.00432617394683283,0.21650153652647486,3.0
6223,36.0,2.1335207434509007,0.004824395116231141,0.26335192847202105,4.0
6224,25.0,2.415189252573558,0.0015940564704999827,0.32443945902346927,5.0
6225,37.0,1.7360475351330416,0.004991145138201882,0.1751844653291111,3.0
6226,5.0,2.5312042531263272,0.0017064981204351272,0.31406962877189754,7.0
6227,37.0,2.03290791753492,0.0022545106440881755,0.19759315944862366,3.0
6228,28.0,2.5129553521642545,0.0015373345061130677,0.3411118971452914,4.0
6229,39.0,2.3844793368765402,0.006622634755708153,0.3356851287272858,5.0
6230,38.0,2.320032202336503,0.005400164847622486,0.30370838163212993,4.0
6231,32.0,2.5465146958854494,0.007630600202457597,0.3550689339408555,6.0
6232,52.0,2.5193223973591556,0.00392906172345328,0.331379365708832,2.0
6233,46.0,2.6233267194091754,0.008579231251563771,0.37289145240295896,4.0
6234,52.0,2.4667184784667446,0.007702086471175267,0.3530489315462982,3.0
6235,24.0,2.644915550391487,0.003372043504006387,0.3782656839416019,6.0
6236,51.0,2.1012696397283146,0.001838576585733835,0.2317186295138338,0.0
6237,34.0,1.9683242941945465,0.001985162261462654,0.24349339358409358,2.0
6238,17.0,2.384223634296772,0.0031375705149883095,0.3574125155833779,6.0
6239,19.0,2.7910758092644707,0.001389841202199853,0.3898199989350485,6.0
6240,22.0,2.7229811712730516,0.005138765927070294,0.3695105443468817,7.0
6241,48.0,2.759450454544589,0.0017910668184575908,0.3916023813885225,1.0
6242,26.0,2.0949597966224123,0.011189006758079444,0.2596604515923257,7.0
6243,33.0,1.8648908068652985,0.009433187078496365,0.18923296755851537,5.0
6244,37.0,2.225522368559378,0.0068717833793498955,0.31694618674914465,5.0
6245,43.0,2.2104303879668064,0.005783196023387201,0.2939002101670821,3.0
6246,48.0,2.2805891675498042,0.005580624778214693,0.3055414852605003,3.0
6247,32.0,2.3353465846588253,0.0034831361737528116,0.30119602747273067,4.0
6248,30.0,2.266828946236869,0.0024665229287944533,0.2803358626569326,4.0
6249,36.0,2.0165947418136936,0.0067553357256077765,0.2677991190389145,4.0
6250,45.0,2.0326811625221675,0.009266487841430545,0.23087951720588085,4.0
6251,6.0,1.8210892108888632,0.0032440557544969172,0.16395912864505535,7.0
6252,19.0,2.069487499404133,0.0025799796535697014,0.20475963008372478,5.0
6253,59.0,2.3603273891443166,0.005638429338783502,0.32369130049504685,2.0
6254,55.0,2.450803663084223,0.001522337360426675,0.3081250648384204,0.0
6255,29.0,1.818395450951958,0.003296213071425775,0.14567414184905003,4.0
6256,24.0,2.506998329250882,0.007443171882008818,0.3411175870219848,7.0
6257,16.0,2.5073398428830846,0.0012050426076156092,0.325581538966645,5.0
6258,30.0,1.7405581355061015,0.004730294856242321,0.1379311548064937,4.0
6259,22.0,2.168241476803403,0.00195418080598605,0.253803685670646,4.0
6260,52.0,2.313938392146123,0.006889028713492019,0.3374465111560546,2.0
6261,22.0,2.616684786874776,0.006452674449139396,0.3568289625274298,7.0
6262,37.0,2.097401962793024,0.004278527472353725,0.23370707163987092,4.0
6263,27.0,2.359583345639505,0.00321914906128055,0.31582180793173026,4.0
6264,28.0,1.8107874473236723,0.0011078957503659343,0.17820949922639817,1.0
6265,33.0,2.4534989492282637,0.002406556612834115,0.3224860875152335,4.0
6266,19.0,2.3670589965577524,0.00589947835422076,0.31229069889329647,7.0
6267,51.0,2.168292468464436,0.004212817038417592,0.2846236408896448,2.0
6268,61.0,2.03511556197719,0.0038897691866287376,0.21769324053684283,0.0
6269,28.0,1.846765580810025,0.004040104680547718,0.20723513193932644,4.0
6270,36.0,2.6534031691094575,0.004197561601750258,0.3711232833165999,5.0
6271,33.0,1.7322625271115315,0.008015078092555819,0.14709756334104193,4.0
6272,24.0,2.542692658186339,0.003305292300031283,0.3777476578187971,5.0
6273,34.0,2.116090720969378,0.0038647621077142528,0.23835744475199122,4.0
6274,39.0,1.7270604273160564,0.0033817485054112263,0.13084169730998202,2.0
6275,57.0,1.930621980087095,0.003686920053219612,0.2054907855896312,0.0
6276,31.0,2.2332390165092835,0.004045904376578197,0.27393615822383505,5.0
6277,46.0,2.3651143004131168,0.004697301016576831,0.3573900291547754,2.0
6278,14.0,1.855812190595442,0.001286154255282444,0.17681833957753307,4.0
6279,26.0,2.1608879139277173,0.007697188763965649,0.2688105101808803,6.0
6280,46.0,2.523345465101827,0.0025678720102960927,0.33557938628534006,2.0
6281,39.0,2.0360286710312283,0.0013872538562681438,0.24062608702151814,1.0
6282,17.0,1.9810824721700544,0.007070036006665122,0.24008009942800623,7.0
6283,33.0,2.3379640650867244,0.004739398093754953,0.3531810020113326,4.0
6284,31.0,1.8885233215566288,0.008625682055690781,0.19914333638162052,5.0
6285,31.0,2.169265837207966,0.004682110463527766,0.25612889434592584,4.0
6286,25.0,2.2295270589656426,0.0068368158945892755,0.32387696725775583,6.0
6287,48.0,2.148954744865833,0.0038723175124867836,0.2653632896835619,2.0
6288,32.0,1.8098141444576288,0.0019857047044860043,0.13445043174383114,2.0
6289,37.0,2.6345733503956548,0.00630384150250997,0.3512021319133692,5.0
6290,40.0,2.400171326048164,0.007622963766499432,0.3248258784110443,4.0
6291,26.0,2.5227310355784933,0.002107878718647933,0.3468622476382584,4.0
6292,31.0,1.8741966540001682,0.00436486435350532,0.1975770141146956,4.0
6293,8.0,2.6974095942047565,0.0017649390425326355,0.3559861956185484,7.0
6294,29.0,2.1933729612169253,0.003530683118231708,0.25685539062072066,5.0
6295,53.0,1.9805591255596422,0.006045980092752376,0.21760411451330902,2.0
6296,39.0,2.185008980667286,0.005343429014615816,0.31647268980196314,4.0
6297,7.0,1.9026837907970204,0.0037746601796279644,0.19279573335662922,7.0
6298,16.0,1.9123032434645215,0.002886885734219947,0.21424259211969596,5.0
6299,28.0,1.9588359996977935,0.007959196469921576,0.202019475158706,6.0
6300,29.0,2.379868223710428,0.00587065829354458,0.32922958885649295,5.0
6301,35.0,2.359084013679228,0.008295173402670967,0.33856395578244947,6.0
6302,62.0,2.027051644093294,0.006022815216675811,0.2750266462276824,0.0
6303,23.0,2.3682483354641883,0.0015420504484660188,0.29447213858776894,4.0
6304,48.0,2.1668557826013535,0.0058412446020890355,0.27327392748924717,3.0
6305,22.0,2.195494590059445,0.0025888692483532136,0.2709831591092788,5.0
6306,3.0,1.9222493387351531,0.0028324628511692137,0.1889947401663521,7.0
6307,11.0,1.9030793670620214,0.004935210303336337,0.20733689523563878,7.0
6308,45.0,2.39217346459444,0.005082765585122816,0.31880643589658025,3.0
6309,26.0,1.8737098118896531,0.005159163150383336,0.17806851535791526,5.0
6310,40.0,2.0087462328569274,0.0033818117048351913,0.2517657798278301,2.0
6311,23.0,2.3883883995462805,0.004444495933879553,0.3146998957294642,6.0
6312,38.0,2.442997651936156,0.007051903904927716,0.3412190449731066,5.0
6313,31.0,2.3044975067659363,0.004801362911729793,0.3200128465313742,4.0
6314,28.0,2.6433690835120776,0.0067185925294211,0.37409222433104206,7.0
6315,53.0,2.1015043635147297,0.007919068865460267,0.26923506762900296,2.0
6316,33.0,2.171732729172168,0.00782806113383431,0.25317499705657326,6.0
6317,44.0,2.555302939030114,0.0018532846289104224,0.3319853031998215,2.0
6318,34.0,2.2185943207319654,0.0005697749335407329,0.26197283554040396,0.0
6319,52.0,2.4064479923440314,0.004010142483315474,0.3178696779043542,2.0
6320,39.0,2.330310554806575,0.004005458046206911,0.33038825275523165,3.0
6321,46.0,1.9593653267768836,0.002730284535485639,0.25140959534839197,1.0
6322,33.0,2.2506442519619405,0.007680438229648371,0.3198166858048078,6.0
6323,16.0,1.8428929102459706,0.004589080579089841,0.1968611071326727,6.0
6324,32.0,2.345598880178346,0.005702665297077035,0.32585181497769833,6.0
6325,44.0,2.2828800964873452,0.004627791710177058,0.34749144577312036,3.0
6326,22.0,2.154389675133775,0.008185924065065305,0.2802030500898926,7.0
6327,27.0,2.016295319220234,0.005978087153919308,0.20837778150687092,6.0
6328,44.0,1.898583486178759,0.002114748947700364,0.22039113911934033,0.0
6329,33.0,2.2174296492040204,0.00801915431775452,0.31130968679658044,6.0
6330,58.0,2.761113925245542,0.002395246691847645,0.382794794378736,1.0
6331,37.0,2.3462169678708786,0.0073596897231193795,0.33371757146849934,5.0
6332,29.0,1.988230554578182,0.0015432885324706764,0.24934581738158149,2.0
6333,22.0,1.8516799402746236,0.010746351940273815,0.18351309638731614,7.0
6334,32.0,1.935093170867634,0.0020124637711692673,0.22953515826002652,3.0
6335,33.0,2.7311478232318778,0.0017082866781787777,0.36528152991281027,4.0
6336,23.0,2.3751314481059285,0.007599517693474134,0.3504955601369466,7.0
6337,22.0,2.09586489678583,0.004945009197700531,0.22749567337010307,6.0
6338,32.0,2.604236976376312,0.0028683059844330106,0.3487587105380524,5.0
6339,20.0,1.920630441569646,0.00351674143784209,0.1854578864435978,5.0
6340,16.0,2.2223404847877957,0.002061559794800205,0.26372879054723686,6.0
6341,37.0,2.546811379118442,0.005613893078875249,0.3905205238915597,5.0
6342,38.0,2.1177390488226973,0.011331855254422533,0.2608653670478617,5.0
6343,35.0,2.484568475666532,0.012653278148492028,0.35301069855743755,6.0
6344,24.0,2.2127017831666227,0.007503957455423908,0.2904313892218701,6.0
6345,38.0,2.28758605551419,0.002551005808199095,0.32036795249499644,3.0
6346,29.0,2.5992434928690358,0.004582930401348885,0.3716455008269538,6.0
6347,24.0,2.1610124295168722,0.0018567613245683262,0.2550960870774273,5.0
6348,37.0,2.118935864921503,0.004334524729815882,0.2988626705856433,4.0
6349,29.0,1.799228387523426,0.0038186373094494194,0.18005776078102578,3.0
6350,25.0,2.480336477282957,0.0030818918731609435,0.30017772666763504,6.0
6351,47.0,1.913354354025217,0.007163018267930234,0.22507729530321208,3.0
6352,14.0,1.9922599519741366,0.005813826187068529,0.2484260913974289,7.0
6353,20.0,2.6874016344200604,0.0026307628731309053,0.35146451155516517,7.0
6354,24.0,2.3333128068420668,0.004087735927826526,0.3129782594751309,6.0
6355,51.0,2.5392229396016934,0.006135555454571372,0.3634569800018825,3.0
6356,19.0,1.787933244946414,0.0026614077013762793,0.15529305753640035,5.0
6357,41.0,1.6533528440388727,0.003972443071292082,0.11691476529365277,1.0
6358,27.0,2.5484426687024224,0.005552463316090126,0.3756926913541745,6.0
6359,33.0,2.365786155040268,0.006815339025382958,0.3358611507299928,5.0
6360,13.0,2.0847465507112197,0.00297846719900325,0.19759882443353408,7.0
6361,46.0,2.4561007550205636,0.0025905251437677774,0.3634915102839446,2.0
6362,37.0,2.5093645737939347,0.0024799165836335993,0.3564236867375307,3.0
6363,37.0,2.0438684244113134,0.0037212066249491344,0.2857880103318303,3.0
6364,61.0,2.1118793888810274,0.008623287482865633,0.2526252390683179,1.0
6365,46.0,1.9404900513181795,0.007109157168690291,0.22366752968514678,3.0
6366,40.0,2.2676660277008374,0.006757769618300265,0.30819649869331084,4.0
6367,34.0,2.0092622016762274,0.005919079639098347,0.2052405473487755,5.0
6368,37.0,1.842616631932595,0.008978143139472268,0.19367614069653577,4.0
6369,56.0,1.7541274401422338,0.0034961211319780713,0.14388064807700243,0.0
6370,26.0,1.8599643073055303,0.009601164744178764,0.175485379905619,7.0
6371,32.0,2.128714329423906,0.004151615045246773,0.26802666518664225,5.0
6372,41.0,2.510018143049248,0.0077649251411877895,0.361686948126846,5.0
6373,33.0,2.460978892321414,0.007189251343155248,0.3309192185575822,5.0
6374,32.0,2.4967910769290755,0.006462110617992826,0.3882168423976827,6.0
6375,18.0,1.8089544384685152,0.005150460372714729,0.15709822043908933,6.0
6376,46.0,2.3910499338431825,0.004457163221684903,0.3302187987402734,2.0
6377,44.0,2.320391059577264,0.0005646840585743569,0.29276933339636846,0.0
6378,26.0,1.965720684929869,0.00310036888673064,0.2343112806963739,4.0
6379,51.0,2.7519165686997296,0.002622706942670072,0.38909434060765463,1.0
6380,58.0,2.285328108731276,0.004444556142014333,0.29381360364407527,1.0
6381,32.0,2.2467312103271393,0.004394095044433882,0.3056199861507561,4.0
6382,39.0,2.4363590230562555,0.004667154677871947,0.37548569795119763,4.0
6383,18.0,2.569550464080494,0.0016882494352291391,0.35867182050797725,6.0
6384,28.0,1.81001376640348,0.005333874298922098,0.16603410635931123,5.0
6385,16.0,2.0101761155254483,0.005850963372994258,0.22763435289373357,7.0
6386,27.0,2.401614165393456,0.0058593505364322165,0.3576645540860899,6.0
6387,38.0,2.5551394971895944,0.0029109581103807652,0.39702952760119387,3.0
6388,34.0,1.9027844175116941,0.0038516122860887203,0.1914484128216425,4.0
6389,34.0,2.388337147384378,0.0050479513066550704,0.3083082564629041,5.0
6390,37.0,2.6582638203793425,0.004762069374918716,0.39100535859416846,5.0
6391,54.0,2.471332483716699,0.005240454358559103,0.35920466996959144,2.0
6392,37.0,2.239980623464725,0.0030315011805019075,0.26875199336760774,3.0
6393,29.0,2.6093774253271005,0.0016927880203868365,0.3428227858985116,4.0
6394,24.0,1.8518640515534506,0.004222952038789981,0.193547907646528,5.0
6395,28.0,2.046056653964024,0.0056003160936396925,0.25450309116182385,5.0
6396,27.0,2.297748580727748,0.0032233077335888237,0.2632491467598585,5.0
6397,44.0,2.540567019136937,0.011650607081190197,0.35876594837806863,5.0
6398,29.0,2.0154937497980843,0.0024033506071955806,0.21400111434397898,4.0
6399,24.0,2.279174062666764,0.004798607250638602,0.2933794517257647,6.0
6400,40.0,2.041375898625801,0.004726375669450663,0.24076961443294484,3.0
6401,50.0,2.2155263778530543,0.004159172167476432,0.3267105676200448,1.0
6402,24.0,2.1480922609680895,0.004483233909820389,0.2568571713888152,5.0
6403,25.0,2.1054120690650526,0.0039866950633098905,0.2934378767244559,5.0
6404,26.0,2.035156778523111,0.0015401428516556728,0.2630464937898877,3.0
6405,32.0,2.3385071576350853,0.003017278435485768,0.29675428967841216,5.0
6406,40.0,2.3355465420612584,0.005505031367384011,0.3303745911243507,3.0
6407,58.0,2.220935150739471,0.00816606705580996,0.32311195976496443,2.0
6408,40.0,2.550804945283696,0.009931630555666525,0.3805442074118907,5.0
6409,31.0,2.51698198450129,0.0021956479957656837,0.33875046573538836,4.0
6410,21.0,1.9800903635250569,0.006965650139778064,0.21128245103831936,7.0
6411,33.0,1.7108662355530038,0.0016407198979612595,0.1087925444180033,2.0
6412,34.0,2.1425068635160174,0.004568662844972548,0.2601668141814135,4.0
6413,45.0,1.9449299462250098,0.004442195349069669,0.2550223945576261,2.0
6414,20.0,1.8602509587184928,0.010088472287547874,0.18188477851238177,7.0
6415,21.0,2.0529067597951274,0.003166115818860293,0.2576002373253039,5.0
6416,16.0,2.568507806627415,0.001982077824657532,0.3885138297379691,6.0
6417,51.0,2.5701176082652735,0.0016844701846140306,0.36559606673808037,0.0
6418,23.0,2.414816080369708,0.0032321587587181605,0.3243531870140636,6.0
6419,48.0,2.161272565694127,0.004497337411605851,0.314598729617887,2.0
6420,43.0,1.791300726083771,0.005864815918852544,0.1612408223454258,2.0
6421,42.0,2.425437039498653,0.003412287416928683,0.33732585811776716,2.0
6422,15.0,2.3076629134103084,0.004686817348044078,0.2985031686008167,7.0
6423,27.0,2.079172656585034,0.00259642142519111,0.2060666434739791,5.0
6424,15.0,2.344523529372594,0.0021180129952591523,0.3151928000475233,6.0
6425,57.0,2.2473307430656977,0.0045514165381401695,0.31365077126488683,1.0
6426,44.0,1.9385998724699656,0.006832741298745392,0.21894040905717843,3.0
6427,37.0,2.2565212510505996,0.0025485694890960164,0.3204977877575996,3.0
6428,31.0,2.470749290073274,0.0043155194306742,0.35801533598734325,4.0
6429,47.0,2.0891612977920344,0.008307644769038629,0.2668191510066965,3.0
6430,33.0,2.5045780622205975,0.003092426147724394,0.33344264365841025,4.0
6431,24.0,2.2306958380416915,0.005861865403542697,0.2851787199579804,7.0
6432,50.0,2.4793037582888378,0.0011971156242401545,0.3261922580944775,0.0
6433,11.0,2.1522335725301702,0.0026409178676355827,0.2701818380726602,7.0
6434,25.0,2.3886040991303705,0.0036694324981325966,0.3157686977307981,5.0
6435,43.0,1.8039259399380738,0.005329205835307098,0.16698198094533276,2.0
6436,32.0,2.3737597986615944,0.010589322677414682,0.329668405865758,7.0
6437,39.0,2.233604583953579,0.009460968267469373,0.30797182960945285,5.0
6438,18.0,2.0535371344941473,0.004697801284244099,0.2532356407272668,7.0
6439,31.0,2.307743564469532,0.006468197313621252,0.28972290696051084,6.0
6440,61.0,2.4461141567688336,0.004925652384747609,0.3446960034593647,1.0
6441,36.0,2.01280825179478,0.016492408158266348,0.24403424499937396,6.0
6442,28.0,2.2075992805855984,0.001167282402458413,0.2876541365839801,2.0
6443,25.0,1.7812760557890812,0.011651455609842832,0.182175221277389,7.0
6444,46.0,1.9306858794390365,0.004857225888279257,0.24581782020853554,2.0
6445,42.0,2.329273810520892,0.0062139078059156964,0.31987924826705794,4.0
6446,23.0,2.157501664173003,0.002049443503573017,0.25577682608462693,5.0
6447,41.0,2.546956864662158,0.007079667362537767,0.355982849255954,4.0
6448,29.0,2.1719210516231957,0.0032175681824786594,0.27056223830683745,5.0
6449,58.0,2.4725717062728543,0.005719832662605108,0.33135943681186225,2.0
6450,21.0,1.9620613139212488,0.002833269818799141,0.23716099419987072,5.0
6451,41.0,2.0502111453689227,0.005518096351361334,0.21420687147339582,4.0
6452,37.0,2.564382328043534,0.002656001579422255,0.3545842226324755,4.0
6453,17.0,1.927271440177355,0.006524365135847588,0.23897217579881053,7.0
6454,21.0,2.0109917076599313,0.007449048623896485,0.24949247092590637,7.0
6455,24.0,2.385513685211257,0.003498835316843576,0.35961559684845384,5.0
6456,55.0,2.466791496764287,0.0030231694860935526,0.3761514644407394,0.0
6457,21.0,1.8176589721579814,0.0037074178553476787,0.12110227085667966,6.0
6458,34.0,2.050600150709508,0.00806598597315169,0.24207911039035823,5.0
6459,46.0,2.167411092473622,0.005103742424716241,0.28282895921337237,2.0
6460,33.0,1.7246382310305404,0.005937696347891941,0.16590041338332087,4.0
6461,28.0,1.8417871796623784,0.004566967367487268,0.19234425626523344,4.0
6462,44.0,2.319767365689928,0.0035520813489697245,0.2829562246047328,3.0
6463,19.0,2.2529374100009694,0.003271112736323702,0.2892659669475893,6.0
6464,29.0,2.0774194520955414,0.007460597665701495,0.2316055387965699,6.0
6465,30.0,1.8995072377738265,0.007465755672958626,0.22088376944458082,6.0
6466,32.0,1.9041841765354057,0.0026628138938224514,0.2260022842597037,3.0
6467,31.0,2.339859072084634,0.0037756303869618084,0.3531887421152188,4.0
6468,27.0,2.4204758951884338,0.0027186378917902552,0.3346874120885529,5.0
6469,24.0,2.1386438863443673,0.008273073457368472,0.24846356551880902,7.0
6470,44.0,2.4423823583294415,0.0006216677632284646,0.33468911626177555,0.0
6471,27.0,2.3591431011800736,0.0028052914409890098,0.31453579393420633,5.0
6472,52.0,2.033628779976717,0.0027865821429273368,0.22972097164786517,1.0
6473,44.0,2.3148879904026325,0.005971366944759664,0.33122047707741026,3.0
6474,52.0,2.4311713929165415,0.007970629175723087,0.3520732280543398,3.0
6475,33.0,1.8265434989996416,0.0040552329151204245,0.1947147365607757,4.0
6476,32.0,2.5664704470114676,0.0007509039255295477,0.35223402602400616,2.0
6477,30.0,2.464566851569299,0.01034262263037743,0.35323316674480304,7.0
6478,29.0,2.1378334308416607,0.003865144148180717,0.28153223198052746,4.0
6479,40.0,2.5102647577454933,0.009319722739851558,0.34558047603043407,5.0
6480,4.0,2.449695958454439,0.0021008789316684286,0.3315255491553348,7.0
6481,36.0,2.182038067661758,0.0028529795638883287,0.25017145412339625,3.0
6482,19.0,2.0162934356803968,0.001513692658986182,0.24977290248086448,4.0
6483,32.0,2.004456381604739,0.01041251635648429,0.2527444425181028,6.0
6484,24.0,1.7866867974203935,0.0034016721283762937,0.17318996440995704,4.0
6485,27.0,2.002056620155706,0.003853957925730689,0.19877587039277608,5.0
6486,52.0,2.2762887722250946,0.009090459775134908,0.31046037633204077,3.0
6487,59.0,1.839033652112566,0.008007712646265324,0.1835326451395367,1.0
6488,26.0,1.6537891113874659,0.01482508495446158,0.11175656332119825,7.0
6489,24.0,2.4096875543367284,0.0038137470895860145,0.3549915886476971,5.0
6490,30.0,1.9466000426063352,0.004091842367362209,0.22251922229068297,5.0
6491,31.0,2.585308114173129,0.0008685536034613617,0.38890252335488557,2.0
6492,35.0,1.9733732824637569,0.0033989667391790875,0.18165893384432266,4.0
6493,31.0,2.370449253926245,0.007918078283434257,0.34076027382531704,6.0
6494,29.0,1.7865122398479756,0.002588873987767037,0.16821377326793713,3.0
6495,24.0,2.4707827117218257,0.0075359205808879035,0.3504253553645334,7.0
6496,45.0,2.265252101975154,0.004975637036624788,0.30147123437143775,2.0
6497,48.0,2.5416573204695307,0.0010409001339720468,0.3294755950523458,1.0
6498,23.0,1.929558294054027,0.004693705101848086,0.20464193081880874,5.0
6499,20.0,2.3467263784933823,0.0012969434843174742,0.32113242639986384,4.0
6500,16.0,1.7974960073581614,0.003171752620416345,0.1427068095150704,6.0
6501,14.0,2.230604934926952,0.0031616357564019605,0.25666500211689136,7.0
6502,37.0,2.505965105380281,0.002691738346397347,0.34397255478199773,4.0
6503,40.0,2.6032657637188477,0.007049387771284328,0.39305197051710355,5.0
6504,36.0,2.248669558301921,0.0023548864076576685,0.2646184139720992,3.0
6505,34.0,2.076790716449878,0.0031590059948398844,0.23920398105995583,3.0
6506,30.0,1.8636326521824051,0.0009056867798845974,0.169707979350939,2.0
6507,37.0,2.3258535012223462,0.003672959494918156,0.304830879259143,4.0
6508,17.0,2.3604505043643065,0.0059463929367856005,0.33027545603513225,7.0
6509,37.0,2.355004580278945,0.014500893148727175,0.3346628249879115,6.0
6510,38.0,1.9533725740710555,0.003912707267259042,0.24687529897023608,2.0
6511,35.0,2.5332535171673793,0.007064149273609802,0.3715434216568592,6.0
6512,55.0,2.5274689199563345,0.0026825281293253508,0.35267893760181185,1.0
6513,30.0,2.4325236919293896,0.0014263043930865887,0.30200372404345716,4.0
6514,24.0,1.6996519164204134,0.005277861700440878,0.13592166454754243,5.0
6515,32.0,2.533340463182211,0.002568321002341399,0.37266063201764615,4.0
6516,33.0,1.798548168820131,0.009075967047433565,0.1957900738833312,5.0
6517,35.0,1.7241557427129777,0.005652196454618049,0.15490743204258484,4.0
6518,34.0,1.8822494821496454,0.004268100439102372,0.17256661116024127,4.0
6519,55.0,2.4695352576752345,0.010478480083821172,0.34004967743391046,3.0
6520,23.0,2.4181142544789793,0.00456227642642055,0.3644983115425669,6.0
6521,44.0,2.1537700795007018,0.004119271576035514,0.2561202699691946,3.0
6522,61.0,1.7739562134689844,0.004271668502237512,0.1392424048426357,0.0
6523,37.0,2.1966771385159607,0.0032787933088824456,0.26319333598848144,4.0
6524,27.0,2.3283306053628956,0.010599327871853392,0.33558036274412084,7.0
6525,38.0,2.473882028413196,0.005994086808958357,0.3562989539990395,4.0
6526,44.0,1.7916098856174905,0.006030437344736753,0.14433997627738082,3.0
6527,33.0,2.1451739698894605,0.0023038788516844717,0.2361449326933018,3.0
6528,53.0,2.53414927425393,0.0012155009879967742,0.357726926723827,0.0
6529,42.0,1.836775880250011,0.004785860160553162,0.17055800617136713,3.0
6530,35.0,1.9082091255546565,0.001917322868637569,0.20185764233603556,1.0
6531,41.0,2.0991733313449332,0.0032639011079204664,0.2908665891046053,2.0
6532,43.0,1.7330990596643734,0.004156291271238203,0.10998098896670475,2.0
6533,30.0,2.207657220265171,0.0019854505662788933,0.2604912984629831,4.0
6534,18.0,1.7804048579846086,0.0006058349602365584,0.12601059712834536,2.0
6535,34.0,2.23524255973017,0.005021536137941467,0.3016957785443094,5.0
6536,33.0,1.765542253857082,0.00923207942395774,0.16871144199065596,5.0
6537,37.0,2.1196568621082963,0.003841003209380526,0.26389726015206083,3.0
6538,41.0,2.3703779026860663,0.002553066013929197,0.33295443959536525,3.0
6539,21.0,2.170635647512079,0.0022550119359995395,0.2634646008565566,5.0
6540,16.0,1.8208386333831603,0.002044437483533622,0.15935700257147012,4.0
6541,23.0,2.4141410449336873,0.004289473593617602,0.3035495000664598,7.0
6542,51.0,2.1214982297951264,0.008046591418085537,0.26170839084945086,3.0
6543,55.0,2.202088428917046,0.006362380376022206,0.3084035234254015,2.0
6544,21.0,2.2671919276946677,0.006315215198774546,0.2967817186512321,7.0
6545,53.0,2.290965556711664,0.00690277767902777,0.34265513053941465,2.0
6546,36.0,1.9576638141611422,0.0007632592751641877,0.19036071132132976,1.0
6547,37.0,1.9256856263954898,0.00831618974706954,0.23623489868439718,4.0
6548,27.0,1.6872657834937708,0.008141156173615646,0.1505609943870337,5.0
6549,54.0,2.353075330655839,0.0020263254512648135,0.29922024142703074,0.0
6550,42.0,2.0902746899967104,0.004408945940225938,0.2694322993988586,3.0
6551,47.0,2.3086577324793875,0.00700831747579554,0.29661949639642676,3.0
6552,30.0,1.8782647119350295,0.002982213825513484,0.183384717288042,3.0
6553,49.0,2.0722080780395284,0.001565403874322247,0.2523811528792916,0.0
6554,40.0,1.9851351913923747,0.0054464223195571215,0.22101389257537085,4.0
6555,48.0,2.1813027669458065,0.005338028303009308,0.31355822424355373,2.0
6556,32.0,2.292574267067344,0.005609432251240981,0.3117477976116979,5.0
6557,41.0,1.846947537215124,0.0050243824370627115,0.20414342245125688,2.0
6558,59.0,1.9874268352550961,0.007371779105490366,0.24187173133887083,1.0
6559,42.0,2.0533602182912745,0.004401902234557046,0.21007491520869065,3.0
6560,29.0,2.505552938277466,0.006179383562184452,0.3685796249919682,6.0
6561,28.0,2.3974098110096502,0.003093574071255813,0.3533029321295228,4.0
6562,41.0,1.9739326558113504,0.007924770204607285,0.24606402912473493,4.0
6563,30.0,2.4139730347726034,0.0011389063645718743,0.32432403881203925,2.0
6564,42.0,2.296488098006305,0.0019365755294027715,0.30294318688291555,2.0
6565,31.0,2.0384586326632137,0.006216099974397947,0.22753132744292076,5.0
6566,24.0,1.7763396239926488,0.0018283657376478755,0.12698545812651288,3.0
6567,22.0,2.6549525514144836,0.0038118021892929524,0.3466343600421489,7.0
6568,20.0,2.108443548140382,0.0038597553125978264,0.2500913442206928,5.0
6569,36.0,2.471014796131012,0.00582903269251293,0.33173121480821927,5.0
6570,56.0,2.274063117826334,0.004556803180060999,0.30360122605751894,1.0
6571,44.0,2.255273393385153,0.00392483311975836,0.2934334631112872,2.0
6572,25.0,2.3762160319705155,0.004467979951257162,0.3220544656301881,6.0
6573,63.0,2.3945535993197575,0.006486925954106455,0.34836933012524973,1.0
6574,32.0,1.7152154517576435,0.006914345999753754,0.13441748691975428,4.0
6575,38.0,2.321377806311777,0.008108377897414884,0.32638614774747465,5.0
6576,40.0,2.340235459494881,0.00450955930033982,0.33997542120088087,3.0
6577,23.0,2.721676147457799,0.0023880934778294964,0.3575439499501676,6.0
6578,32.0,2.223032334747487,0.010391009035023867,0.30385050329505087,7.0
6579,52.0,2.1139868273149878,0.0040542292044170565,0.2764224546158394,1.0
6580,39.0,2.1942315576073215,0.002543787230475936,0.29234299698014515,2.0
6581,59.0,2.450815684812098,0.00480193233794773,0.37172175749264563,1.0
6582,28.0,2.357533977615578,0.009234378954596044,0.32035784673179707,7.0
6583,21.0,2.385920202619196,0.004271859041675828,0.2854083355419285,7.0
6584,26.0,2.229428934514293,0.004748584275163666,0.24852156927554298,6.0
6585,17.0,2.080052484000676,0.003282024382024188,0.24176388999817092,6.0
6586,17.0,2.1820971886512024,0.00194266409876312,0.30720853918568697,5.0
6587,23.0,2.025656846726498,0.006630917534292271,0.22946381888570824,6.0
6588,37.0,2.228437799026141,0.010331034892477048,0.2911030568168522,5.0
6589,56.0,2.2566231071301464,0.00493189120224076,0.338576765621982,1.0
6590,36.0,1.8286012071016988,0.0054448492865543634,0.1697057411885727,4.0
6591,30.0,2.639813975632548,0.01008687256312576,0.39160987438651823,7.0
6592,27.0,1.8892514910474436,0.006386948217723991,0.20434727918409137,5.0
6593,16.0,2.4001944489352804,0.004734666183760407,0.35082270843682917,7.0
6594,35.0,2.401022731727689,0.005670942335430468,0.35433791338878745,5.0
6595,43.0,1.899223189202852,0.005475826335006914,0.22029430073099318,3.0
6596,26.0,2.3121301235985947,0.004143474910885589,0.333561978008656,5.0
6597,28.0,1.7959950654523753,0.0030110499966332217,0.17806308908017113,4.0
6598,46.0,2.3991363709497446,0.006984518721600424,0.3230588196382675,4.0
6599,29.0,2.4518922612558676,0.0005449260225596174,0.3283212511537477,2.0
6600,39.0,2.2521773971293575,0.005075177207394,0.3121733388000189,3.0
6601,24.0,2.0089701522340775,0.00713431782327279,0.272894556804833,6.0
6602,40.0,2.527402111696632,0.0037202258384312773,0.3671220342900561,3.0
6603,34.0,2.0248747611201625,0.006792145494858653,0.23709204019906782,4.0
6604,47.0,2.517676150297359,0.007894267664780583,0.3568945965381977,4.0
6605,40.0,1.9140968379511991,0.00612594836362112,0.1998966791185101,4.0
6606,40.0,2.2214971904491416,0.004350699433684242,0.26807983040703,4.0
6607,43.0,2.728707453945283,0.0008108024786975448,0.3854101564023698,1.0
6608,28.0,2.6041366672873774,0.003915241793286795,0.38285328463451895,6.0
6609,20.0,2.8098144272202155,0.0006824801438896874,0.38149961730982296,4.0
6610,25.0,2.027402738164884,0.0066229677976093965,0.2161160021576554,7.0
6611,31.0,1.8741087288588898,0.0037967678049333547,0.1637251548812021,3.0
6612,24.0,2.6529828756003324,0.0032468117482625978,0.34462391986818325,6.0
6613,33.0,2.387088334658103,0.0016389035116739323,0.3308821269853482,3.0
6614,23.0,1.9090963617417378,0.0016800643303739177,0.17056005674762137,4.0
6615,16.0,2.7230345075072067,0.0018300861508985559,0.35344610110021407,6.0
6616,36.0,2.7366322480340726,0.0018300512070006567,0.390849299077041,3.0
6617,22.0,2.07173721632835,0.001097792123391703,0.20381444335804896,4.0
6618,22.0,2.6417273259677674,0.004206789805171638,0.38036022092517546,6.0
6619,38.0,1.7950231718626743,0.0024251642911392933,0.19977251899991985,1.0
6620,26.0,2.525939697885299,0.002090697592129621,0.3748409896260812,5.0
6621,17.0,2.4749694729694007,0.002509258550688853,0.36706810791726796,6.0
6622,19.0,2.10131476230395,0.00498921504665212,0.2600569408857434,6.0
6623,40.0,2.366585219319439,0.006775898031224268,0.3122862252302257,4.0
6624,41.0,2.466423736987481,0.009416674504696593,0.36401285085311985,5.0
6625,6.0,2.3885150900411793,0.0018141807997954062,0.3280873499813546,7.0
6626,48.0,2.5751631967705237,0.004013863282477212,0.3400129013375985,3.0
6627,43.0,2.459690167308472,0.001514651722628596,0.3451544115099119,2.0
6628,22.0,2.009217912546164,0.003613328230988728,0.2548035656846658,5.0
6629,28.0,2.279823735971249,0.005569090606990074,0.29013476337194044,5.0
6630,30.0,2.1419628708878142,0.005958601373110256,0.25890632824368204,6.0
6631,21.0,2.0773660695139746,0.0025920947737430736,0.26110556836054316,4.0
6632,41.0,2.308181486446317,0.0030526814171007925,0.32976427098782046,2.0
6633,22.0,1.9342275010085561,0.004438049572550515,0.18652602700551738,6.0
6634,36.0,1.9990391430589265,0.010768262118574743,0.23530122806680875,5.0
6635,55.0,2.3965080019546083,0.005234311506269017,0.3579210018886708,2.0
6636,28.0,2.4560194681197114,0.0025395909638208933,0.3754966861675916,4.0
6637,55.0,2.652135130457281,0.004141887446781014,0.3536075223127604,2.0
6638,19.0,1.9022585628690585,0.0036187417312504525,0.1975940976465272,6.0
6639,53.0,1.827286935867595,0.0040512491535984385,0.18044855638016188,0.0
6640,40.0,2.630978665308464,0.0035423998499997393,0.3423759398677309,4.0
6641,33.0,2.295681683507878,0.007373764486085115,0.28723678056441004,6.0
6642,47.0,2.496615724356213,0.006979999499891146,0.3495933582658572,3.0
6643,25.0,2.1885936284193863,0.0030913435394390653,0.2851189148323315,5.0
6644,52.0,2.4692190060075867,0.0019900466255709866,0.3479022330040073,1.0
6645,14.0,2.6055914550801225,0.0020189870642769547,0.3839012934372607,6.0
6646,29.0,1.7623268919554786,0.004273750398678999,0.1830723492782657,4.0
6647,29.0,2.0400804871014646,0.0051168123860420404,0.23755583663189314,4.0
6648,61.0,2.2484943856582684,0.006525685115653786,0.2884404524302365,2.0
6649,30.0,1.9565890963179735,0.005494511141435208,0.1931524909393221,5.0
6650,5.0,2.666858799479667,0.0018381790618295696,0.3698234981956689,7.0
6651,8.0,2.1055014509948333,0.0028951590259841536,0.23862353697741953,7.0
6652,32.0,2.4407001279576472,0.0017908307121307183,0.33115494232471737,3.0
6653,34.0,2.035734549656255,0.005779025598771447,0.2638114198081321,5.0
6654,34.0,2.3288564004135317,0.003242906839898093,0.3124756224886791,4.0
6655,40.0,2.281645583903647,0.0011252005021504217,0.32930669691969233,0.0
6656,24.0,1.9213784444203448,0.006312048779579126,0.2025660732674509,6.0
6657,20.0,2.6765805514127345,0.003027221581283369,0.36035160403690747,6.0
6658,29.0,2.329668194683003,0.004126856066742594,0.32142137399836374,4.0
6659,53.0,2.1692769526832167,0.005430386944335225,0.25185327985939965,2.0
6660,30.0,2.280625835748582,0.001025519894639314,0.32426487408151555,1.0
6661,21.0,2.2740402395006463,0.0012184597542714208,0.2600753212624787,4.0
6662,26.0,1.9361384887401882,0.0028321758139239423,0.23225252021897788,3.0
6663,20.0,1.915583398372739,0.0029670535804210067,0.199489118793045,5.0
6664,33.0,2.1441441029766866,0.00753279449279079,0.25407427985989955,5.0
6665,34.0,2.4861338050371993,0.0037656020622535637,0.35600509882509956,4.0
6666,35.0,1.7022746583025228,0.0016159653018789646,0.12362281515527518,1.0
6667,32.0,2.1015513842700804,0.0043015760199818925,0.2488040565849932,4.0
6668,55.0,2.600279458871058,0.005792193292517684,0.35110785774514747,2.0
6669,51.0,2.4604713057579124,0.003942116227889183,0.3370035387371296,2.0
6670,42.0,2.0213448003486216,0.003040199350564687,0.20205985521011666,2.0
6671,27.0,2.6244306935973976,0.004239803412578184,0.3556731773150423,6.0
6672,31.0,1.855933010348738,0.0014438341565258808,0.17924220633132723,2.0
6673,22.0,2.1845336360550265,0.004449885918499943,0.3031098455031971,5.0
6674,58.0,2.4132091368511777,0.0032013481768118964,0.34173661353829277,0.0
6675,46.0,2.0222446215919123,0.008934692419697179,0.2630686739969646,3.0
6676,29.0,2.428098326895793,0.010405587415177045,0.3588844586513993,7.0
6677,32.0,2.332511086710397,0.0032864671482102205,0.3020334556686849,4.0
6678,34.0,2.612803187396924,0.0039974707873236615,0.38066089741727055,4.0
6679,12.0,1.9215252643943583,0.0006240243530113671,0.15791668381067944,4.0
6680,8.0,2.114067041972955,0.000531673272060319,0.25846526519852503,4.0
6681,30.0,2.0264622516757553,0.012184158497846397,0.24718102719133556,6.0
6682,60.0,2.0309139437111923,0.0077139185517901285,0.2658457230349641,1.0
6683,32.0,2.4775260099810246,0.006619001704406137,0.3457298303693824,6.0
6684,63.0,2.253499708072697,0.004904747824398151,0.3030462157504643,1.0
6685,53.0,2.7311568652260556,0.0028711157124168595,0.3710031813912688,2.0
6686,53.0,2.5314278280447136,0.0067318634528136115,0.37664472939184085,3.0
6687,33.0,1.944037770287395,0.0023072083598998606,0.20382099230144332,3.0
6688,58.0,2.3378534747287474,0.008204536102242144,0.3034740115288134,2.0
6689,26.0,2.4215843111146937,0.002520962539598495,0.3578137987621708,4.0
6690,39.0,2.3418140987877885,0.004705946198705579,0.3095519173678879,4.0
6691,31.0,2.4274428881215626,0.002736064853398772,0.34762507354995736,4.0
6692,51.0,1.9412906240130223,0.0037913202884398292,0.18575620241918067,1.0
6693,56.0,2.4848797331503936,0.0032939435838171493,0.353731494372735,1.0
6694,22.0,2.087102394991349,0.004077975486232584,0.23740075655840803,6.0
6695,17.0,2.4836909875374333,0.0015770300936012922,0.3188497420710717,6.0
6696,31.0,2.2510163182061786,0.0040393905648832655,0.3060387510973702,4.0
6697,27.0,1.8305897938716713,0.006219349634180577,0.1525732089839085,5.0
6698,23.0,2.4842628225304337,0.004677875688835679,0.31732653342015515,7.0
6699,22.0,2.153234067589646,0.004046807895488934,0.27190632545038984,6.0
6700,35.0,2.133467192002152,0.002240729150514954,0.2856751045420415,2.0
6701,17.0,2.589708808850151,0.003921180776302778,0.3421687900235199,7.0
6702,31.0,2.4268572553498746,0.0035572122542987185,0.29623955908829325,5.0
6703,53.0,2.211314251721966,0.003244137632240237,0.2616707563418045,1.0
6704,52.0,2.021006146234619,0.005788904691237359,0.26574636349245184,2.0
6705,32.0,2.2444290162932394,0.016189090084230955,0.31979690219521373,7.0
6706,30.0,2.1482007306322144,0.0020839065342494567,0.2717475493748275,4.0
6707,34.0,2.131410207017026,0.004143615614672019,0.2696936091561638,3.0
6708,27.0,1.7628370791744603,0.004518020928144155,0.1757813326737399,4.0
6709,33.0,2.368713904138446,0.00429664437773151,0.3534653017294102,4.0
6710,36.0,1.8720074432091722,0.0051968393356800905,0.15858761854924194,4.0
6711,30.0,1.9758378607349132,0.0027218619267274213,0.23308432809961538,3.0
6712,21.0,2.2172687725227327,0.003471728097422453,0.27666678190710037,6.0
6713,27.0,1.8263678776402694,0.0010787823095286754,0.133546836191945,2.0
6714,22.0,2.40986272323176,0.005426642448223178,0.3383921313798981,7.0
6715,33.0,2.0425935138802647,0.0023352579577228492,0.21088501177833133,3.0
6716,31.0,2.0521510835318413,0.009772824994788806,0.28415586721469865,6.0
6717,23.0,2.45160758892173,0.004669092632053315,0.3119014119350598,7.0
6718,32.0,2.548834684664181,0.00540750323381335,0.3826173958722085,6.0
6719,21.0,1.9591949271729174,0.006280479749453669,0.22253394570143176,6.0
6720,43.0,2.4705953182691065,0.004280895099115643,0.348829862738739,3.0
6721,27.0,1.992676775357662,0.004891407641404957,0.24737493347066974,5.0
6722,52.0,2.292327502156692,0.005417620541150993,0.30662100213862403,2.0
6723,32.0,2.52195821026766,0.0014120805985188526,0.3837318195177037,2.0
6724,50.0,2.0539325097490333,0.002770979199157335,0.23579804467947835,0.0
6725,39.0,2.2766690261073452,0.007307500682403084,0.3314800389299085,5.0
6726,30.0,2.029754530563264,0.00942245425250576,0.2574284779605377,6.0
6727,52.0,1.6313890940098175,0.005827410220221596,0.10423669991688406,1.0
6728,22.0,2.31933777086245,0.003781079486057352,0.3469081673473365,5.0
6729,41.0,2.0859052837648795,0.0015260435232357838,0.28118973107484996,1.0
6730,33.0,2.4112168917747554,0.010213763677330213,0.3547320520062397,7.0
6731,46.0,2.053988588410974,0.0031911183605657666,0.2697454730695064,2.0
6732,22.0,2.2045561530549898,0.004995407263816181,0.2500316044072185,7.0
6733,51.0,2.57465861484262,0.0038505842335669234,0.3595817390036538,2.0
6734,34.0,2.4832954387832435,0.005055752823945544,0.35082511546362133,4.0
6735,33.0,2.4465863111127066,0.0030478215392624845,0.325847812627116,4.0
6736,27.0,2.4545058791303025,0.0033648437155509208,0.3328540915558014,6.0
6737,38.0,2.6328610165132127,0.001474723446082566,0.36036169345543656,3.0
6738,43.0,2.284097405332946,0.003143338901650493,0.2975052257618256,2.0
6739,28.0,1.9631115504194023,0.004230658621333827,0.20801720720516736,4.0
6740,20.0,2.2237619882943758,0.004994131817865686,0.2601381575231369,7.0
6741,23.0,1.7312213464094262,0.00107519318847519,0.14535293943546168,1.0
6742,55.0,1.9627489469653725,0.00421514230112799,0.21346631448229295,1.0
6743,29.0,2.351495589461896,0.0015096331637850385,0.32400929863949324,4.0
6744,43.0,2.0380209072907514,0.004284649494571751,0.2676803499926015,3.0
6745,29.0,1.9674186339090254,0.0007688131523519927,0.20592132377988234,2.0
6746,32.0,2.709368600315779,0.003945631213304748,0.39680774446071765,4.0
6747,36.0,1.907923010772794,0.010313627136790354,0.24028342083831153,5.0
6748,22.0,2.7073846535531683,0.00686878576304138,0.3927152864649013,7.0
6749,44.0,2.3032682387117704,0.007890236049173943,0.3017376254410532,4.0
6750,39.0,1.9951409476454645,0.0031667589393545477,0.21072522054051993,3.0
6751,45.0,1.88548249108064,0.005115185581520236,0.19162858067978272,2.0
6752,57.0,1.9183983428464977,0.0055392441307814035,0.2001854160477064,1.0
6753,51.0,2.373787610597564,0.0014067043300261344,0.3416834194904337,0.0
6754,37.0,1.8677690549379407,0.0014158154107348716,0.1944054907646927,1.0
6755,35.0,2.7406527257375934,0.002403581205888222,0.39817750352931736,3.0
6756,30.0,2.076144695034594,0.004824927989255996,0.2667856534163698,4.0
6757,22.0,1.9857198171809793,0.0045205097523359425,0.1807307666042009,6.0
6758,33.0,2.309485705569161,0.0040349608112080285,0.3460082798733505,4.0
6759,26.0,2.6343238714900465,0.0016543226286206592,0.3841398076391364,4.0
6760,52.0,2.1109327185491686,0.005396368895912615,0.25080748983294,2.0
6761,29.0,1.901233465836883,0.006866526750478963,0.17717250632081963,6.0
6762,58.0,2.520720431833779,0.0033694968620807393,0.38445190169893584,0.0
6763,32.0,2.1510040743419396,0.007422252169075657,0.2696359841704419,6.0
6764,8.0,1.8793207548440656,0.002736008334952708,0.19710671736715307,6.0
6765,47.0,2.0613656705003573,0.004930829836648741,0.22711859643011176,2.0
6766,27.0,2.2775639250403987,0.0033626011451823885,0.3283046784571979,5.0
6767,47.0,2.474551622564794,0.009051113463768596,0.35048740051678995,4.0
6768,33.0,2.282310350828272,0.002493477591025342,0.28439104111757973,3.0
6769,40.0,1.957464856451451,0.005773054770748247,0.20571544059156072,3.0
6770,33.0,2.186793734877871,0.005385148092081835,0.3154271421408407,4.0
6771,22.0,2.754384494606039,0.003194059148434768,0.3807650457803085,6.0
6772,29.0,2.3661347911036708,0.0027531157890607564,0.354936421114292,4.0
6773,41.0,2.117108440415998,0.0017948133217080893,0.2325804492552861,2.0
6774,29.0,2.0877371661500876,0.0007040044616926987,0.21471208871046127,2.0
6775,18.0,1.8043795782080245,0.00432776512447419,0.1414034732551769,6.0
6776,36.0,1.8526675033964324,0.0043285563179025315,0.23183060621008336,3.0
6777,47.0,2.3912086482902977,0.0075886535134353245,0.3262889024148987,4.0
6778,26.0,2.476335647779299,0.005085191501415162,0.3444124569800668,6.0
6779,42.0,2.5247117786966986,0.012363026720159176,0.3628457247512003,5.0
6780,30.0,1.8240590637519287,0.01719890992339697,0.1859822997576999,7.0
6781,23.0,2.5336052028047935,0.0008300851128761448,0.3537601476356931,4.0
6782,46.0,2.2715776159250014,0.00285843241842684,0.3090778346051667,2.0
6783,34.0,1.819209181196409,0.0023879301564505915,0.1456026589631219,2.0
6784,31.0,2.070804436992336,0.004671856311375292,0.23912699159678896,4.0
6785,42.0,2.2356404644943746,0.0033583398841901123,0.30562794109914415,2.0
6786,10.0,2.3113935411550117,0.0015696105031181773,0.3228903279959988,6.0
6787,51.0,2.6857320022475912,0.0007671662695038998,0.38023858233350993,0.0
6788,30.0,1.8198942790282147,0.006252068271065894,0.16113312224474932,5.0
6789,18.0,2.612022143334942,0.0019290749543352274,0.3419593215629478,6.0
6790,52.0,2.5939420632016756,0.0035423293628646674,0.3822287119620205,2.0
6791,51.0,2.3638193315747458,0.00406844517587247,0.3367579115668834,2.0
6792,29.0,2.490765490258197,0.0034034213826415758,0.31789106872183126,5.0
6793,24.0,2.4891673365362843,0.007588175653151501,0.32033452214855523,7.0
6794,32.0,1.962437003897433,0.0029947739646718646,0.2035645721685968,3.0
6795,32.0,1.703264284968392,0.007046855364039268,0.13647467344331418,4.0
6796,43.0,1.9529475427328724,0.004279645503499407,0.18489354488164186,3.0
6797,22.0,1.7849413320755525,0.001003269895321885,0.17807288852082429,1.0
6798,31.0,1.9173238713705438,0.0038171225362710675,0.2342913919677906,3.0
6799,52.0,1.973758201922732,0.0040938248582247745,0.25460622573878533,1.0
6800,37.0,2.6321379477902935,0.006112233995820214,0.38986642277973166,5.0
6801,33.0,1.9382326825040985,0.0166610875008347,0.24346342026971893,7.0
6802,23.0,1.6439045284098346,0.0018859480856220532,0.11159920305526132,3.0
6803,60.0,2.0972038532103667,0.005378658870979662,0.24886410891121868,1.0
6804,49.0,1.7175541677784334,0.006929632463487671,0.1416511422534492,2.0
6805,39.0,2.16104349207798,0.005325084479387454,0.27884140492648046,3.0
6806,4.0,2.537676794110769,0.0006873512897438485,0.34120361596102383,6.0
6807,33.0,2.1644414443616493,0.002080941567291225,0.24896759109196145,3.0
6808,36.0,2.0067620922932456,0.0025221373344439793,0.2307644333544877,2.0
6809,30.0,2.4948931230803955,0.003394632585397731,0.31193057774031446,5.0
6810,13.0,1.9796800637488705,0.003620842203313771,0.1934595980103362,7.0
6811,58.0,2.299506077726358,0.004556573811963851,0.28023111926496574,1.0
6812,40.0,2.205926401912598,0.002300729567519624,0.32166960590801635,2.0
6813,41.0,2.3888216187184352,0.0051666296981637515,0.30156981925445947,4.0
6814,14.0,2.4225850157850775,0.0006907495755485088,0.2987666840438014,5.0
6815,26.0,1.7616256685762823,0.00704716426011293,0.17283350500439904,5.0
6816,22.0,2.40412213890776,0.0027554880106793163,0.31306202263114913,6.0
6817,22.0,2.120266394106894,0.0016398104010396089,0.2155481597960718,5.0
6818,30.0,1.7612675921304877,0.00625557862639386,0.15583505118359492,5.0
6819,13.0,1.821352047500199,0.0020997034939911506,0.1431170466190566,5.0
6820,22.0,1.9485134895465246,0.001983266337072397,0.16941635143359887,5.0
6821,51.0,2.057670153968896,0.0022851513870859215,0.21270525347073768,1.0
6822,26.0,1.9232966445938222,0.005256396211644516,0.19485351559577338,5.0
6823,28.0,2.5623285905154995,0.005014075581222064,0.3868927561787271,6.0
6824,44.0,2.0230600846672706,0.004288952915098327,0.284858069001921,2.0
6825,43.0,2.0116676496204677,0.00418981519228383,0.2686702875345518,2.0
6826,25.0,1.9937217170940174,0.006807976138329669,0.23292850372844914,6.0
6827,34.0,2.7910706948984787,0.005236820056789762,0.39958738422606466,5.0
6828,26.0,2.7198258393845,0.005237463963843063,0.38348009721303383,6.0
6829,25.0,2.1751922914997914,0.0014414255239905912,0.26434589087828797,4.0
6830,28.0,2.3175241662455424,0.0013340180566191679,0.29318717694218466,4.0
6831,12.0,1.8429192111216495,0.003390605295973216,0.1408593058377261,6.0
6832,52.0,2.5923483251203243,0.005532858824405714,0.36510845955287186,3.0
6833,33.0,1.9714277618619862,0.0039138872761621795,0.21634553865397205,4.0
6834,23.0,2.088920538420753,0.006465667376875778,0.2343392560352301,6.0
6835,26.0,2.541987122768735,0.007009716731655166,0.36076616169389575,6.0
6836,17.0,2.5767038074358988,0.0032963041089210197,0.33141077617868425,7.0
6837,34.0,2.285707106143329,0.00436152013542606,0.3475831339279185,4.0
6838,28.0,2.298395833654007,0.004898981582947453,0.34063771211370175,5.0
6839,24.0,1.8045386225251143,0.004265132065231622,0.1860896155750772,5.0
6840,27.0,2.212025691281209,0.004304046858335405,0.3234940660666243,5.0
6841,19.0,2.4120802988000234,0.0034131284251263188,0.31384403289526236,6.0
6842,58.0,2.572736402465464,0.005258234462401708,0.3891073065588158,1.0
6843,36.0,1.9612635245944918,0.005518713441808789,0.19187802002472543,4.0
6844,5.0,2.1582261291379123,0.0022359892863399395,0.25156528289958524,7.0
6845,39.0,1.9564070752411782,0.00626712634287443,0.20641965911448232,4.0
6846,24.0,2.3569730188743923,0.007925065589211413,0.3329215898890414,7.0
6847,30.0,1.8742263121293958,0.008815402279290018,0.21000652953970825,5.0
6848,5.0,2.1863208406742705,0.0013617016468958436,0.22945988117672422,7.0
6849,24.0,1.9820190256696097,0.007178034118168959,0.19558757790314726,6.0
6850,28.0,2.811140000862981,0.0014761930162837042,0.3864765101723893,4.0
6851,29.0,1.8315014724865084,0.005744490983902447,0.1940028425097269,5.0
6852,32.0,2.0340689037864004,0.00951639409655132,0.23703362467373554,6.0
6853,52.0,1.8718057242453745,0.007947304915883142,0.2127349413397495,2.0
6854,3.0,1.9301167839395232,0.003197161904629797,0.19154182421778507,7.0
6855,5.0,2.0750472036547642,0.0026619931973790654,0.2518912668168265,7.0
6856,31.0,1.9201914023135795,0.0019116599554607591,0.22233620455306083,2.0
6857,31.0,2.3765097229996788,0.004908861535524526,0.35332785287019786,5.0
6858,24.0,2.060952848659507,0.005853664608215106,0.2781407173903665,6.0
6859,30.0,2.7499532430615026,0.0030776887924598693,0.39784163522707544,4.0
6860,25.0,2.6282967338548917,0.006692147822821949,0.34604155177496365,7.0
6861,23.0,2.170489397370714,0.0007846284614899758,0.2820037145627552,2.0
6862,25.0,1.9056876477617897,0.001880501629283935,0.21134569118019167,3.0
6863,48.0,2.543262230953242,0.0023782881273460513,0.37120074998533176,2.0
6864,54.0,2.5599656492130696,0.003274607702464419,0.35462001036638857,2.0
6865,32.0,1.7085965130431129,0.008114774831045647,0.11465488841817852,4.0
6866,19.0,2.8617934796454425,0.00261816307405055,0.3927945171378228,6.0
6867,41.0,2.155872154718821,0.005249774233290822,0.2578139210985612,3.0
6868,31.0,2.503934342101176,0.009737258923719794,0.36364154314749,6.0
6869,37.0,2.3280421301834857,0.003911276503349215,0.29851158613874235,4.0
6870,42.0,1.8874461714385267,0.006468546748583569,0.21521715391838594,3.0
6871,46.0,2.2399266028940508,0.003086013178984241,0.26170463705882147,2.0
6872,39.0,1.6522197865839836,0.00658766803196399,0.13290209881492737,3.0
6873,16.0,1.9555159906842579,0.002817771934621863,0.2485064861319919,5.0
6874,54.0,2.312925253148194,0.0038555040403583903,0.2911521274218818,1.0
6875,21.0,2.1770446709663402,0.005570674657419474,0.2819848184657818,7.0
6876,41.0,2.3538469787068905,0.002189241809795627,0.3018844692735747,2.0
6877,52.0,2.0452173678250727,0.004786384897952493,0.23828799242410104,2.0
6878,34.0,1.83452188680158,0.0065575337818734375,0.18356852805154827,4.0
6879,33.0,2.357524072524509,0.0032320721868660837,0.29245934799725193,4.0
6880,15.0,1.9375381738917432,0.0026614717442654603,0.1986500666967579,6.0
6881,41.0,1.9402121543544943,0.004177502298174095,0.19409456565133898,2.0
6882,35.0,2.7036223929692142,0.007019998423093681,0.39940485615725635,6.0
6883,39.0,2.6467204592383484,0.0007814367767035504,0.36366126774770174,2.0
6884,10.0,1.7131437293165706,0.005756182784337369,0.10009793459688475,7.0
6885,18.0,2.5415517584893883,0.003699433948468411,0.37522638918379236,6.0
6886,55.0,2.606275418746055,0.0041769145966481305,0.34765556727377067,2.0
6887,44.0,2.5258297085300763,0.00545766664884247,0.34411802590660817,4.0
6888,22.0,1.9039737716023237,0.0050909496707589605,0.17492848157401583,6.0
6889,7.0,1.9936570207571707,0.0022774766941337727,0.2113465495473686,7.0
6890,23.0,1.824558249705705,0.0022376594749593153,0.1807090125543337,3.0
6891,43.0,2.124993344919755,0.0021125056214976144,0.2520217206264985,2.0
6892,27.0,2.342952349356234,0.0033451654156004393,0.3056196785262212,6.0
6893,33.0,2.400306184872265,0.006673699456637037,0.34655296107940137,6.0
6894,33.0,2.270919769185787,0.0040754805915761035,0.3248288561031467,5.0
6895,32.0,1.8922858528828383,0.006411357400653225,0.21285399859615906,5.0
6896,32.0,2.2156283474472724,0.017213325553979447,0.29653101790063485,7.0
6897,37.0,1.890663631466884,0.0017322120195863858,0.16240441417978924,2.0
6898,30.0,2.2365638441090634,0.008755039176283577,0.3177324771363169,6.0
6899,36.0,2.0556181185662266,0.009807499369274941,0.2825145950339287,5.0
6900,49.0,1.9892123151578376,0.003811878332773264,0.21295157920727803,1.0
6901,33.0,2.564845094908758,0.00403145420634117,0.34931278198799176,5.0
6902,31.0,2.596590572428446,0.011178247676810818,0.3898333152071677,7.0
6903,53.0,2.480162273575082,0.005066137310789946,0.3428985635063349,2.0
6904,28.0,1.9660550800548464,0.004341787044399677,0.19080521159001396,5.0
6905,50.0,2.2478153076693497,0.002496299448057286,0.31658068393244765,1.0
6906,30.0,2.423902598140722,0.010474435991352957,0.31785486266461094,7.0
6907,63.0,2.169103424840032,0.005967704473934357,0.3096879531589207,0.0
6908,26.0,2.0847707007017044,0.008926944853501016,0.24590983742253353,6.0
6909,50.0,2.491629559675597,0.004440232265354958,0.32514516765843254,2.0
6910,49.0,2.684452772525158,0.004020746500009326,0.37248161556437215,2.0
6911,29.0,1.8623870382343872,0.016273303534364975,0.18656924680854536,7.0
6912,47.0,2.358252568324873,0.008288885409096825,0.3135430387156198,4.0
6913,26.0,2.2430882399696515,0.005250295088495328,0.3207797244558999,6.0
6914,26.0,2.2023994608342092,0.001639093908959398,0.2875071103333161,3.0
6915,34.0,1.7844603359527513,0.00976119910616843,0.17013153056078278,5.0
6916,48.0,2.1521588475635167,0.0037011923644968622,0.27188582543453427,2.0
6917,42.0,2.27393957177266,0.002311374182132695,0.32984748645678974,1.0
6918,39.0,2.0482796124103793,0.002134322491222916,0.20913097012284093,2.0
6919,38.0,1.9218546163074497,0.005301534099405206,0.22497475198161776,3.0
6920,53.0,1.7938937825995,0.005496441001249445,0.1845735525882313,1.0
6921,20.0,2.3369022369201393,0.003994494003057345,0.3343640492502881,6.0
6922,60.0,2.587826371160711,0.008802491347993102,0.370510052410844,2.0
6923,39.0,2.1523811979733862,0.002122969620648707,0.2931267628804681,2.0
6924,55.0,2.462231945427928,0.004039645075944285,0.3274122001466169,2.0
6925,22.0,2.0235275871852316,0.004907245118378574,0.21984885637825263,6.0
6926,33.0,1.8800125651684754,0.00489269642222195,0.20648446800449696,3.0
6927,32.0,2.6213011915312467,0.004120574584767859,0.3478785078033957,5.0
6928,23.0,2.1139031318517154,0.0016445346590906944,0.2551641161986633,4.0
6929,48.0,2.211493263682046,0.0035664193286553446,0.2799056305303029,1.0
6930,31.0,2.2645373885278666,0.004218590271829764,0.3315023824416162,5.0
6931,14.0,2.715207700244143,0.0023938692314191966,0.349575355827541,7.0
6932,42.0,2.640337190825773,0.0012860133950612332,0.3523321272071323,2.0
6933,45.0,1.9125084881317487,0.0016490419592539547,0.2063564125879768,0.0
6934,24.0,2.0209103963442354,0.010366459139092917,0.2192611413595874,7.0
6935,28.0,2.5551293066271947,0.005676748624793869,0.3344783578278758,6.0
6936,61.0,2.745543731196966,0.005026094146517272,0.3855022928543311,1.0
6937,17.0,2.4420149726676215,0.0023412178129139935,0.3396314262406676,6.0
6938,33.0,2.5339436947182468,0.004569359220329564,0.33898914748514763,5.0
6939,14.0,2.2889306622974113,0.004658982771504498,0.2943724538979113,7.0
6940,44.0,2.4161611307916986,0.0029967934850904,0.36799149459760894,2.0
6941,25.0,2.1988501288784685,0.004432515159151079,0.30847625270786794,5.0
6942,37.0,1.7668574292462171,0.004244330036515893,0.18382428675075016,2.0
6943,51.0,1.7591376258813682,0.004559839536885556,0.12924468797627564,1.0
6944,58.0,2.358452378116543,0.005030660737492856,0.34277891117677195,1.0
6945,37.0,2.285295810089738,0.005047388224185978,0.32454601073489125,4.0
6946,24.0,2.0226471357865843,0.002573763040895359,0.22135559878840877,4.0
6947,32.0,1.6518681697009767,0.01236064010844877,0.10559657338386344,6.0
6948,30.0,1.8302977516124095,0.004943791745054977,0.21803042796064495,4.0
6949,13.0,2.4856914771593126,0.0029313573008103388,0.37223283703265225,7.0
6950,26.0,2.13276250123868,0.004573277148454184,0.26535271565202156,6.0
6951,38.0,2.4331790444377974,0.009324785749501317,0.3292929349313036,5.0
6952,35.0,2.091898899736348,0.013747521580689974,0.2635739677330423,6.0
6953,26.0,2.2168128874221105,0.0054029467599106835,0.2860748382136013,5.0
6954,31.0,1.9272695202526644,0.0066728779365962075,0.17895313643256724,5.0
6955,41.0,2.242654870896494,0.005521185507830923,0.29772797928956135,3.0
6956,9.0,2.382608593466609,0.0007666266562465023,0.3221546241524289,5.0
6957,32.0,2.3959104119468084,0.006291590040963121,0.34766866893483894,5.0
6958,36.0,1.9047400562844905,0.0026365993147241962,0.16781967962837238,2.0
6959,13.0,2.2923028351991936,0.002370546173165305,0.33082051896586817,6.0
6960,33.0,2.0853630348603405,0.008123406153591427,0.28197148050163845,6.0
6961,33.0,2.051956105294194,0.008023840856072217,0.23727522312337526,6.0
6962,25.0,2.482103069617773,0.006546309689689648,0.3669743430139113,6.0
6963,34.0,1.9973898587246939,0.01141721812852515,0.22422650237759548,6.0
6964,30.0,2.5497361215767667,0.007782508579882161,0.37435049404860343,7.0
6965,20.0,2.3740131075703066,0.00324150530969201,0.3331169813257713,5.0
6966,49.0,2.5453501218792525,0.0030951188715289983,0.34238906266878805,2.0
6967,45.0,2.3516092353974,0.002076112671849515,0.29999828197675216,1.0
6968,29.0,2.07310150702944,0.01039554417576953,0.2514935457992706,6.0
6969,29.0,2.56413989174103,0.007540629910740849,0.3482741991474613,7.0
6970,15.0,2.019057486821737,0.0036926620619371904,0.20786160208874888,6.0
6971,24.0,2.726797010493144,0.002727895549244455,0.3626498037465997,6.0
6972,30.0,2.3134196167340257,0.0019167525933864926,0.292643976733995,4.0
6973,26.0,2.036319074431749,0.008451922124499368,0.2603555967645144,7.0
6974,26.0,2.477875517928723,0.00894927561231995,0.36339910631570116,7.0
6975,32.0,2.632812401598355,0.009995486928310567,0.3713121176758513,7.0
6976,14.0,2.114807909459277,0.0038786388457074323,0.25164494501077217,6.0
6977,16.0,1.7587174713925624,0.0034335140204234393,0.17407084691937427,5.0
6978,48.0,2.435951762430278,0.006539584584495683,0.32291313460702953,3.0
6979,39.0,2.2915195463834177,0.0038211600226548655,0.3345806639681965,3.0
6980,34.0,1.8913722703558093,0.006361463175064117,0.17018976762895113,4.0
6981,33.0,2.4944493704697552,0.0035459568441726483,0.3278714759249395,4.0
6982,28.0,2.3453178821570804,0.005520189414607247,0.32295224474977646,6.0
6983,28.0,1.7981543296012739,0.0020044496674949666,0.13927917323347624,2.0
6984,40.0,2.2338557304780804,0.01214018200653694,0.3020516609866343,5.0
6985,43.0,2.4297750945959877,0.006581339557474047,0.3600414474342756,4.0
6986,41.0,1.759332031756451,0.0018473763081972303,0.18077815781373202,0.0
6987,22.0,2.0073608518728263,0.0032565017369882198,0.24828190047493198,5.0
6988,40.0,1.9371735596591038,0.0026517886607522858,0.2479425825391112,2.0
6989,33.0,2.597725685400922,0.0011294662443165969,0.37485663283811976,3.0
6990,28.0,2.243371936300613,0.0013205508183645812,0.25149094737583494,4.0
6991,30.0,2.1957440762257514,0.010011200396190122,0.27674095584808184,7.0
6992,8.0,1.8413948068127266,0.0014793293827727702,0.18546827932081333,5.0
6993,62.0,2.389848231380658,0.008813053335108512,0.3649260551562839,2.0
6994,31.0,1.8289125791783303,0.009843947800247228,0.18413243144924454,5.0
6995,22.0,2.4649072086281083,0.0033750085233988343,0.3327681794270741,6.0
6996,58.0,2.8394796467427805,0.00494802258063334,0.38691801917453983,2.0
6997,12.0,1.9790123662816157,0.002648984460183768,0.22721545048906064,6.0
6998,36.0,2.258099862680935,0.0033644454587156768,0.31709394781290506,3.0
6999,28.0,2.244513416803203,0.0011166633924054033,0.2931936842771913,3.0
7000,40.0,2.2191235272996153,0.010820646873697895,0.28639531484291947,5.0
7001,42.0,2.5566675263384657,0.00485141536057327,0.36032991849985224,4.0
