,name,region,date,value,value_daily
1396,cases,BC,2020-01-29,1,1
1397,cases,BC,2020-01-30,1,0
1398,cases,BC,2020-01-31,1,0
1399,cases,BC,2020-02-01,1,0
1400,cases,BC,2020-02-02,1,0
1401,cases,BC,2020-02-03,1,0
1402,cases,BC,2020-02-04,1,0
1403,cases,BC,2020-02-05,1,0
1404,cases,BC,2020-02-06,2,1
1405,cases,BC,2020-02-07,2,0
1406,cases,BC,2020-02-08,2,0
1407,cases,BC,2020-02-09,2,0
1408,cases,BC,2020-02-10,4,2
1409,cases,BC,2020-02-11,4,0
1410,cases,BC,2020-02-12,4,0
1411,cases,BC,2020-02-13,4,0
1412,cases,BC,2020-02-14,4,0
1413,cases,BC,2020-02-15,4,0
1414,cases,BC,2020-02-16,4,0
1415,cases,BC,2020-02-17,4,0
1416,cases,BC,2020-02-18,5,1
1417,cases,BC,2020-02-19,5,0
1418,cases,BC,2020-02-20,5,0
1419,cases,BC,2020-02-21,5,0
1420,cases,BC,2020-02-22,5,0
1421,cases,BC,2020-02-23,5,0
1422,cases,BC,2020-02-24,7,2
1423,cases,BC,2020-02-25,7,0
1424,cases,BC,2020-02-26,7,0
1425,cases,BC,2020-02-27,7,0
1426,cases,BC,2020-02-28,7,0
1427,cases,BC,2020-02-29,7,0
1428,cases,BC,2020-03-01,7,0
1429,cases,BC,2020-03-02,7,0
1430,cases,BC,2020-03-03,12,5
1431,cases,BC,2020-03-04,12,0
1432,cases,BC,2020-03-05,20,8
1433,cases,BC,2020-03-06,27,7
1434,cases,BC,2020-03-07,28,1
1435,cases,BC,2020-03-08,32,4
1436,cases,BC,2020-03-09,35,3
1437,cases,BC,2020-03-10,45,10
1438,cases,BC,2020-03-11,61,16
1439,cases,BC,2020-03-12,69,8
1440,cases,BC,2020-03-13,85,16
1441,cases,BC,2020-03-14,113,28
1442,cases,BC,2020-03-15,142,29
1443,cases,BC,2020-03-16,189,47
1444,cases,BC,2020-03-17,239,50
1445,cases,BC,2020-03-18,287,48
1446,cases,BC,2020-03-19,344,57
1447,cases,BC,2020-03-20,407,63
1448,cases,BC,2020-03-21,481,74
1449,cases,BC,2020-03-22,533,52
1450,cases,BC,2020-03-23,587,54
1451,cases,BC,2020-03-24,651,64
1452,cases,BC,2020-03-25,732,81
1453,cases,BC,2020-03-26,800,68
1454,cases,BC,2020-03-27,861,61
1455,cases,BC,2020-03-28,927,66
1456,cases,BC,2020-03-29,973,46
1457,cases,BC,2020-03-30,1023,50
1458,cases,BC,2020-03-31,1081,58
1459,cases,BC,2020-04-01,1134,53
1460,cases,BC,2020-04-02,1180,46
1461,cases,BC,2020-04-03,1217,37
1462,cases,BC,2020-04-04,1246,29
1463,cases,BC,2020-04-05,1261,15
1464,cases,BC,2020-04-06,1310,49
1465,cases,BC,2020-04-07,1344,34
1466,cases,BC,2020-04-08,1376,32
1467,cases,BC,2020-04-09,1420,44
1468,cases,BC,2020-04-10,1450,30
1469,cases,BC,2020-04-11,1469,19
1470,cases,BC,2020-04-12,1487,18
1471,cases,BC,2020-04-13,1515,28
1472,cases,BC,2020-04-14,1555,40
1473,cases,BC,2020-04-15,1580,25
1474,cases,BC,2020-04-16,1619,39
1475,cases,BC,2020-04-17,1642,23
1476,cases,BC,2020-04-18,1667,25
1477,cases,BC,2020-04-19,1688,21
1478,cases,BC,2020-04-20,1732,44
1479,cases,BC,2020-04-21,1786,54
1480,cases,BC,2020-04-22,1817,31
1481,cases,BC,2020-04-23,1880,63
1482,cases,BC,2020-04-24,1949,69
1483,cases,BC,2020-04-25,1981,32
1484,cases,BC,2020-04-26,2007,26
1485,cases,BC,2020-04-27,2064,57
1486,cases,BC,2020-04-28,2093,29
1487,cases,BC,2020-04-29,2123,30
1488,cases,BC,2020-04-30,2152,29
1489,cases,BC,2020-05-01,2186,34
1490,cases,BC,2020-05-02,2209,23
1491,cases,BC,2020-05-03,2227,18
1492,cases,BC,2020-05-04,2251,24
1493,cases,BC,2020-05-05,2275,24
1494,cases,BC,2020-05-06,2291,16
1495,cases,BC,2020-05-07,2315,24
1496,cases,BC,2020-05-08,2328,13
1497,cases,BC,2020-05-09,2341,13
1498,cases,BC,2020-05-10,2354,13
1499,cases,BC,2020-05-11,2366,12
1500,cases,BC,2020-05-12,2376,10
1501,cases,BC,2020-05-13,2400,24
1502,cases,BC,2020-05-14,2408,8
1503,cases,BC,2020-05-15,2426,18
1504,cases,BC,2020-05-16,2437,11
1505,cases,BC,2020-05-17,2446,9
1506,cases,BC,2020-05-18,2456,10
1507,cases,BC,2020-05-19,2470,14
1508,cases,BC,2020-05-20,2483,13
1509,cases,BC,2020-05-21,2506,23
1510,cases,BC,2020-05-22,2514,8
1511,cases,BC,2020-05-23,2522,8
1512,cases,BC,2020-05-24,2532,10
1513,cases,BC,2020-05-25,2539,7
1514,cases,BC,2020-05-26,2544,5
1515,cases,BC,2020-05-27,2553,9
1516,cases,BC,2020-05-28,2562,9
1517,cases,BC,2020-05-29,2574,12
1518,cases,BC,2020-05-30,2587,13
1519,cases,BC,2020-05-31,2596,9
1520,cases,BC,2020-06-01,2609,13
1521,cases,BC,2020-06-02,2621,12
1522,cases,BC,2020-06-03,2624,3
1523,cases,BC,2020-06-04,2633,9
1524,cases,BC,2020-06-05,2638,5
1525,cases,BC,2020-06-06,2649,11
1526,cases,BC,2020-06-07,2657,8
1527,cases,BC,2020-06-08,2663,6
1528,cases,BC,2020-06-09,2678,15
1529,cases,BC,2020-06-10,2696,18
1530,cases,BC,2020-06-11,2708,12
1531,cases,BC,2020-06-12,2724,16
1532,cases,BC,2020-06-13,2739,15
1533,cases,BC,2020-06-14,2746,7
1534,cases,BC,2020-06-15,2754,8
1535,cases,BC,2020-06-16,2777,23
1536,cases,BC,2020-06-17,2783,6
1537,cases,BC,2020-06-18,2789,6
1538,cases,BC,2020-06-19,2796,7
1539,cases,BC,2020-06-20,2804,8
1540,cases,BC,2020-06-21,2823,19
1541,cases,BC,2020-06-22,2832,9
1542,cases,BC,2020-06-23,2851,19
1543,cases,BC,2020-06-24,2870,19
1544,cases,BC,2020-06-25,2877,7
1545,cases,BC,2020-06-26,2887,10
1546,cases,BC,2020-06-27,2898,11
1547,cases,BC,2020-06-28,2906,8
1548,cases,BC,2020-06-29,2914,8
1549,cases,BC,2020-06-30,2929,15
1550,cases,BC,2020-07-01,2940,11
1551,cases,BC,2020-07-02,2949,9
1552,cases,BC,2020-07-03,2963,14
1553,cases,BC,2020-07-04,2977,14
1554,cases,BC,2020-07-05,2984,7
1555,cases,BC,2020-07-06,2995,11
1556,cases,BC,2020-07-07,3013,18
1557,cases,BC,2020-07-08,3031,18
1558,cases,BC,2020-07-09,3052,21
1559,cases,BC,2020-07-10,3079,27
1560,cases,BC,2020-07-11,3101,22
1561,cases,BC,2020-07-12,3119,18
1562,cases,BC,2020-07-13,3132,13
1563,cases,BC,2020-07-14,3154,22
1564,cases,BC,2020-07-15,3187,33
1565,cases,BC,2020-07-16,3217,30
1566,cases,BC,2020-07-17,3250,33
1567,cases,BC,2020-07-18,3276,26
1568,cases,BC,2020-07-19,3307,31
1569,cases,BC,2020-07-20,3337,30
1570,cases,BC,2020-07-21,3367,30
1571,cases,BC,2020-07-22,3402,35
1572,cases,BC,2020-07-23,3434,32
1573,cases,BC,2020-07-24,3461,27
1574,cases,BC,2020-07-25,3483,22
1575,cases,BC,2020-07-26,3504,21
1576,cases,BC,2020-07-27,3524,20
1577,cases,BC,2020-07-28,3577,53
1578,cases,BC,2020-07-29,3598,21
1579,cases,BC,2020-07-30,3644,46
1580,cases,BC,2020-07-31,3688,44
1581,cases,BC,2020-08-01,3736,48
1582,cases,BC,2020-08-02,3777,41
1583,cases,BC,2020-08-03,3812,35
1584,cases,BC,2020-08-04,3848,36
1585,cases,BC,2020-08-05,3890,42
1586,cases,BC,2020-08-06,3945,55
1587,cases,BC,2020-08-07,3987,42
1588,cases,BC,2020-08-08,4030,43
1589,cases,BC,2020-08-09,4071,41
1590,cases,BC,2020-08-10,4134,63
1591,cases,BC,2020-08-11,4211,77
1592,cases,BC,2020-08-12,4293,82
1593,cases,BC,2020-08-13,4386,93
1594,cases,BC,2020-08-14,4498,112
1595,cases,BC,2020-08-15,4559,61
1596,cases,BC,2020-08-16,4639,80
1597,cases,BC,2020-08-17,4690,51
1598,cases,BC,2020-08-18,4764,74
1599,cases,BC,2020-08-19,4849,85
1600,cases,BC,2020-08-20,4957,108
1601,cases,BC,2020-08-21,5078,121
1602,cases,BC,2020-08-22,5153,75
1603,cases,BC,2020-08-23,5214,61
1604,cases,BC,2020-08-24,5275,61
1605,cases,BC,2020-08-25,5321,46
1606,cases,BC,2020-08-26,5420,99
1607,cases,BC,2020-08-27,5531,111
1608,cases,BC,2020-08-28,5637,106
1609,cases,BC,2020-08-29,5742,105
1610,cases,BC,2020-08-30,5829,87
1611,cases,BC,2020-08-31,5889,60
1612,cases,BC,2020-09-01,5987,98
1613,cases,BC,2020-09-02,6068,81
1614,cases,BC,2020-09-03,6218,150
1615,cases,BC,2020-09-04,6343,125
1616,cases,BC,2020-09-05,6456,113
1617,cases,BC,2020-09-06,6567,111
1618,cases,BC,2020-09-07,6659,92
1619,cases,BC,2020-09-08,6773,114
1620,cases,BC,2020-09-09,6895,122
1621,cases,BC,2020-09-10,7016,121
1622,cases,BC,2020-09-11,7165,149
1623,cases,BC,2020-09-12,7267,102
1624,cases,BC,2020-09-13,7351,84
1625,cases,BC,2020-09-14,7434,83
1626,cases,BC,2020-09-15,7589,155
1627,cases,BC,2020-09-16,7728,139
1628,cases,BC,2020-09-17,7881,153
1629,cases,BC,2020-09-18,8011,130
1630,cases,BC,2020-09-19,8119,108
1631,cases,BC,2020-09-20,8245,126
1632,cases,BC,2020-09-21,8343,98
1633,cases,BC,2020-09-22,8424,81
1634,cases,BC,2020-09-23,8573,149
1635,cases,BC,2020-09-24,8653,80
1636,cases,BC,2020-09-25,8751,98
1637,cases,BC,2020-09-26,8867,116
1638,cases,BC,2020-09-27,8955,88
1639,cases,BC,2020-09-28,9051,96
1640,cases,BC,2020-09-29,9161,110
1641,cases,BC,2020-09-30,9280,119
1642,cases,BC,2020-10-01,9424,144
1643,cases,BC,2020-10-02,9518,94
1644,cases,BC,2020-10-03,9643,125
1645,cases,BC,2020-10-04,9767,124
1646,cases,BC,2020-10-05,9857,90
1647,cases,BC,2020-10-06,9969,112
1648,cases,BC,2020-10-07,10091,122
1649,cases,BC,2020-10-08,10220,129
1650,cases,BC,2020-10-09,10402,182
1651,cases,BC,2020-10-10,10562,160
1652,cases,BC,2020-10-11,10674,112
1653,cases,BC,2020-10-12,10816,142
1654,cases,BC,2020-10-13,10974,158
1655,cases,BC,2020-10-14,11063,89
1656,cases,BC,2020-10-15,11215,152
1657,cases,BC,2020-10-16,11426,211
1658,cases,BC,2020-10-17,11563,137
1659,cases,BC,2020-10-18,11767,204
1660,cases,BC,2020-10-19,11907,140
1661,cases,BC,2020-10-20,12163,256
1662,cases,BC,2020-10-21,12461,298
1663,cases,BC,2020-10-22,12661,200
1664,cases,BC,2020-10-23,12935,274
1665,cases,BC,2020-10-24,13230,295
1666,cases,BC,2020-10-25,13459,229
1667,cases,BC,2020-10-26,13718,259
1668,cases,BC,2020-10-27,13983,265
1669,cases,BC,2020-10-28,14255,272
1670,cases,BC,2020-10-29,14595,340
1671,cases,BC,2020-10-30,14976,381
1672,cases,BC,2020-10-31,15357,381
1673,cases,BC,2020-11-01,15731,374
1674,cases,BC,2020-11-02,16067,336
1675,cases,BC,2020-11-03,16434,367
1676,cases,BC,2020-11-04,17025,591
1677,cases,BC,2020-11-05,17506,481
1678,cases,BC,2020-11-06,17955,449
1679,cases,BC,2020-11-07,18523,568
1680,cases,BC,2020-11-08,19027,504
1681,cases,BC,2020-11-09,19524,497
1682,cases,BC,2020-11-10,20223,699
1683,cases,BC,2020-11-11,20883,660
1684,cases,BC,2020-11-12,21468,585
1685,cases,BC,2020-11-13,22010,542
1686,cases,BC,2020-11-14,22955,945
1687,cases,BC,2020-11-15,23543,588
1688,cases,BC,2020-11-16,24093,550
1689,cases,BC,2020-11-17,24827,734
1690,cases,BC,2020-11-18,25687,860
1691,cases,BC,2020-11-19,26330,643
1692,cases,BC,2020-11-20,27266,936
1693,cases,BC,2020-11-21,27987,721
1694,cases,BC,2020-11-22,28644,657
1695,cases,BC,2020-11-23,29324,680
1696,cases,BC,2020-11-24,30167,843
1697,cases,BC,2020-11-25,31047,880
1698,cases,BC,2020-11-26,31804,757
1699,cases,BC,2020-11-27,32509,705
1700,cases,BC,2020-11-28,33328,819
1701,cases,BC,2020-11-29,33967,639
1702,cases,BC,2020-11-30,34509,542
1703,cases,BC,2020-12-01,35282,773
1704,cases,BC,2020-12-02,36039,757
1705,cases,BC,2020-12-03,36736,697
1706,cases,BC,2020-12-04,37325,589
1707,cases,BC,2020-12-05,38102,777
1708,cases,BC,2020-12-06,38675,573
1709,cases,BC,2020-12-07,39255,580
1710,cases,BC,2020-12-08,39915,660
1711,cases,BC,2020-12-09,40678,763
1712,cases,BC,2020-12-10,41452,774
1713,cases,BC,2020-12-11,42167,715
1714,cases,BC,2020-12-12,42905,738
1715,cases,BC,2020-12-13,43468,563
1716,cases,BC,2020-12-14,43985,517
1717,cases,BC,2020-12-15,44572,587
1718,cases,BC,2020-12-16,45207,635
1719,cases,BC,2020-12-17,45829,622
1720,cases,BC,2020-12-18,46469,640
1721,cases,BC,2020-12-19,47048,579
1722,cases,BC,2020-12-20,47551,503
1723,cases,BC,2020-12-21,47955,404
1724,cases,BC,2020-12-22,48469,514
1725,cases,BC,2020-12-23,49005,536
1726,cases,BC,2020-12-24,49559,554
1727,cases,BC,2020-12-25,49963,404
1728,cases,BC,2020-12-26,50294,331
1729,cases,BC,2020-12-27,50770,476
1730,cases,BC,2020-12-28,51174,404
1731,cases,BC,2020-12-29,51792,618
1732,cases,BC,2020-12-30,52386,594
1733,cases,BC,2020-12-31,53005,619
1734,cases,BC,2021-01-01,53601,596
1735,cases,BC,2021-01-02,54015,414
1736,cases,BC,2021-01-03,54552,537
1737,cases,BC,2021-01-04,55069,517
1738,cases,BC,2021-01-05,55635,566
1739,cases,BC,2021-01-06,56242,607
1740,cases,BC,2021-01-07,56790,548
1741,cases,BC,2021-01-08,57317,527
1742,cases,BC,2021-01-09,57850,533
1743,cases,BC,2021-01-10,58299,449
1744,cases,BC,2021-01-11,58708,409
1745,cases,BC,2021-01-12,59211,503
1746,cases,BC,2021-01-13,59732,521
1747,cases,BC,2021-01-14,60227,495
1748,cases,BC,2021-01-15,60799,572
1749,cases,BC,2021-01-16,61261,462
1750,cases,BC,2021-01-17,61582,321
1751,cases,BC,2021-01-18,61961,379
1752,cases,BC,2021-01-19,62474,513
1753,cases,BC,2021-01-20,63032,558
1754,cases,BC,2021-01-21,63552,520
1755,cases,BC,2021-01-22,64038,486
1756,cases,BC,2021-01-23,64532,494
1757,cases,BC,2021-01-24,64891,359
1758,cases,BC,2021-01-25,65226,335
1759,cases,BC,2021-01-26,65763,537
1760,cases,BC,2021-01-27,66265,502
1761,cases,BC,2021-01-28,66788,523
1762,cases,BC,2021-01-29,67209,421
1763,cases,BC,2021-01-30,67687,478
1764,cases,BC,2021-01-31,67982,295
1765,cases,BC,2021-02-01,68380,398
1766,cases,BC,2021-02-02,68782,402
1767,cases,BC,2021-02-03,69255,473
1768,cases,BC,2021-02-04,69730,475
1769,cases,BC,2021-02-05,70174,444
1770,cases,BC,2021-02-06,70658,484
1771,cases,BC,2021-02-07,71006,348
1772,cases,BC,2021-02-08,71400,394
1773,cases,BC,2021-02-09,71875,475
1774,cases,BC,2021-02-10,72323,448
1775,cases,BC,2021-02-11,72756,433
1776,cases,BC,2021-02-12,73207,451
1777,cases,BC,2021-02-13,73658,451
1778,cases,BC,2021-02-14,74018,360
1779,cases,BC,2021-02-15,74341,323
1780,cases,BC,2021-02-16,74734,393
1781,cases,BC,2021-02-17,75352,618
1782,cases,BC,2021-02-18,75894,542
1783,cases,BC,2021-02-19,76423,529
1784,cases,BC,2021-02-20,76916,493
1785,cases,BC,2021-02-21,77371,455
1786,cases,BC,2021-02-22,77872,501
1787,cases,BC,2021-02-23,78393,521
1788,cases,BC,2021-02-24,78899,506
1789,cases,BC,2021-02-25,79492,593
1790,cases,BC,2021-02-26,80011,519
1791,cases,BC,2021-02-27,80504,493
1792,cases,BC,2021-02-28,80954,450
1793,cases,BC,2021-03-01,81411,457
1794,cases,BC,2021-03-02,81969,558
1795,cases,BC,2021-03-03,82533,564
1796,cases,BC,2021-03-04,83159,626
1797,cases,BC,2021-03-05,83707,548
1798,cases,BC,2021-03-06,84265,558
1799,cases,BC,2021-03-07,84664,399
1800,cases,BC,2021-03-08,85161,497
1801,cases,BC,2021-03-09,85690,529
1802,cases,BC,2021-03-10,86270,580
1803,cases,BC,2021-03-11,86930,660
1804,cases,BC,2021-03-12,87480,550
1805,cases,BC,2021-03-13,88006,526
1806,cases,BC,2021-03-14,88490,484
1807,cases,BC,2021-03-15,88972,482
1808,cases,BC,2021-03-16,89486,514
1809,cases,BC,2021-03-17,90083,597
1810,cases,BC,2021-03-18,90818,735
1811,cases,BC,2021-03-19,91395,577
1812,cases,BC,2021-03-20,92011,616
1813,cases,BC,2021-03-21,92670,659
1814,cases,BC,2021-03-22,93256,586
1815,cases,BC,2021-03-23,93977,721
1816,cases,BC,2021-03-24,94783,806
1817,cases,BC,2021-03-25,95775,992
1818,cases,BC,2021-03-26,96660,885
1819,cases,BC,2021-03-27,97486,826
1820,cases,BC,2021-03-28,98288,802
1821,cases,BC,2021-03-29,99075,787
1822,cases,BC,2021-03-30,100097,1022
1823,cases,BC,2021-03-31,100977,880
1824,cases,BC,2021-04-01,102052,1075
1825,cases,BC,2021-04-02,103159,1107
1826,cases,BC,2021-04-03,104188,1029
1827,cases,BC,2021-04-04,105100,912
1828,cases,BC,2021-04-05,106028,928
1829,cases,BC,2021-04-06,107064,1036
1830,cases,BC,2021-04-07,108380,1316
1831,cases,BC,2021-04-08,109598,1218
1832,cases,BC,2021-04-09,110899,1301
1833,cases,BC,2021-04-10,111963,1064
1834,cases,BC,2021-04-11,113003,1040
1835,cases,BC,2021-04-12,113947,944
1836,cases,BC,2021-04-13,114951,1004
1837,cases,BC,2021-04-14,116176,1225
1838,cases,BC,2021-04-15,117105,929
1839,cases,BC,2021-04-16,118191,1086
1840,cases,BC,2021-04-17,119156,965
1841,cases,BC,2021-04-18,120175,1019
1842,cases,BC,2021-04-19,120922,747
1843,cases,BC,2021-04-20,121852,930
1844,cases,BC,2021-04-21,122812,960
1845,cases,BC,2021-04-22,123827,1015
1846,cases,BC,2021-04-23,124720,893
1847,cases,BC,2021-04-24,125595,875
1848,cases,BC,2021-04-25,126359,764
1849,cases,BC,2021-04-26,127132,773
1850,cases,BC,2021-04-27,127928,796
1851,cases,BC,2021-04-28,128801,873
1852,cases,BC,2021-04-29,129547,746
1853,cases,BC,2021-04-30,130439,892
1854,cases,BC,2021-05-01,131127,688
1855,cases,BC,2021-05-02,131773,646
1856,cases,BC,2021-05-03,132342,569
1857,cases,BC,2021-05-04,132969,627
1858,cases,BC,2021-05-05,133680,711
1859,cases,BC,2021-05-06,134331,651
1860,cases,BC,2021-05-07,134949,618
1861,cases,BC,2021-05-08,135572,623
1862,cases,BC,2021-05-09,136141,569
1863,cases,BC,2021-05-10,136657,516
1864,cases,BC,2021-05-11,137232,575
1865,cases,BC,2021-05-12,137836,604
1866,cases,BC,2021-05-13,138315,479
1867,cases,BC,2021-05-14,138767,452
1868,cases,BC,2021-05-15,139253,486
1869,cases,BC,2021-05-16,139695,442
1870,cases,BC,2021-05-17,140093,398
1871,cases,BC,2021-05-18,140615,522
1872,cases,BC,2021-05-19,140991,376
1873,cases,BC,2021-05-20,141424,433
1874,cases,BC,2021-05-21,141777,353
1875,cases,BC,2021-05-22,142112,335
1876,cases,BC,2021-05-23,142414,302
1877,cases,BC,2021-05-24,142666,252
1878,cases,BC,2021-05-25,142920,254
1879,cases,BC,2021-05-26,143312,392
1880,cases,BC,2021-05-27,143627,315
1881,cases,BC,2021-05-28,143878,251
1882,cases,BC,2021-05-29,144125,247
1883,cases,BC,2021-05-30,144343,218
1884,cases,BC,2021-05-31,144496,153
1885,cases,BC,2021-06-01,144694,198
1886,cases,BC,2021-06-02,144894,200
1887,cases,BC,2021-06-03,145073,179
1888,cases,BC,2021-06-04,145300,227
1889,cases,BC,2021-06-05,145437,137
1890,cases,BC,2021-06-06,145571,134
1891,cases,BC,2021-06-07,145725,154
1892,cases,BC,2021-06-08,145894,169
1893,cases,BC,2021-06-09,146052,158
1894,cases,BC,2021-06-10,146198,146
1895,cases,BC,2021-06-11,146307,109
1896,cases,BC,2021-06-12,146425,118
1897,cases,BC,2021-06-13,146497,72
1898,cases,BC,2021-06-14,146602,105
1899,cases,BC,2021-06-15,146712,110
1900,cases,BC,2021-06-16,146837,125
1901,cases,BC,2021-06-17,146955,118
1902,cases,BC,2021-06-18,147045,90
1903,cases,BC,2021-06-19,147136,91
1904,cases,BC,2021-06-20,147182,46
1905,cases,BC,2021-06-21,147239,57
1906,cases,BC,2021-06-22,147322,83
1907,cases,BC,2021-06-23,147398,76
1908,cases,BC,2021-06-24,147473,75
1909,cases,BC,2021-06-25,147528,55
1910,cases,BC,2021-06-26,147582,54
1911,cases,BC,2021-06-27,147623,41
1912,cases,BC,2021-06-28,147654,31
1913,cases,BC,2021-06-29,147702,48
1914,cases,BC,2021-06-30,147750,48
1915,cases,BC,2021-07-01,147786,36
1916,cases,BC,2021-07-02,147817,31
1917,cases,BC,2021-07-03,147855,38
1918,cases,BC,2021-07-04,147881,26
1919,cases,BC,2021-07-05,147926,45
1920,cases,BC,2021-07-06,147971,45
1921,cases,BC,2021-07-07,148037,66
1922,cases,BC,2021-07-08,148088,51
1923,cases,BC,2021-07-09,148139,51
1924,cases,BC,2021-07-10,148178,39
1925,cases,BC,2021-07-11,148208,30
1926,cases,BC,2021-07-12,148250,42
1927,cases,BC,2021-07-13,148283,33
1928,cases,BC,2021-07-14,148339,56
1929,cases,BC,2021-07-15,148386,47
1930,cases,BC,2021-07-16,148440,54
1931,cases,BC,2021-07-17,148506,66
1932,cases,BC,2021-07-18,148554,48
1933,cases,BC,2021-07-19,148619,65
1934,cases,BC,2021-07-20,148698,79
1935,cases,BC,2021-07-21,148795,97
1936,cases,BC,2021-07-22,148908,113
1937,cases,BC,2021-07-23,148998,90
1938,cases,BC,2021-07-24,149086,88
1939,cases,BC,2021-07-25,149183,97
1940,cases,BC,2021-07-26,149321,138
1941,cases,BC,2021-07-27,149517,196
1942,cases,BC,2021-07-28,149722,205
1943,cases,BC,2021-07-29,149963,241
1944,cases,BC,2021-07-30,150140,177
1945,cases,BC,2021-07-31,150348,208
1946,cases,BC,2021-08-01,150543,195
1947,cases,BC,2021-08-02,150757,214
1948,cases,BC,2021-08-03,151048,291
1949,cases,BC,2021-08-04,151416,368
1950,cases,BC,2021-08-05,151895,479
1951,cases,BC,2021-08-06,152327,432
1952,cases,BC,2021-08-07,152719,392
1953,cases,BC,2021-08-08,153022,303
1954,cases,BC,2021-08-09,153386,364
1955,cases,BC,2021-08-10,153925,539
1956,cases,BC,2021-08-11,154463,538
1957,cases,BC,2021-08-12,155172,709
1958,cases,BC,2021-08-13,155722,550
1959,cases,BC,2021-08-14,156149,427
1960,cases,BC,2021-08-15,156598,449
1961,cases,BC,2021-08-16,156992,394
1962,cases,BC,2021-08-17,157610,618
1963,cases,BC,2021-08-18,158385,775
1964,cases,BC,2021-08-19,159051,666
1965,cases,BC,2021-08-20,159747,696
1966,cases,BC,2021-08-21,160319,572
1967,cases,BC,2021-08-22,160786,467
1968,cases,BC,2021-08-23,161350,564
1969,cases,BC,2021-08-24,162059,709
1970,cases,BC,2021-08-25,162779,720
1971,cases,BC,2021-08-26,163666,887
1972,cases,BC,2021-08-27,164446,780
1973,cases,BC,2021-08-28,165057,611
1974,cases,BC,2021-08-29,165567,510
1975,cases,BC,2021-08-30,166160,593
1976,cases,BC,2021-08-31,166945,785
1977,cases,BC,2021-09-01,167767,822
1978,cases,BC,2021-09-02,168468,701
1979,cases,BC,2021-09-03,169159,691
1980,cases,BC,2021-09-04,169823,664
1981,cases,BC,2021-09-05,170407,584
1982,cases,BC,2021-09-06,170961,554
1983,cases,BC,2021-09-07,171656,695
1984,cases,BC,2021-09-08,172471,815
1985,cases,BC,2021-09-09,173311,840
1986,cases,BC,2021-09-10,174171,860
1987,cases,BC,2021-09-11,174834,663
1988,cases,BC,2021-09-12,175368,534
1989,cases,BC,2021-09-13,175935,567
1990,cases,BC,2021-09-14,176608,673
1991,cases,BC,2021-09-15,177340,732
1992,cases,BC,2021-09-16,178107,767
1993,cases,BC,2021-09-17,178780,673
1994,cases,BC,2021-09-18,179398,618
1995,cases,BC,2021-09-19,179842,444
1996,cases,BC,2021-09-20,180384,542
1997,cases,BC,2021-09-21,181073,689
1998,cases,BC,2021-09-22,181917,844
1999,cases,BC,2021-09-23,182672,755
2000,cases,BC,2021-09-24,183526,854
2001,cases,BC,2021-09-25,184218,692
2002,cases,BC,2021-09-26,184942,724
2003,cases,BC,2021-09-27,185537,595
2004,cases,BC,2021-09-28,186347,810
2005,cases,BC,2021-09-29,187135,788
2006,cases,BC,2021-09-30,187894,759
2007,cases,BC,2021-10-01,188533,639
2008,cases,BC,2021-10-02,189228,695
2009,cases,BC,2021-10-03,189915,687
2010,cases,BC,2021-10-04,190425,510
2011,cases,BC,2021-10-05,191184,759
2012,cases,BC,2021-10-06,191800,616
2013,cases,BC,2021-10-07,192568,768
2014,cases,BC,2021-10-08,193182,614
2015,cases,BC,2021-10-09,193854,672
2016,cases,BC,2021-10-10,194336,482
2017,cases,BC,2021-10-11,194743,407
2018,cases,BC,2021-10-12,195239,496
2019,cases,BC,2021-10-13,195823,584
2020,cases,BC,2021-10-14,196514,691
2021,cases,BC,2021-10-15,197271,757
2022,cases,BC,2021-10-16,197943,672
2023,cases,BC,2021-10-17,198405,462
2024,cases,BC,2021-10-18,198892,487
2025,cases,BC,2021-10-19,199595,703
2026,cases,BC,2021-10-20,200325,730
2027,cases,BC,2021-10-21,200994,669
2028,cases,BC,2021-10-22,201597,603
2029,cases,BC,2021-10-23,202147,550
2030,cases,BC,2021-10-24,202633,486
2031,cases,BC,2021-10-25,203050,417
2032,cases,BC,2021-10-26,203683,633
2033,cases,BC,2021-10-27,204440,757
2034,cases,BC,2021-10-28,205013,573
2035,cases,BC,2021-10-29,205592,579
2036,cases,BC,2021-10-30,206078,486
2037,cases,BC,2021-10-31,206421,343
2038,cases,BC,2021-11-01,206802,381
2039,cases,BC,2021-11-02,207245,443
2040,cases,BC,2021-11-03,207842,597
2041,cases,BC,2021-11-04,208385,543
2042,cases,BC,2021-11-05,208985,600
2043,cases,BC,2021-11-06,209480,495
2044,cases,BC,2021-11-07,209921,441
2045,cases,BC,2021-11-08,210304,383
2046,cases,BC,2021-11-09,210870,566
2047,cases,BC,2021-11-10,211381,511
2048,cases,BC,2021-11-11,211873,492
2049,cases,BC,2021-11-12,212343,470
2050,cases,BC,2021-11-13,212754,411
2051,cases,BC,2021-11-14,213149,395
2052,cases,BC,2021-11-15,213441,292
2053,cases,BC,2021-11-16,213777,336
2054,cases,BC,2021-11-17,214245,468
2055,cases,BC,2021-11-18,214735,490
2056,cases,BC,2021-11-19,215133,398
2057,cases,BC,2021-11-20,215486,353
2058,cases,BC,2021-11-21,215825,339
2059,cases,BC,2021-11-22,216112,287
2060,cases,BC,2021-11-23,216451,339
2061,cases,BC,2021-11-24,216873,422
2062,cases,BC,2021-11-25,217210,337
2063,cases,BC,2021-11-26,217609,399
2064,cases,BC,2021-11-27,217927,318
2065,cases,BC,2021-11-28,218215,288
2066,cases,BC,2021-11-29,218543,328
2067,cases,BC,2021-11-30,218932,389
2068,cases,BC,2021-12-01,219300,368
2069,cases,BC,2021-12-02,219705,405
2070,cases,BC,2021-12-03,220066,361
2071,cases,BC,2021-12-04,220390,324
2072,cases,BC,2021-12-05,220692,302
2073,cases,BC,2021-12-06,220973,281
2074,cases,BC,2021-12-07,221348,375
2075,cases,BC,2021-12-08,221689,341
2076,cases,BC,2021-12-09,222147,458
2077,cases,BC,2021-12-10,222608,461
2078,cases,BC,2021-12-11,222991,383
2079,cases,BC,2021-12-12,223352,361
2080,cases,BC,2021-12-13,223772,420
2081,cases,BC,2021-12-14,224369,597
2082,cases,BC,2021-12-15,225125,756
2083,cases,BC,2021-12-16,225925,800
2084,cases,BC,2021-12-17,226858,933
2085,cases,BC,2021-12-18,227731,873
2086,cases,BC,2021-12-19,228588,857
2087,cases,BC,2021-12-20,229825,1237
2088,cases,BC,2021-12-21,231378,1553
2089,cases,BC,2021-12-22,233412,2034
2090,cases,BC,2021-12-23,235914,2502
2091,cases,BC,2021-12-24,238488,2574
2092,cases,BC,2021-12-25,240581,2093
2093,cases,BC,2021-12-26,242363,1782
2094,cases,BC,2021-12-27,244263,1900
2095,cases,BC,2021-12-28,247348,3085
2096,cases,BC,2021-12-29,251341,3993
2097,cases,BC,2021-12-30,255163,3822
2098,cases,BC,2021-12-31,259248,4085
2099,cases,BC,2022-01-01,262462,3214
2100,cases,BC,2022-01-02,264792,2330
2101,cases,BC,2022-01-03,267470,2678
2102,cases,BC,2022-01-04,270782,3312
2103,cases,BC,2022-01-05,274111,3329
2104,cases,BC,2022-01-06,277229,3118
2105,cases,BC,2022-01-07,279835,2606
2106,cases,BC,2022-01-08,282263,2428
2107,cases,BC,2022-01-09,284419,2156
2108,cases,BC,2022-01-10,286441,2022
2109,cases,BC,2022-01-11,289141,2700
2110,cases,BC,2022-01-12,291719,2578
2111,cases,BC,2022-01-13,293971,2252
2112,cases,BC,2022-01-14,296404,2433
2113,cases,BC,2022-01-15,298260,1856
2114,cases,BC,2022-01-16,299815,1555
2115,cases,BC,2022-01-17,301598,1783
2116,cases,BC,2022-01-18,304087,2489
2117,cases,BC,2022-01-19,306245,2158
2118,cases,BC,2022-01-20,308595,2350
2119,cases,BC,2022-01-21,310757,2162
2120,cases,BC,2022-01-22,312346,1589
2121,cases,BC,2022-01-23,313772,1426
2122,cases,BC,2022-01-24,315140,1368
2123,cases,BC,2022-01-25,317103,1963
2124,cases,BC,2022-01-26,318954,1851
2125,cases,BC,2022-01-27,320959,2005
2126,cases,BC,2022-01-28,322643,1684
2127,cases,BC,2022-01-29,323971,1328
2128,cases,BC,2022-01-30,325070,1099
2129,cases,BC,2022-01-31,326200,1130
2130,cases,BC,2022-02-01,327972,1772
2131,cases,BC,2022-02-02,329528,1556
2132,cases,BC,2022-02-03,331028,1500
2133,cases,BC,2022-02-04,332354,1326
2134,cases,BC,2022-02-05,333545,1191
2135,cases,BC,2022-02-06,334426,881
2136,cases,BC,2022-02-07,335308,882
2137,cases,BC,2022-02-08,336557,1249
2138,cases,BC,2022-02-09,337899,1342
2139,cases,BC,2022-02-10,338925,1026
2140,cases,BC,2022-02-11,339854,929
2141,cases,BC,2022-02-12,340563,709
2142,cases,BC,2022-02-13,341167,604
2143,cases,BC,2022-02-14,341847,680
2144,cases,BC,2022-02-15,342569,722
2145,cases,BC,2022-02-16,343254,685
2146,cases,BC,2022-02-17,343982,728
2147,cases,BC,2022-02-18,344567,585
2148,cases,BC,2022-02-19,345037,470
2149,cases,BC,2022-02-20,345428,391
2150,cases,BC,2022-02-21,345820,392
2151,cases,BC,2022-02-22,346357,537
2152,cases,BC,2022-02-23,346984,627
2153,cases,BC,2022-02-24,347503,519
2154,cases,BC,2022-02-25,347939,436
2155,cases,BC,2022-02-26,348275,336
2156,cases,BC,2022-02-27,348588,313
2157,cases,BC,2022-02-28,348960,372
2158,cases,BC,2022-03-01,349428,468
2159,cases,BC,2022-03-02,349806,378
2160,cases,BC,2022-03-03,350142,336
2161,cases,BC,2022-03-04,350477,335
2162,cases,BC,2022-03-05,350765,288
2163,cases,BC,2022-03-06,351008,243
2164,cases,BC,2022-03-07,351286,278
2165,cases,BC,2022-03-08,351573,287
2166,cases,BC,2022-03-09,351900,327
2167,cases,BC,2022-03-10,352193,293
2168,cases,BC,2022-03-11,352428,235
2169,cases,BC,2022-03-12,352592,164
2170,cases,BC,2022-03-13,352781,189
2171,cases,BC,2022-03-14,353018,237
2172,cases,BC,2022-03-15,353264,246
2173,cases,BC,2022-03-16,353489,225
2174,cases,BC,2022-03-17,353706,217
2175,cases,BC,2022-03-18,353906,200
2176,cases,BC,2022-03-19,354088,182
2177,cases,BC,2022-03-20,354236,148
2178,cases,BC,2022-03-21,354478,242
2179,cases,BC,2022-03-22,354734,256
2180,cases,BC,2022-03-23,355001,267
2181,cases,BC,2022-03-24,355222,221
2182,cases,BC,2022-03-25,355438,216
2183,cases,BC,2022-03-26,355653,215
2184,cases,BC,2022-03-27,355824,171
2185,cases,BC,2022-03-28,356071,247
2186,cases,BC,2022-03-29,356367,296
2187,cases,BC,2022-03-30,356625,258
2188,cases,BC,2022-03-31,356917,292
2189,cases,BC,2022-04-01,357163,246
2190,cases,BC,2022-04-02,357360,197
2191,cases,BC,2022-04-03,357606,246
2192,cases,BC,2022-04-04,357874,268
2193,cases,BC,2022-04-05,358090,216
2194,cases,BC,2022-04-06,358370,280
2195,cases,BC,2022-04-07,358634,264
2196,cases,BC,2022-04-08,358892,258
2197,cases,BC,2022-04-09,359131,239
2198,cases,BC,2022-04-10,359394,263
2199,cases,BC,2022-04-11,359644,250
2200,cases,BC,2022-04-12,359985,341
2201,cases,BC,2022-04-13,360292,307
2202,cases,BC,2022-04-14,360622,330
2203,cases,BC,2022-04-15,360905,283
2204,cases,BC,2022-04-16,361167,262
2205,cases,BC,2022-04-17,361407,240
2206,cases,BC,2022-04-18,361672,265
2207,cases,BC,2022-04-19,362082,410
2208,cases,BC,2022-04-20,362453,371
2209,cases,BC,2022-04-21,362833,380
2210,cases,BC,2022-04-22,363197,364
2211,cases,BC,2022-04-23,363436,239
2212,cases,BC,2022-04-24,363684,248
2213,cases,BC,2022-04-25,364066,382
2214,cases,BC,2022-04-26,364486,420
2215,cases,BC,2022-04-27,364840,354
2216,cases,BC,2022-04-28,365203,363
2217,cases,BC,2022-04-29,365467,264
2218,cases,BC,2022-04-30,365720,253
2219,cases,BC,2022-05-01,365961,241
2220,cases,BC,2022-05-02,366255,294
2221,cases,BC,2022-05-03,366565,310
2222,cases,BC,2022-05-04,366879,314
2223,cases,BC,2022-05-05,367200,321
2224,cases,BC,2022-05-06,367486,286
2225,cases,BC,2022-05-07,367704,218
2226,cases,BC,2022-05-08,367883,179
2227,cases,BC,2022-05-09,368134,251
2228,cases,BC,2022-05-10,368419,285
2229,cases,BC,2022-05-11,368669,250
2230,cases,BC,2022-05-12,368937,268
2231,cases,BC,2022-05-13,369159,222
2232,cases,BC,2022-05-14,369347,188
2233,cases,BC,2022-05-15,369513,166
2234,cases,BC,2022-05-16,369728,215
2235,cases,BC,2022-05-17,369946,218
2236,cases,BC,2022-05-18,370155,209
2237,cases,BC,2022-05-19,370342,187
2238,cases,BC,2022-05-20,370526,184
2239,cases,BC,2022-05-21,370705,179
2240,cases,BC,2022-05-22,370870,165
2241,cases,BC,2022-05-23,371014,144
2242,cases,BC,2022-05-24,371226,212
2243,cases,BC,2022-05-25,371415,189
2244,cases,BC,2022-05-26,371585,170
2245,cases,BC,2022-05-27,371748,163
2246,cases,BC,2022-05-28,371866,118
2247,cases,BC,2022-05-29,371990,124
2248,cases,BC,2022-05-30,372126,136
2249,cases,BC,2022-05-31,372278,152
2250,cases,BC,2022-06-01,372418,140
2251,cases,BC,2022-06-02,372543,125
2252,cases,BC,2022-06-03,372667,124
2253,cases,BC,2022-06-04,372760,93
2254,cases,BC,2022-06-05,372866,106
2255,cases,BC,2022-06-06,372966,100
2256,cases,BC,2022-06-07,373096,130
2257,cases,BC,2022-06-08,373197,101
2258,cases,BC,2022-06-09,373295,98
2259,cases,BC,2022-06-10,373414,119
2260,cases,BC,2022-06-11,373486,72
2261,cases,BC,2022-06-12,373571,85
2262,cases,BC,2022-06-13,373699,128
2263,cases,BC,2022-06-14,373812,113
2264,cases,BC,2022-06-15,373896,84
2265,cases,BC,2022-06-16,373967,71
2266,cases,BC,2022-06-17,374070,103
2267,cases,BC,2022-06-18,374128,58
2268,cases,BC,2022-06-19,374198,70
2269,cases,BC,2022-06-20,374279,81
2270,cases,BC,2022-06-21,374384,105
2271,cases,BC,2022-06-22,374492,108
2272,cases,BC,2022-06-23,374592,100
2273,cases,BC,2022-06-24,374675,83
2274,cases,BC,2022-06-25,374749,74
2275,cases,BC,2022-06-26,374837,88
2276,cases,BC,2022-06-27,374943,106
2277,cases,BC,2022-06-28,375060,117
2278,cases,BC,2022-06-29,375167,107
2279,cases,BC,2022-06-30,375277,110
2280,cases,BC,2022-07-01,375413,136
2281,cases,BC,2022-07-02,375516,103
2282,cases,BC,2022-07-03,375629,113
2283,cases,BC,2022-07-04,375784,155
2284,cases,BC,2022-07-05,375936,152
2285,cases,BC,2022-07-06,376080,144
2286,cases,BC,2022-07-07,376232,152
2287,cases,BC,2022-07-08,376369,137
2288,cases,BC,2022-07-09,376489,120
2289,cases,BC,2022-07-10,376622,133
2290,cases,BC,2022-07-11,376769,147
2291,cases,BC,2022-07-12,376906,137
2292,cases,BC,2022-07-13,377077,171
2293,cases,BC,2022-07-14,377269,192
2294,cases,BC,2022-07-15,377394,125
2295,cases,BC,2022-07-16,377534,140
2296,cases,BC,2022-07-17,377662,128
2297,cases,BC,2022-07-18,377794,132
2298,cases,BC,2022-07-19,377946,152
2299,cases,BC,2022-07-20,378107,161
2300,cases,BC,2022-07-21,378229,122
2301,cases,BC,2022-07-22,378373,144
2302,cases,BC,2022-07-23,378455,82
2303,cases,BC,2022-07-24,378578,123
2304,cases,BC,2022-07-25,378734,156
2305,cases,BC,2022-07-26,378921,187
2306,cases,BC,2022-07-27,379070,149
2307,cases,BC,2022-07-28,379208,138
2308,cases,BC,2022-07-29,379339,131
2309,cases,BC,2022-07-30,379438,99
2310,cases,BC,2022-07-31,379551,113
2311,cases,BC,2022-08-01,379664,113
2312,cases,BC,2022-08-02,379835,171
2313,cases,BC,2022-08-03,379990,155
2314,cases,BC,2022-08-04,380117,127
2315,cases,BC,2022-08-05,380232,115
2316,cases,BC,2022-08-06,380337,105
2317,cases,BC,2022-08-07,380469,132
2318,cases,BC,2022-08-08,380563,94
2319,cases,BC,2022-08-09,380703,140
2320,cases,BC,2022-08-10,380850,147
2321,cases,BC,2022-08-11,381004,154
2322,cases,BC,2022-08-12,381120,116
2323,cases,BC,2022-08-13,381218,98
2324,cases,BC,2022-08-14,381308,90
2325,cases,BC,2022-08-15,381414,106
2326,cases,BC,2022-08-16,381548,134
2327,cases,BC,2022-08-17,381650,102
2328,cases,BC,2022-08-18,381762,112
2329,cases,BC,2022-08-19,381880,118
2330,cases,BC,2022-08-20,381955,75
2331,cases,BC,2022-08-21,382033,78
2332,cases,BC,2022-08-22,382145,112
2333,cases,BC,2022-08-23,382229,84
2334,cases,BC,2022-08-24,382336,107
2335,cases,BC,2022-08-25,382448,112
2336,cases,BC,2022-08-26,382523,75
2337,cases,BC,2022-08-27,382606,83
2338,cases,BC,2022-08-28,382682,76
2339,cases,BC,2022-08-29,382771,89
2340,cases,BC,2022-08-30,382876,105
2341,cases,BC,2022-08-31,382985,109
2342,cases,BC,2022-09-01,383070,85
2343,cases,BC,2022-09-02,383155,85
2344,cases,BC,2022-09-03,383223,68
2345,cases,BC,2022-09-04,383296,73
2346,cases,BC,2022-09-05,383363,67
2347,cases,BC,2022-09-06,383448,85
2348,cases,BC,2022-09-07,383541,93
2349,cases,BC,2022-09-08,383651,110
2350,cases,BC,2022-09-09,383726,75
2351,cases,BC,2022-09-10,383796,70
2352,cases,BC,2022-09-11,383881,85
2353,cases,BC,2022-09-12,383981,100
2354,cases,BC,2022-09-13,384073,92
2355,cases,BC,2022-09-14,384162,89
2356,cases,BC,2022-09-15,384265,103
2357,cases,BC,2022-09-16,384356,91
2358,cases,BC,2022-09-17,384431,75
2359,cases,BC,2022-09-18,384500,69
2360,cases,BC,2022-09-19,384600,100
2361,cases,BC,2022-09-20,384671,71
2362,cases,BC,2022-09-21,384758,87
2363,cases,BC,2022-09-22,384894,136
2364,cases,BC,2022-09-23,384982,88
2365,cases,BC,2022-09-24,385066,84
2366,cases,BC,2022-09-25,385164,98
2367,cases,BC,2022-09-26,385271,107
2368,cases,BC,2022-09-27,385394,123
2369,cases,BC,2022-09-28,385493,99
2370,cases,BC,2022-09-29,385607,114
2371,cases,BC,2022-09-30,385683,76
2372,cases,BC,2022-10-01,385762,79
2373,cases,BC,2022-10-02,385847,85
2374,cases,BC,2022-10-03,385942,95
2375,cases,BC,2022-10-04,386065,123
2376,cases,BC,2022-10-05,386182,117
2377,cases,BC,2022-10-06,386276,94
2378,cases,BC,2022-10-07,386367,91
2379,cases,BC,2022-10-08,386457,90
2380,cases,BC,2022-10-09,386552,95
2381,cases,BC,2022-10-10,386642,90
2382,cases,BC,2022-10-11,386733,91
2383,cases,BC,2022-10-12,386858,125
2384,cases,BC,2022-10-13,386935,77
2385,cases,BC,2022-10-14,387007,72
2386,cases,BC,2022-10-15,387085,78
2387,cases,BC,2022-10-16,387157,72
2388,cases,BC,2022-10-17,387220,63
2389,cases,BC,2022-10-18,387312,92
2390,cases,BC,2022-10-19,387397,85
2391,cases,BC,2022-10-20,387477,80
2392,cases,BC,2022-10-21,387552,75
2393,cases,BC,2022-10-22,387618,66
2394,cases,BC,2022-10-23,387681,63
2395,cases,BC,2022-10-24,387751,70
2396,cases,BC,2022-10-25,387807,56
2397,cases,BC,2022-10-26,387888,81
2398,cases,BC,2022-10-27,387965,77
2399,cases,BC,2022-10-28,388047,82
2400,cases,BC,2022-10-29,388103,56
2401,cases,BC,2022-10-30,388156,53
2402,cases,BC,2022-10-31,388211,55
2403,cases,BC,2022-11-01,388274,63
2404,cases,BC,2022-11-02,388356,82
2405,cases,BC,2022-11-03,388391,35
2406,cases,BC,2022-11-04,388452,61
2407,cases,BC,2022-11-05,388512,60
2408,cases,BC,2022-11-06,388576,64
2409,cases,BC,2022-11-07,388646,70
2410,cases,BC,2022-11-08,388720,74
2411,cases,BC,2022-11-09,388798,78
2412,cases,BC,2022-11-10,388875,77
2413,cases,BC,2022-11-11,388938,63
2414,cases,BC,2022-11-12,388998,60
2415,cases,BC,2022-11-13,389061,63
2416,cases,BC,2022-11-14,389116,55
2417,cases,BC,2022-11-15,389207,91
2418,cases,BC,2022-11-16,389279,72
2419,cases,BC,2022-11-17,389343,64
2420,cases,BC,2022-11-18,389434,91
2421,cases,BC,2022-11-19,389499,65
2422,cases,BC,2022-11-20,389574,75
2423,cases,BC,2022-11-21,389680,106
2424,cases,BC,2022-11-22,389762,82
2425,cases,BC,2022-11-23,389834,72
2426,cases,BC,2022-11-24,389942,108
2427,cases,BC,2022-11-25,390029,87
2428,cases,BC,2022-11-26,390105,76
2429,cases,BC,2022-11-27,390174,69
2430,cases,BC,2022-11-28,390254,80
2431,cases,BC,2022-11-29,390352,98
2432,cases,BC,2022-11-30,390431,79
2433,cases,BC,2022-12-01,390510,79
2434,cases,BC,2022-12-02,390586,76
2435,cases,BC,2022-12-03,390645,59
2436,cases,BC,2022-12-04,390706,61
2437,cases,BC,2022-12-05,390799,93
2438,cases,BC,2022-12-06,390894,95
2439,cases,BC,2022-12-07,391003,109
2440,cases,BC,2022-12-08,391102,99
2441,cases,BC,2022-12-09,391205,103
2442,cases,BC,2022-12-10,391305,100
2443,cases,BC,2022-12-11,391392,87
2444,cases,BC,2022-12-12,391491,99
2445,cases,BC,2022-12-13,391580,89
2446,cases,BC,2022-12-14,391667,87
2447,cases,BC,2022-12-15,391752,85
2448,cases,BC,2022-12-16,391842,90
2449,cases,BC,2022-12-17,391914,72
2450,cases,BC,2022-12-18,391984,70
2451,cases,BC,2022-12-19,392069,85
2452,cases,BC,2022-12-20,392151,82
2453,cases,BC,2022-12-21,392231,80
2454,cases,BC,2022-12-22,392328,97
2455,cases,BC,2022-12-23,392379,51
2456,cases,BC,2022-12-24,392476,97
2457,cases,BC,2022-12-25,392558,82
2458,cases,BC,2022-12-26,392643,85
2459,cases,BC,2022-12-27,392744,101
2460,cases,BC,2022-12-28,392828,84
2461,cases,BC,2022-12-29,392958,130
2462,cases,BC,2022-12-30,393080,122
2463,cases,BC,2022-12-31,393169,89
2464,cases,BC,2023-01-01,393256,87
2465,cases,BC,2023-01-02,393345,89
2466,cases,BC,2023-01-03,393448,103
2467,cases,BC,2023-01-04,393562,114
2468,cases,BC,2023-01-05,393665,103
2469,cases,BC,2023-01-06,393763,98
2470,cases,BC,2023-01-07,393831,68
2471,cases,BC,2023-01-08,393890,59
2472,cases,BC,2023-01-09,393987,97
2473,cases,BC,2023-01-10,394082,95
2474,cases,BC,2023-01-11,394161,79
2475,cases,BC,2023-01-12,394233,72
2476,cases,BC,2023-01-13,394324,91
2477,cases,BC,2023-01-14,394390,66
2478,cases,BC,2023-01-15,394468,78
2479,cases,BC,2023-01-16,394556,88
2480,cases,BC,2023-01-17,394606,50
2481,cases,BC,2023-01-18,394657,51
2482,cases,BC,2023-01-19,394700,43
2483,cases,BC,2023-01-20,394753,53
2484,cases,BC,2023-01-21,394798,45
2485,cases,BC,2023-01-22,394844,46
2486,cases,BC,2023-01-23,394871,27
2487,cases,BC,2023-01-24,394912,41
2488,cases,BC,2023-01-25,394970,58
2489,cases,BC,2023-01-26,395006,36
2490,cases,BC,2023-01-27,395061,55
2491,cases,BC,2023-01-28,395090,29
2492,cases,BC,2023-01-29,395114,24
2493,cases,BC,2023-01-30,395160,46
2494,cases,BC,2023-01-31,395202,42
2495,cases,BC,2023-02-01,395256,54
2496,cases,BC,2023-02-02,395297,41
2497,cases,BC,2023-02-03,395333,36
2498,cases,BC,2023-02-04,395367,34
2499,cases,BC,2023-02-05,395401,34
2500,cases,BC,2023-02-06,395448,47
2501,cases,BC,2023-02-07,395498,50
2502,cases,BC,2023-02-08,395547,49
2503,cases,BC,2023-02-09,395598,51
2504,cases,BC,2023-02-10,395652,54
2505,cases,BC,2023-02-11,395708,56
2506,cases,BC,2023-02-12,395757,49
2507,cases,BC,2023-02-13,395816,59
2508,cases,BC,2023-02-14,395852,36
2509,cases,BC,2023-02-15,395910,58
2510,cases,BC,2023-02-16,395987,77
2511,cases,BC,2023-02-17,396020,33
2512,cases,BC,2023-02-18,396065,45
2513,cases,BC,2023-02-19,396113,48
2514,cases,BC,2023-02-20,396165,52
2515,cases,BC,2023-02-21,396250,85
2516,cases,BC,2023-02-22,396300,50
2517,cases,BC,2023-02-23,396357,57
2518,cases,BC,2023-02-24,396418,61
2519,cases,BC,2023-02-25,396469,51
2520,cases,BC,2023-02-26,396529,60
2521,cases,BC,2023-02-27,396575,46
2522,cases,BC,2023-02-28,396638,63
2523,cases,BC,2023-03-01,396683,45
2524,cases,BC,2023-03-02,396745,62
2525,cases,BC,2023-03-03,396778,33
2526,cases,BC,2023-03-04,396815,37
2527,cases,BC,2023-03-05,396868,53
2528,cases,BC,2023-03-06,396917,49
2529,cases,BC,2023-03-07,396988,71
2530,cases,BC,2023-03-08,397041,53
2531,cases,BC,2023-03-09,397086,45
2532,cases,BC,2023-03-10,397134,48
2533,cases,BC,2023-03-11,397189,55
2534,cases,BC,2023-03-12,397243,54
2535,cases,BC,2023-03-13,397294,51
2536,cases,BC,2023-03-14,397366,72
2537,cases,BC,2023-03-15,397430,64
2538,cases,BC,2023-03-16,397483,53
2539,cases,BC,2023-03-17,397540,57
2540,cases,BC,2023-03-18,397594,54
2541,cases,BC,2023-03-19,397659,65
2542,cases,BC,2023-03-20,397714,55
2543,cases,BC,2023-03-21,397786,72
2544,cases,BC,2023-03-22,397848,62
2545,cases,BC,2023-03-23,397916,68
2546,cases,BC,2023-03-24,397972,56
2547,cases,BC,2023-03-25,398049,77
2548,cases,BC,2023-03-26,398119,70
2549,cases,BC,2023-03-27,398193,74
2550,cases,BC,2023-03-28,398272,79
2551,cases,BC,2023-03-29,398327,55
2552,cases,BC,2023-03-30,398387,60
2553,cases,BC,2023-03-31,398446,59
2554,cases,BC,2023-04-01,398507,61
2555,cases,BC,2023-04-02,398573,66
2556,cases,BC,2023-04-03,398634,61
2557,cases,BC,2023-04-04,398705,71
2558,cases,BC,2023-04-05,398779,74
2559,cases,BC,2023-04-06,398847,68
2560,cases,BC,2023-04-07,398919,72
2561,cases,BC,2023-04-08,398976,57
2562,cases,BC,2023-04-09,399039,63
2563,cases,BC,2023-04-10,399136,97
2564,cases,BC,2023-04-11,399206,70
2565,cases,BC,2023-04-12,399271,65
2566,cases,BC,2023-04-13,399341,70
2567,cases,BC,2023-04-14,399426,85
2568,cases,BC,2023-04-15,399495,69
2569,cases,BC,2023-04-16,399563,68
2570,cases,BC,2023-04-17,399641,78
2571,cases,BC,2023-04-18,399719,78
2572,cases,BC,2023-04-19,399793,74
2573,cases,BC,2023-04-20,399870,77
2574,cases,BC,2023-04-21,399953,83
2575,cases,BC,2023-04-22,400025,72
2576,cases,BC,2023-04-23,400095,70
2577,cases,BC,2023-04-24,400204,109
2578,cases,BC,2023-04-25,400304,100
2579,cases,BC,2023-04-26,400407,103
2580,cases,BC,2023-04-27,400491,84
2581,cases,BC,2023-04-28,400571,80
2582,cases,BC,2023-04-29,400649,78
2583,cases,BC,2023-04-30,400712,63
2584,cases,BC,2023-05-01,400792,80
2585,cases,BC,2023-05-02,400851,59
2586,cases,BC,2023-05-03,400919,68
2587,cases,BC,2023-05-04,400999,80
2588,cases,BC,2023-05-05,401056,57
2589,cases,BC,2023-05-06,401104,48
2590,cases,BC,2023-05-07,401153,49
2591,cases,BC,2023-05-08,401217,64
2592,cases,BC,2023-05-09,401268,51
2593,cases,BC,2023-05-10,401324,56
2594,cases,BC,2023-05-11,401382,58
2595,cases,BC,2023-05-12,401425,43
2596,cases,BC,2023-05-13,401470,45
2597,cases,BC,2023-05-14,401520,50
2598,cases,BC,2023-05-15,401572,52
2599,cases,BC,2023-05-16,401626,54
2600,cases,BC,2023-05-17,401681,55
2601,cases,BC,2023-05-18,401723,42
2602,cases,BC,2023-05-19,401763,40
2603,cases,BC,2023-05-20,401781,18
2604,cases,BC,2023-05-21,401821,40
2605,cases,BC,2023-05-22,401846,25
2606,cases,BC,2023-05-23,401896,50
2607,cases,BC,2023-05-24,401938,42
2608,cases,BC,2023-05-25,401973,35
2609,cases,BC,2023-05-26,402000,27
2610,cases,BC,2023-05-27,402038,38
2611,cases,BC,2023-05-28,402063,25
2612,cases,BC,2023-05-29,402105,42
2613,cases,BC,2023-05-30,402132,27
2614,cases,BC,2023-05-31,402160,28
2615,cases,BC,2023-06-01,402180,20
2616,cases,BC,2023-06-02,402218,38
2617,cases,BC,2023-06-03,402243,25
2618,cases,BC,2023-06-04,402263,20
2619,cases,BC,2023-06-05,402291,28
2620,cases,BC,2023-06-06,402313,22
2621,cases,BC,2023-06-07,402343,30
2622,cases,BC,2023-06-08,402365,22
2623,cases,BC,2023-06-09,402394,29
2624,cases,BC,2023-06-10,402419,25
2625,cases,BC,2023-06-11,402438,19
2626,cases,BC,2023-06-12,402477,39
2627,cases,BC,2023-06-13,402504,27
2628,cases,BC,2023-06-14,402525,21
2629,cases,BC,2023-06-15,402553,28
2630,cases,BC,2023-06-16,402578,25
2631,cases,BC,2023-06-17,402589,11
2632,cases,BC,2023-06-18,402603,14
2633,cases,BC,2023-06-19,402625,22
2634,cases,BC,2023-06-20,402645,20
2635,cases,BC,2023-06-21,402661,16
2636,cases,BC,2023-06-22,402687,26
2637,cases,BC,2023-06-23,402719,32
2638,cases,BC,2023-06-24,402749,30
2639,cases,BC,2023-06-25,402768,19
2640,cases,BC,2023-06-26,402787,19
2641,cases,BC,2023-06-27,402807,20
2642,cases,BC,2023-06-28,402837,30
2643,cases,BC,2023-06-29,402868,31
2644,cases,BC,2023-06-30,402894,26
2645,cases,BC,2023-07-01,402926,32
2646,cases,BC,2023-07-02,402940,14
2647,cases,BC,2023-07-03,402960,20
2648,cases,BC,2023-07-04,402988,28
2649,cases,BC,2023-07-05,403012,24
2650,cases,BC,2023-07-06,403045,33
2651,cases,BC,2023-07-07,403081,36
2652,cases,BC,2023-07-08,403100,19
2653,cases,BC,2023-07-09,403121,21
2654,cases,BC,2023-07-10,403139,18
2655,cases,BC,2023-07-11,403161,22
2656,cases,BC,2023-07-12,403188,27
2657,cases,BC,2023-07-13,403205,17
2658,cases,BC,2023-07-14,403220,15
2659,cases,BC,2023-07-15,403240,20
2660,cases,BC,2023-07-16,403255,15
2661,cases,BC,2023-07-17,403268,13
2662,cases,BC,2023-07-18,403290,22
2663,cases,BC,2023-07-19,403315,25
2664,cases,BC,2023-07-20,403339,24
2665,cases,BC,2023-07-21,403365,26
2666,cases,BC,2023-07-22,403379,14
2667,cases,BC,2023-07-23,403402,23
2668,cases,BC,2023-07-24,403421,19
2669,cases,BC,2023-07-25,403446,25
2670,cases,BC,2023-07-26,403471,25
2671,cases,BC,2023-07-27,403488,17
2672,cases,BC,2023-07-28,403505,17
2673,cases,BC,2023-07-29,403530,25
2674,cases,BC,2023-07-30,403547,17
2675,cases,BC,2023-07-31,403572,25
2676,cases,BC,2023-08-01,403597,25
2677,cases,BC,2023-08-02,403612,15
2678,cases,BC,2023-08-03,403626,14
2679,cases,BC,2023-08-04,403643,17
2680,cases,BC,2023-08-05,403661,18
2681,cases,BC,2023-08-06,403675,14
2682,cases,BC,2023-08-07,403692,17
2683,cases,BC,2023-08-08,403709,17
2684,cases,BC,2023-08-09,403728,19
2685,cases,BC,2023-08-10,403748,20
2686,cases,BC,2023-08-11,403768,20
2687,cases,BC,2023-08-12,403790,22
2688,cases,BC,2023-08-13,403809,19
2689,cases,BC,2023-08-14,403852,43
2690,cases,BC,2023-08-15,403883,31
2691,cases,BC,2023-08-16,403922,39
2692,cases,BC,2023-08-17,403950,28
2693,cases,BC,2023-08-18,403984,34
2694,cases,BC,2023-08-19,404015,31
2695,cases,BC,2023-08-20,404050,35
2696,cases,BC,2023-08-21,404109,59
2697,cases,BC,2023-08-22,404174,65
2698,cases,BC,2023-08-23,404218,44
2699,cases,BC,2023-08-24,404269,51
2700,cases,BC,2023-08-25,404330,61
2701,cases,BC,2023-08-26,404378,48
2702,cases,BC,2023-08-27,404437,59
2703,cases,BC,2023-08-28,404506,69
2704,cases,BC,2023-08-29,404578,72
2705,cases,BC,2023-08-30,404648,70
2706,cases,BC,2023-08-31,404712,64
2707,cases,BC,2023-09-01,404767,55
2708,cases,BC,2023-09-02,404819,52
2709,cases,BC,2023-09-03,404875,56
2710,cases,BC,2023-09-04,404926,51
2711,cases,BC,2023-09-05,404988,62
2712,cases,BC,2023-09-06,405053,65
2713,cases,BC,2023-09-07,405122,69
2714,cases,BC,2023-09-08,405180,58
2715,cases,BC,2023-09-09,405241,61
2716,cases,BC,2023-09-10,405309,68
2717,cases,BC,2023-09-11,405406,97
2718,cases,BC,2023-09-12,405502,96
2719,cases,BC,2023-09-13,405588,86
2720,cases,BC,2023-09-14,405669,81
2721,cases,BC,2023-09-15,405770,101
2722,cases,BC,2023-09-16,405873,103
2723,cases,BC,2023-09-17,405971,98
2724,cases,BC,2023-09-18,406068,97
2725,cases,BC,2023-09-19,406182,114
2726,cases,BC,2023-09-20,406273,91
2727,cases,BC,2023-09-21,406386,113
2728,cases,BC,2023-09-22,406510,124
2729,cases,BC,2023-09-23,406613,103
2730,cases,BC,2023-09-24,406745,132
2731,cases,BC,2023-09-25,406877,132
2732,cases,BC,2023-09-26,407009,132
2733,cases,BC,2023-09-27,407126,117
2734,cases,BC,2023-09-28,407259,133
2735,cases,BC,2023-09-29,407381,122
2736,cases,BC,2023-09-30,407485,104
2737,cases,BC,2023-10-01,407588,103
2738,cases,BC,2023-10-02,407699,111
2739,cases,BC,2023-10-03,407863,164
2740,cases,BC,2023-10-04,407994,131
2741,cases,BC,2023-10-05,408105,111
2742,cases,BC,2023-10-06,408199,94
2743,cases,BC,2023-10-07,408289,90
2744,cases,BC,2023-10-08,408400,111
2745,cases,BC,2023-10-09,408495,95
2746,cases,BC,2023-10-10,408628,133
2747,cases,BC,2023-10-11,408742,114
2748,cases,BC,2023-10-12,408837,95
2749,cases,BC,2023-10-13,408937,100
2750,cases,BC,2023-10-14,409012,75
2751,cases,BC,2023-10-15,409108,96
2752,cases,BC,2023-10-16,409187,79
2753,cases,BC,2023-10-17,409278,91
2754,cases,BC,2023-10-18,409372,94
2755,cases,BC,2023-10-19,409444,72
2756,cases,BC,2023-10-20,409511,67
2757,cases,BC,2023-10-21,409570,59
2758,cases,BC,2023-10-22,409633,63
2759,cases,BC,2023-10-23,409692,59
2760,cases,BC,2023-10-24,409757,65
2761,cases,BC,2023-10-25,409819,62
2762,cases,BC,2023-10-26,409873,54
2763,cases,BC,2023-10-27,409937,64
2764,cases,BC,2023-10-28,410015,78
2765,cases,BC,2023-10-29,410079,64
2766,cases,BC,2023-10-30,410149,70
2767,cases,BC,2023-10-31,410237,88
2768,cases,BC,2023-11-01,410325,88
2769,cases,BC,2023-11-02,410395,70
2770,cases,BC,2023-11-03,410468,73
2771,cases,BC,2023-11-04,410539,71
2772,cases,BC,2023-11-05,410604,65
2773,cases,BC,2023-11-06,410695,91
2774,cases,BC,2023-11-07,410766,71
2775,cases,BC,2023-11-08,410831,65
2776,cases,BC,2023-11-09,410901,70
2777,cases,BC,2023-11-10,410954,53
2778,cases,BC,2023-11-11,411002,48
2779,cases,BC,2023-11-12,411063,61
2780,cases,BC,2023-11-13,411127,64
2781,cases,BC,2023-11-14,411170,43
2782,cases,BC,2023-11-15,411213,43
2783,cases,BC,2023-11-16,411261,48
2784,cases,BC,2023-11-17,411312,51
2785,cases,BC,2023-11-18,411349,37
2786,cases,BC,2023-11-19,411388,39
2787,cases,BC,2023-11-20,411448,60
2788,cases,BC,2023-11-21,411511,63
2789,cases,BC,2023-11-22,411568,57
2790,cases,BC,2023-11-23,411618,50
2791,cases,BC,2023-11-24,411666,48
2792,cases,BC,2023-11-25,411710,44
2793,cases,BC,2023-11-26,411760,50
2794,cases,BC,2023-11-27,411818,58
2795,cases,BC,2023-11-28,411877,59
2796,cases,BC,2023-11-29,411914,37
2797,cases,BC,2023-11-30,411955,41
2798,cases,BC,2023-12-01,412008,53
2799,cases,BC,2023-12-02,412060,52
2800,cases,BC,2023-12-03,412113,53
2801,cases,BC,2023-12-04,412174,61
2802,cases,BC,2023-12-05,412222,48
2803,cases,BC,2023-12-06,412299,77
2804,cases,BC,2023-12-07,412372,73
2805,cases,BC,2023-12-08,412417,45
2806,cases,BC,2023-12-09,412461,44
2807,cases,BC,2023-12-10,412503,42
2808,cases,BC,2023-12-11,412552,49
2809,cases,BC,2023-12-12,412609,57
2810,cases,BC,2023-12-13,412655,46
2811,cases,BC,2023-12-14,412707,52
2812,cases,BC,2023-12-15,412758,51
2813,cases,BC,2023-12-16,412807,49
2814,cases,BC,2023-12-17,412854,47
2815,cases,BC,2023-12-18,412899,45
2816,cases,BC,2023-12-19,412954,55
2817,cases,BC,2023-12-20,413017,63
2818,cases,BC,2023-12-21,413076,59
2819,cases,BC,2023-12-22,413125,49
2820,cases,BC,2023-12-23,413170,45
2821,cases,BC,2023-12-24,413224,54
2822,cases,BC,2023-12-25,413270,46
2823,cases,BC,2023-12-26,413321,51
2824,cases,BC,2023-12-27,413397,76
2825,cases,BC,2023-12-28,413470,73
2826,cases,BC,2023-12-29,413538,68
2827,cases,BC,2023-12-30,413593,55
2828,cases,BC,2023-12-31,413649,56
